GameName,SteamCurrentViewers,Datetime
Tower Factory,"5,197 viewers ",2024-08-09 12:01
Fields of Mistria,"3,766 viewers ",2024-08-09 12:01
Prince of Persia The Lost Crown,"2,370 viewers ",2024-08-09 12:01
UBOAT,924 viewers ,2024-08-09 12:01
Cat Quest III,913 viewers ,2024-08-09 12:01
"Warhammer 40,000: Speed Freeks",618 viewers ,2024-08-09 12:01
Euro Truck Simulator 2,595 viewers ,2024-08-09 12:01
Knock on the Coffin Lid,573 viewers ,2024-08-09 12:01
Thank Goodness You're Here!,447 viewers ,2024-08-09 12:01
Deathbound,406 viewers ,2024-08-09 12:01
DREDGE,354 viewers ,2024-08-09 12:01
That Time I Got Reincarnated as a Slime ISEKAI Chronicles,353 viewers ,2024-08-09 12:01
Arcade Paradise,311 viewers ,2024-08-09 12:01
Inscryption,289 viewers ,2024-08-09 12:01
Dark Hours,276 viewers ,2024-08-09 12:01
Creatures of Ava,256 viewers ,2024-08-09 12:01
Mini Settlers,245 viewers ,2024-08-09 12:01
Brawlhalla,237 viewers ,2024-08-09 12:01
Enlisted,236 viewers ,2024-08-09 12:01
Slay the Princess,217 viewers ,2024-08-09 12:01
Slay the Princess,220 viewers ,2024-08-09 12:01
V Rising,213 viewers ,2024-08-09 12:01
Backpack Battles,204 viewers ,2024-08-09 12:01
Buckshot Roulette,196 viewers ,2024-08-09 12:01
Stray Cats in Cozy Town,192 viewers ,2024-08-09 12:01
World of Warships,187 viewers ,2024-08-09 12:01
Farming Simulator 22,173 viewers ,2024-08-09 12:01
Atlas Fallen,166 viewers ,2024-08-09 12:01
Visions of Mana,155 viewers ,2024-08-09 12:01
Infection Free Zone,154 viewers ,2024-08-09 12:01
No Rest for the Wicked,122 viewers ,2024-08-09 12:01
The Walking Dead: The Telltale Definitive Series,122 viewers ,2024-08-09 12:01
X4: Foundations,120 viewers ,2024-08-09 12:01
JDM: Japanese Drift Master,115 viewers ,2024-08-09 12:01
FragPunk,114 viewers ,2024-08-09 12:01
Drug Dealer Simulator 2,95 viewers ,2024-08-09 12:01
Until Then,94 viewers ,2024-08-09 12:01
Terra Nil,91 viewers ,2024-08-09 12:01
Car Mechanic Simulator 2021,90 viewers ,2024-08-09 12:01
Fablecraft,85 viewers ,2024-08-09 12:01
No Rest for the Wicked,123 viewers ,2024-08-09 12:01
The Walking Dead: The Telltale Definitive Series,122 viewers ,2024-08-09 12:01
JDM: Japanese Drift Master,122 viewers ,2024-08-09 12:01
X4: Foundations,120 viewers ,2024-08-09 12:01
FragPunk,114 viewers ,2024-08-09 12:01
Drug Dealer Simulator 2,95 viewers ,2024-08-09 12:01
Until Then,94 viewers ,2024-08-09 12:01
Terra Nil,91 viewers ,2024-08-09 12:01
Car Mechanic Simulator 2021,90 viewers ,2024-08-09 12:01
Fablecraft,85 viewers ,2024-08-09 12:01
Skelethrone: The Chronicles of Ericona,83 viewers ,2024-08-09 12:01
Green Hell,82 viewers ,2024-08-09 12:01
Kunitsu-Gami: Path of the Goddess,82 viewers ,2024-08-09 12:01
Crime Boss: Rockay City,74 viewers ,2024-08-09 12:01
RISK: Global Domination,73 viewers ,2024-08-09 12:01
Loopstructor,71 viewers ,2024-08-09 12:01
shapez 2,70 viewers ,2024-08-09 12:01
Travellers Rest,69 viewers ,2024-08-09 12:01
Flintlock: The Siege of Dawn,68 viewers ,2024-08-09 12:01
Kingdom Rush Vengeance,68 viewers ,2024-08-09 12:01
Kingdom Rush Vengeance,64 viewers ,2024-08-09 12:01
Screw Drivers,63 viewers ,2024-08-09 12:01
TerraScape,63 viewers ,2024-08-09 12:01
Thronefall,63 viewers ,2024-08-09 12:01
Retail Company Simulator,63 viewers ,2024-08-09 12:01
Flintlock: The Siege of Dawn,62 viewers ,2024-08-09 12:01
Timberborn,62 viewers ,2024-08-09 12:01
Metaphor: ReFantazio,62 viewers ,2024-08-09 12:01
The Operator,59 viewers ,2024-08-09 12:01
Ale & Tale Tavern: First Pints,59 viewers ,2024-08-09 12:01
Ogu and the Secret Forest,58 viewers ,2024-08-09 12:01
Goat Simulator 3,57 viewers ,2024-08-09 12:01
Astral Ascent,55 viewers ,2024-08-09 12:01
Gas Station Simulator,55 viewers ,2024-08-09 12:01
Gori: Cuddly Carnage,53 viewers ,2024-08-09 12:01
Nightingale,53 viewers ,2024-08-09 12:01
Europa,52 viewers ,2024-08-09 12:01
CONSCRIPT,52 viewers ,2024-08-09 12:01
This Bed We Made,51 viewers ,2024-08-09 12:01
The Crush House,47 viewers ,2024-08-09 12:01
Frontier Hunter: Erza’s Wheel of Fortune,46 viewers ,2024-08-09 12:01
Cooking Simulator,44 viewers ,2024-08-09 12:01
Contraband Police,43 viewers ,2024-08-09 12:01
Operation: Polygon Storm,43 viewers ,2024-08-09 12:01
SMITE,42 viewers ,2024-08-09 12:01
Mini Airways,42 viewers ,2024-08-09 12:01
Ale & Tale Tavern,40 viewers ,2024-08-09 12:01
KitHack Model Club,40 viewers ,2024-08-09 12:01
Linkito,37 viewers ,2024-08-09 12:01
Hollywood Animal,36 viewers ,2024-08-09 12:01
Stick It to the Stickman,35 viewers ,2024-08-09 12:01
Artifact Seeker: Resurrection,35 viewers ,2024-08-09 12:01
Retail Company Simulator: Prologue,34 viewers ,2024-08-09 12:01
Go-Go Town!,33 viewers ,2024-08-09 12:01
Pepper Grinder,33 viewers ,2024-08-09 12:01
Potion Craft: Alchemist Simulator,33 viewers ,2024-08-09 12:01
DEATH STRANDING DIRECTOR'S CUT,33 viewers ,2024-08-09 12:01
Kitaria Fables,33 viewers ,2024-08-09 12:01
1000xRESIST,32 viewers ,2024-08-09 12:01
Deadside,32 viewers ,2024-08-09 12:01
Astro Hunters VR,31 viewers ,2024-08-09 12:01
The Riftbreaker,31 viewers ,2024-08-09 12:01
Gold Mining Simulator,31 viewers ,2024-08-09 12:01
Tropico 6,30 viewers ,2024-08-09 12:01
Homura Hime,30 viewers ,2024-08-09 12:01
Tempest Rising,30 viewers ,2024-08-09 12:01
Eden Genesis,29 viewers ,2024-08-09 12:01
Ember Knights,29 viewers ,2024-08-09 12:01
Mullet Mad Jack,29 viewers ,2024-08-09 12:01
SCHiM,28 viewers ,2024-08-09 12:01
Eiyuden Chronicle: Hundred Heroes,28 viewers ,2024-08-09 12:01
ROBOBEAT,28 viewers ,2024-08-09 12:01
shapez,28 viewers ,2024-08-09 12:01
Men of War II,28 viewers ,2024-08-09 12:01
Trans-Siberian Railway Simulator,27 viewers ,2024-08-09 12:01
Ancestors Legacy,27 viewers ,2024-08-09 12:01
Ultimate General: American Revolution,27 viewers ,2024-08-09 12:01
Shoulders of Giants: Ultimate,27 viewers ,2024-08-09 12:01
Kingdom Rush,26 viewers ,2024-08-09 12:01
Big Ambitions,26 viewers ,2024-08-09 12:01
Caravan Sandwitch,25 viewers ,2024-08-09 12:01
Ad Fundum,25 viewers ,2024-08-09 12:01
Neverlooted Dungeon,25 viewers ,2024-08-09 12:01
Ship Graveyard Simulator 2,24 viewers ,2024-08-09 12:01
Symphony of War: The Nephilim Saga,24 viewers ,2024-08-09 12:01
Diplomacy is Not an Option,23 viewers ,2024-08-09 12:01
Wingspan,23 viewers ,2024-08-09 12:01
Oddsparks: An Automation Adventure,23 viewers ,2024-08-09 12:01
Solasta: Crown of the Magister,23 viewers ,2024-08-09 12:01
The Star Named Eos,22 viewers ,2024-08-09 12:01
Den of Wolves,22 viewers ,2024-08-09 12:01
Greyskin,22 viewers ,2024-08-09 12:01
The Star Named Eos,22 viewers ,2024-08-09 12:01
Punch Club 2: Fast Forward,22 viewers ,2024-08-09 12:01
Ghostrunner 2,22 viewers ,2024-08-09 12:01
Cyber Paradise,21 viewers ,2024-08-09 12:01
Dice & Fold,21 viewers ,2024-08-09 12:01
Control Ultimate Edition,21 viewers ,2024-08-09 12:01
Hatred,21 viewers ,2024-08-09 12:01
Dead Weight,21 viewers ,2024-08-09 12:01
Meme Mayhem,21 viewers ,2024-08-09 12:01
Nordic Ashes,21 viewers ,2024-08-09 12:01
Kingdom Rush Origins,21 viewers ,2024-08-09 12:01
Ghostrunner,20 viewers ,2024-08-09 12:01
Pinball Spire,20 viewers ,2024-08-09 12:01
SunnySide,20 viewers ,2024-08-09 12:01
Firestone: Online Idle RPG,20 viewers ,2024-08-09 12:01
Tavern Talk,19 viewers ,2024-08-09 12:01
Deadlock Station,19 viewers ,2024-08-09 12:01
The Spell Brigade,19 viewers ,2024-08-09 12:01
Railway Empire 2,18 viewers ,2024-08-09 12:01
Into the Restless Ruins,18 viewers ,2024-08-09 12:01
3on3 FreeStyle: Rebound,18 viewers ,2024-08-09 12:01
Gladiator Guild Manager,18 viewers ,2024-08-09 12:01
News Tower,18 viewers ,2024-08-09 12:01
Motordoom,18 viewers ,2024-08-09 12:01
A Twisted Path to Renown,18 viewers ,2024-08-09 12:01
Songs Of Death,18 viewers ,2024-08-09 12:01
Dystopika,17 viewers ,2024-08-09 12:01
Into the Radius VR,17 viewers ,2024-08-09 12:01
Into the Radius VR,17 viewers ,2024-08-09 12:01
Dustland Delivery,17 viewers ,2024-08-09 12:01
HumanitZ,17 viewers ,2024-08-09 12:01
Dungeon Clawler,17 viewers ,2024-08-09 12:01
SHARK SIEGE - TOGETHER SURVIVAL,16 viewers ,2024-08-09 12:01
"Yes, Your Grace: Snowfall",16 viewers ,2024-08-09 12:01
Sengoku Dynasty,16 viewers ,2024-08-09 12:01
Greedland,16 viewers ,2024-08-09 12:01
Gloomhaven,16 viewers ,2024-08-09 12:01
Before Exit: Supermarket,16 viewers ,2024-08-09 12:01
A Space for the Unbound,16 viewers ,2024-08-09 12:01
World War 3,15 viewers ,2024-08-09 12:01
OBS Studio,15 viewers ,2024-08-09 12:01
Children of the Sun,15 viewers ,2024-08-09 12:01
HELLCARD,15 viewers ,2024-08-09 12:01
Closer the Distance,15 viewers ,2024-08-09 12:01
Ghost Watchers,15 viewers ,2024-08-09 12:01
Songs Of Silence,15 viewers ,2024-08-09 12:01
Sticky Business,15 viewers ,2024-08-09 12:01
River Tails: Stronger Together,15 viewers ,2024-08-09 12:01
Greedland,15 viewers ,2024-08-09 12:01
Dead Weight,15 viewers ,2024-08-09 12:01
Wildmender,14 viewers ,2024-08-09 12:01
Critter Cove,14 viewers ,2024-08-09 12:01
Metal Slug Tactics,14 viewers ,2024-08-09 12:01
Dystopika,14 viewers ,2024-08-09 12:01
Element TD 2,14 viewers ,2024-08-09 12:01
Ancestors Legacy,14 viewers ,2024-08-09 12:01
"Yes, Your Grace: Snowfall",14 viewers ,2024-08-09 12:01
The Signal,14 viewers ,2024-08-09 12:01
Glyphica: Typing Survival,14 viewers ,2024-08-09 12:01
PixARK,14 viewers ,2024-08-09 12:01
Freaked Fleapit,14 viewers ,2024-08-09 12:01
Angeline Era,13 viewers ,2024-08-09 12:01
Legion TD 2,13 viewers ,2024-08-09 12:01
The Spell Brigade,13 viewers ,2024-08-09 12:01
Used Cars Simulator,13 viewers ,2024-08-09 12:01
Remnant Records,13 viewers ,2024-08-09 12:01
Swords and Sandals Classic Collection,13 viewers ,2024-08-09 12:01
Stray Path,13 viewers ,2024-08-09 12:01
Emerald Dreams: Sanity -  Platformer Quest,13 viewers ,2024-08-09 12:01
Dungeon Clawler,13 viewers ,2024-08-09 12:01
Blood Typers,13 viewers ,2024-08-09 12:01
Mythwrecked: Ambrosia Island,12 viewers ,2024-08-09 12:01
Director Simulator,12 viewers ,2024-08-09 12:01
Sanctuary: Shattered Sun,12 viewers ,2024-08-09 12:01
Songs Of Silence,12 viewers ,2024-08-09 12:01
Border Pioneer,12 viewers ,2024-08-09 12:01
Beauties! They're All After Me,12 viewers ,2024-08-09 12:01
Escape The Mad Empire,12 viewers ,2024-08-09 12:01
Gym Manager,12 viewers ,2024-08-09 12:01
WrestleQuest,12 viewers ,2024-08-09 12:01
Mythwrecked: Ambrosia Island,12 viewers ,2024-08-09 12:01
Backpack Hero,12 viewers ,2024-08-09 12:01
Border Pioneer,12 viewers ,2024-08-09 12:01
Angeline Era,12 viewers ,2024-08-09 12:01
Cepheus Protocol,12 viewers ,2024-08-09 12:01
Rival Stars Horse Racing,12 viewers ,2024-08-09 12:01
Neko Odyssey,12 viewers ,2024-08-09 12:01
Gloomy Juncture,12 viewers ,2024-08-09 12:01
Last Whisper,11 viewers ,2024-08-09 12:01
SUMMERHOUSE,11 viewers ,2024-08-09 12:01
Stray Path,11 viewers ,2024-08-09 12:01
Chocolate Factory Simulator,10 viewers ,2024-08-09 12:01
Zoo Simulator,10 viewers ,2024-08-09 12:01
Let's Minesweeper,10 viewers ,2024-08-09 12:01
Foundation,10 viewers ,2024-08-09 12:01
Occupy Mars: The Game,10 viewers ,2024-08-09 12:01
Skelethrone: The Prey,10 viewers ,2024-08-09 12:01
Uncover the Smoking Gun,10 viewers ,2024-08-09 12:01
Atomicrops,10 viewers ,2024-08-09 12:01
Sunset Motel: Prologue,10 viewers ,2024-08-09 12:01
Into the Restless Ruins,10 viewers ,2024-08-09 12:01
Be My Horde,10 viewers ,2024-08-09 12:01
Children of the Sun,10 viewers ,2024-08-09 12:01
Quilts and Cats of Calico,10 viewers ,2024-08-09 12:01
World War 3,10 viewers ,2024-08-09 12:01
Into the Dead: Our Darkest Days,10 viewers ,2024-08-09 12:01
Neko Odyssey,10 viewers ,2024-08-09 12:01
Laysara: Summit Kingdom,10 viewers ,2024-08-09 12:01
The Signal,10 viewers ,2024-08-09 12:01
Crimson Tactics: The Rise of The White Banner,9 viewers ,2024-08-09 12:01
Codename: Ocean Keeper,9 viewers ,2024-08-09 12:01
Perennial Order,9 viewers ,2024-08-09 12:01
Sunset Motel,9 viewers ,2024-08-09 12:01
My Horse: Bonded Spirits,9 viewers ,2024-08-09 12:01
Egging On,9 viewers ,2024-08-09 12:01
Beauties! They're All After Me,9 viewers ,2024-08-09 12:01
Let's Minesweeper,9 viewers ,2024-08-09 12:01
Sclash,9 viewers ,2024-08-09 12:01
Atomicrops,9 viewers ,2024-08-09 12:01
Let's Minesweeper,9 viewers ,2024-08-09 12:01
Kaiserpunk,9 viewers ,2024-08-09 12:01
Sunset Motel,9 viewers ,2024-08-09 12:01
Blood Typers,9 viewers ,2024-08-09 12:01
The Life and Suffering of Prince Jerian,8 viewers ,2024-08-09 12:01
Yield!,8 viewers ,2024-08-09 12:01
City Bus Manager,8 viewers ,2024-08-09 12:01
Regency Solitaire II,8 viewers ,2024-08-09 12:01
Occupy Mars: The Game,8 viewers ,2024-08-09 12:01
Nivalis,9 viewers ,2024-08-09 12:01
World of Football,9 viewers ,2024-08-09 12:01
The Cosmic Wheel Sisterhood,9 viewers ,2024-08-09 12:01
The Horror at Highrook,8 viewers ,2024-08-09 12:01
ServiceIT: You can do IT,8 viewers ,2024-08-09 12:01
Endling - Extinction is Forever,8 viewers ,2024-08-09 12:01
Shell Runner,8 viewers ,2024-08-09 12:01
Symphonia,8 viewers ,2024-08-09 12:01
Raiders of Valhalla,8 viewers ,2024-08-09 12:01
SpyParty,8 viewers ,2024-08-09 12:01
Storage Hustle,8 viewers ,2024-08-09 12:01
Deathless,8 viewers ,2024-08-09 12:01
Stars In The Trash,8 viewers ,2024-08-09 12:01
Dream Tactics,8 viewers ,2024-08-09 12:01
SpaceKraft!,8 viewers ,2024-08-09 12:01
SpyParty,8 viewers ,2024-08-09 12:01
MARS 2120,8 viewers ,2024-08-09 12:01
"Love, Ghostie",8 viewers ,2024-08-09 12:01
Rogue Command,8 viewers ,2024-08-09 12:01
Kittens and Yarn,8 viewers ,2024-08-09 12:01
Drakkar Crew,7 viewers ,2024-08-09 12:01
Vagrus - The Riven Realms,7 viewers ,2024-08-09 12:01
Coffee Talk Episode 2: Hibiscus & Butterfly,7 viewers ,2024-08-09 12:01
Hollow Survivors,7 viewers ,2024-08-09 12:01
Farmer's Life,7 viewers ,2024-08-09 12:01
The Sacred Acorn,7 viewers ,2024-08-09 12:01
Reality Break,7 viewers ,2024-08-09 12:01
Kittens and Yarn,7 viewers ,2024-08-09 12:01
Roadwarden,7 viewers ,2024-08-09 12:01
World of Football,7 viewers ,2024-08-09 12:01
World of Football,7 viewers ,2024-08-09 12:01
Sunset Motel: Prologue,7 viewers ,2024-08-09 12:01
Roadwarden,7 viewers ,2024-08-09 12:01
On Your Tail,7 viewers ,2024-08-09 12:01
Armored Warfare,7 viewers ,2024-08-09 12:01
BarnFinders,7 viewers ,2024-08-09 12:01
Symphonia,7 viewers ,2024-08-09 12:01
Kriegsfront Tactics,7 viewers ,2024-08-09 12:01
Battle Shapers,7 viewers ,2024-08-09 12:01
Pyrene,7 viewers ,2024-08-09 12:01
Werewolf: The Apocalypse - Purgatory,7 viewers ,2024-08-09 12:01
Coffee Talk Episode 2: Hibiscus & Butterfly,7 viewers ,2024-08-09 12:01
Critter Crops,7 viewers ,2024-08-09 12:01
Quilts and Cats of Calico,7 viewers ,2024-08-09 12:01
Big Helmet Heroes,7 viewers ,2024-08-09 12:01
Goodbye Volcano High,7 viewers ,2024-08-09 12:01
Promise Mascot Agency,7 viewers ,2024-08-09 12:01
Terrorformer TD,7 viewers ,2024-08-09 12:01
Reality Break,7 viewers ,2024-08-09 12:01
SpellRogue,7 viewers ,2024-08-09 12:01
HYPERVIOLENT,7 viewers ,2024-08-09 12:01
Corsair`s Madness,6 viewers ,2024-08-09 12:01
Untethered,6 viewers ,2024-08-09 12:01
Cyber Knights: Flashpoint,6 viewers ,2024-08-09 12:01
Eiyuden Chronicle: Rising,6 viewers ,2024-08-09 12:01
FINAL KNIGHT,6 viewers ,2024-08-09 12:01
Rent A Car Simulator 24,6 viewers ,2024-08-09 12:01
Craftomation 101,6 viewers ,2024-08-09 12:01
Rise Of The White Sun,6 viewers ,2024-08-09 12:01
Desynced,6 viewers ,2024-08-09 12:01
Eiyuden Chronicle: Rising,6 viewers ,2024-08-09 12:01
Are You Smarter than a 5th Grader?,6 viewers ,2024-08-09 12:01
Lacuna,6 viewers ,2024-08-09 12:01
Egging On,6 viewers ,2024-08-09 12:01
Carth,6 viewers ,2024-08-09 12:01
FINAL KNIGHT,6 viewers ,2024-08-09 12:01
Enter the Chronosphere,6 viewers ,2024-08-09 12:01
Rent A Car Simulator 24,6 viewers ,2024-08-09 12:01
Storage Hustle,6 viewers ,2024-08-09 12:01
Dark Envoy,6 viewers ,2024-08-09 12:01
Dark Envoy,6 viewers ,2024-08-09 12:01
URBO,6 viewers ,2024-08-09 12:01
Endzone - A World Apart,6 viewers ,2024-08-09 12:01
Dethroned,6 viewers ,2024-08-09 12:01
Diesel Legacy: The Brazen Age,6 viewers ,2024-08-09 12:01
Little-Known Galaxy,6 viewers ,2024-08-09 12:01
Renfield: Bring Your Own Blood,6 viewers ,2024-08-09 12:01
Exo One,6 viewers ,2024-08-09 12:01
Rogue Voltage,6 viewers ,2024-08-09 12:01
The Witch of Fern Island,6 viewers ,2024-08-09 12:01
Tower Factory,"5,148 viewers ",2024-08-09 12:01
Fields of Mistria,"3,720 viewers ",2024-08-09 12:01
Prince of Persia The Lost Crown,"2,351 viewers ",2024-08-09 12:01
UBOAT,940 viewers ,2024-08-09 12:01
Cat Quest III,925 viewers ,2024-08-09 12:01
"Warhammer 40,000: Speed Freeks",614 viewers ,2024-08-09 12:01
Euro Truck Simulator 2,598 viewers ,2024-08-09 12:01
Knock on the Coffin Lid,585 viewers ,2024-08-09 12:01
Thank Goodness You're Here!,486 viewers ,2024-08-09 12:01
Deathbound,422 viewers ,2024-08-09 12:01
LunarLux,5 viewers ,2024-08-09 12:01
Deconstruction Simulator,5 viewers ,2024-08-09 12:01
Valley Peaks,5 viewers ,2024-08-09 12:01
Astro Looter: Survivor,5 viewers ,2024-08-09 12:01
Townsmen VR,5 viewers ,2024-08-09 12:01
Disco Simulator,5 viewers ,2024-08-09 12:01
Espresso Tycoon,5 viewers ,2024-08-09 12:01
Grow: Song of the Evertree,5 viewers ,2024-08-09 12:01
Anarchy: Wolf's law : Prologue,5 viewers ,2024-08-09 12:01
Lords of Ravage,5 viewers ,2024-08-09 12:01
Tower Factory,"5,223 viewers ",2024-08-09 12:01
Fields of Mistria,"3,693 viewers ",2024-08-09 12:01
Prince of Persia The Lost Crown,"2,364 viewers ",2024-08-09 12:01
UBOAT,943 viewers ,2024-08-09 12:01
Cat Quest III,922 viewers ,2024-08-09 12:01
"Warhammer 40,000: Speed Freeks",614 viewers ,2024-08-09 12:01
Euro Truck Simulator 2,596 viewers ,2024-08-09 12:01
Knock on the Coffin Lid,577 viewers ,2024-08-09 12:01
Thank Goodness You're Here!,501 viewers ,2024-08-09 12:01
Deathbound,423 viewers ,2024-08-09 12:01
Tower Factory,"5,200 viewers ",2024-08-09 12:01
Fields of Mistria,"3,688 viewers ",2024-08-09 12:01
Prince of Persia The Lost Crown,"2,287 viewers ",2024-08-09 12:01
UBOAT,930 viewers ,2024-08-09 12:01
Cat Quest III,923 viewers ,2024-08-09 12:01
"Warhammer 40,000: Speed Freeks",632 viewers ,2024-08-09 12:01
Knock on the Coffin Lid,605 viewers ,2024-08-09 12:01
Euro Truck Simulator 2,600 viewers ,2024-08-09 12:01
Thank Goodness You're Here!,467 viewers ,2024-08-09 12:01
Deathbound,402 viewers ,2024-08-09 12:01
Tower Factory,"5,126 viewers ",2024-08-09 12:01
Fields of Mistria,"3,705 viewers ",2024-08-09 12:01
Prince of Persia The Lost Crown,"2,344 viewers ",2024-08-09 12:01
UBOAT,935 viewers ,2024-08-09 12:01
Cat Quest III,930 viewers ,2024-08-09 12:01
"Warhammer 40,000: Speed Freeks",627 viewers ,2024-08-09 12:01
Euro Truck Simulator 2,614 viewers ,2024-08-09 12:01
Knock on the Coffin Lid,570 viewers ,2024-08-09 12:01
Thank Goodness You're Here!,463 viewers ,2024-08-09 12:01
Deathbound,391 viewers ,2024-08-09 12:01
DREDGE,391 viewers ,2024-08-09 12:01
That Time I Got Reincarnated as a Slime ISEKAI Chronicles,346 viewers ,2024-08-09 12:01
Inscryption,300 viewers ,2024-08-09 12:01
Arcade Paradise,283 viewers ,2024-08-09 12:01
Mini Settlers,280 viewers ,2024-08-09 12:01
JDM: Rise of the Scorpion,261 viewers ,2024-08-09 12:01
Enlisted,249 viewers ,2024-08-09 12:01
Creatures of Ava,233 viewers ,2024-08-09 12:01
Dark Hours,219 viewers ,2024-08-09 12:01
Brawlhalla,217 viewers ,2024-08-09 12:01
Tower Factory,"5,126 viewers ",2024-08-09 12:01
Fields of Mistria,"3,705 viewers ",2024-08-09 12:01
Prince of Persia The Lost Crown,"2,344 viewers ",2024-08-09 12:01
UBOAT,935 viewers ,2024-08-09 12:01
Cat Quest III,930 viewers ,2024-08-09 12:01
"Warhammer 40,000: Speed Freeks",627 viewers ,2024-08-09 12:01
Euro Truck Simulator 2,614 viewers ,2024-08-09 12:01
Knock on the Coffin Lid,570 viewers ,2024-08-09 12:01
Thank Goodness You're Here!,463 viewers ,2024-08-09 12:01
Deathbound,391 viewers ,2024-08-09 12:01
Tower Factory,"5,197 viewers ",2024-08-09 12:01
Fields of Mistria,"3,766 viewers ",2024-08-09 12:01
Prince of Persia The Lost Crown,"2,370 viewers ",2024-08-09 12:01
UBOAT,924 viewers ,2024-08-09 12:01
Cat Quest III,913 viewers ,2024-08-09 12:01
"Warhammer 40,000: Speed Freeks",618 viewers ,2024-08-09 12:01
Euro Truck Simulator 2,595 viewers ,2024-08-09 12:01
Knock on the Coffin Lid,573 viewers ,2024-08-09 12:01
Thank Goodness You're Here!,447 viewers ,2024-08-09 12:01
Deathbound,406 viewers ,2024-08-09 12:01
DREDGE,391 viewers ,2024-08-09 12:01
That Time I Got Reincarnated as a Slime ISEKAI Chronicles,346 viewers ,2024-08-09 12:01
Inscryption,300 viewers ,2024-08-09 12:01
Arcade Paradise,283 viewers ,2024-08-09 12:01
Mini Settlers,280 viewers ,2024-08-09 12:01
JDM: Rise of the Scorpion,261 viewers ,2024-08-09 12:01
Enlisted,249 viewers ,2024-08-09 12:01
Creatures of Ava,233 viewers ,2024-08-09 12:01
Dark Hours,219 viewers ,2024-08-09 12:01
Brawlhalla,217 viewers ,2024-08-09 12:01
Tower Factory,"5,148 viewers ",2024-08-09 12:01
Fields of Mistria,"3,720 viewers ",2024-08-09 12:01
Prince of Persia The Lost Crown,"2,351 viewers ",2024-08-09 12:01
UBOAT,940 viewers ,2024-08-09 12:01
Cat Quest III,925 viewers ,2024-08-09 12:01
"Warhammer 40,000: Speed Freeks",614 viewers ,2024-08-09 12:01
Euro Truck Simulator 2,598 viewers ,2024-08-09 12:01
Knock on the Coffin Lid,585 viewers ,2024-08-09 12:01
Thank Goodness You're Here!,486 viewers ,2024-08-09 12:01
Deathbound,422 viewers ,2024-08-09 12:01
Tower Factory,"5,126 viewers ",2024-08-09 12:01
Fields of Mistria,"3,705 viewers ",2024-08-09 12:01
Prince of Persia The Lost Crown,"2,344 viewers ",2024-08-09 12:01
UBOAT,935 viewers ,2024-08-09 12:01
Cat Quest III,930 viewers ,2024-08-09 12:01
"Warhammer 40,000: Speed Freeks",627 viewers ,2024-08-09 12:01
Euro Truck Simulator 2,614 viewers ,2024-08-09 12:01
Knock on the Coffin Lid,570 viewers ,2024-08-09 12:01
Thank Goodness You're Here!,463 viewers ,2024-08-09 12:01
Deathbound,391 viewers ,2024-08-09 12:01
Tower Factory,"5,126 viewers ",2024-08-09 12:01
Fields of Mistria,"3,705 viewers ",2024-08-09 12:01
Prince of Persia The Lost Crown,"2,344 viewers ",2024-08-09 12:01
UBOAT,935 viewers ,2024-08-09 12:01
Cat Quest III,930 viewers ,2024-08-09 12:01
"Warhammer 40,000: Speed Freeks",627 viewers ,2024-08-09 12:01
Euro Truck Simulator 2,614 viewers ,2024-08-09 12:01
Knock on the Coffin Lid,570 viewers ,2024-08-09 12:01
Thank Goodness You're Here!,463 viewers ,2024-08-09 12:01
Deathbound,391 viewers ,2024-08-09 12:01
Tower Factory,"5,126 viewers ",2024-08-09 12:01
Fields of Mistria,"3,705 viewers ",2024-08-09 12:01
Prince of Persia The Lost Crown,"2,344 viewers ",2024-08-09 12:01
UBOAT,935 viewers ,2024-08-09 12:01
Cat Quest III,930 viewers ,2024-08-09 12:01
"Warhammer 40,000: Speed Freeks",627 viewers ,2024-08-09 12:01
Euro Truck Simulator 2,614 viewers ,2024-08-09 12:01
Knock on the Coffin Lid,570 viewers ,2024-08-09 12:01
Thank Goodness You're Here!,463 viewers ,2024-08-09 12:01
Deathbound,391 viewers ,2024-08-09 12:01
Tower Factory,"5,110 viewers ",2024-08-09 12:01
Fields of Mistria,"3,705 viewers ",2024-08-09 12:01
Prince of Persia The Lost Crown,"2,355 viewers ",2024-08-09 12:01
UBOAT,941 viewers ,2024-08-09 12:01
Cat Quest III,931 viewers ,2024-08-09 12:01
"Warhammer 40,000: Speed Freeks",627 viewers ,2024-08-09 12:01
Euro Truck Simulator 2,623 viewers ,2024-08-09 12:01
Knock on the Coffin Lid,563 viewers ,2024-08-09 12:01
Thank Goodness You're Here!,461 viewers ,2024-08-09 12:01
Deathbound,392 viewers ,2024-08-09 12:01
Tower Factory,"5,110 viewers ",2024-08-09 12:01
Fields of Mistria,"3,705 viewers ",2024-08-09 12:01
Prince of Persia The Lost Crown,"2,355 viewers ",2024-08-09 12:01
UBOAT,941 viewers ,2024-08-09 12:01
Cat Quest III,931 viewers ,2024-08-09 12:01
"Warhammer 40,000: Speed Freeks",627 viewers ,2024-08-09 12:01
Euro Truck Simulator 2,623 viewers ,2024-08-09 12:01
Knock on the Coffin Lid,563 viewers ,2024-08-09 12:01
Thank Goodness You're Here!,461 viewers ,2024-08-09 12:01
Deathbound,392 viewers ,2024-08-09 12:01
Tower Factory,"5,126 viewers ",2024-08-09 12:01
Fields of Mistria,"3,705 viewers ",2024-08-09 12:01
Prince of Persia The Lost Crown,"2,344 viewers ",2024-08-09 12:01
UBOAT,935 viewers ,2024-08-09 12:01
Cat Quest III,930 viewers ,2024-08-09 12:01
"Warhammer 40,000: Speed Freeks",627 viewers ,2024-08-09 12:01
Euro Truck Simulator 2,614 viewers ,2024-08-09 12:01
Knock on the Coffin Lid,570 viewers ,2024-08-09 12:01
Thank Goodness You're Here!,463 viewers ,2024-08-09 12:01
Deathbound,391 viewers ,2024-08-09 12:01
Tower Factory,"5,110 viewers ",2024-08-09 12:01
Fields of Mistria,"3,705 viewers ",2024-08-09 12:01
Prince of Persia The Lost Crown,"2,355 viewers ",2024-08-09 12:01
UBOAT,941 viewers ,2024-08-09 12:01
Cat Quest III,931 viewers ,2024-08-09 12:01
"Warhammer 40,000: Speed Freeks",627 viewers ,2024-08-09 12:01
Euro Truck Simulator 2,623 viewers ,2024-08-09 12:01
Knock on the Coffin Lid,563 viewers ,2024-08-09 12:01
Thank Goodness You're Here!,461 viewers ,2024-08-09 12:01
Deathbound,392 viewers ,2024-08-09 12:01
