Name,App_Id,Platform,Datetime
The First Descendant,2074920,['win'],2024-08-05 12:03
Once Human,2139460,['win'],2024-08-05 12:03
PUBG: BATTLEGROUNDS,578080,['win'],2024-08-05 12:03
NARAKA: BLADEPOINT,1203220,['win'],2024-08-05 12:03
Counter-Strike 2,730,"['win', 'linux']",2024-08-05 12:03
Apex Legends™,1172470,['win'],2024-08-05 12:03
Snowbreak: Containment Zone,2668080,['win'],2024-08-05 12:03
ELDEN RING,1245620,['win'],2024-08-05 12:03
Minds Beneath Us,1610440,['win'],2024-08-05 12:03
Lost Castle 2,2445690,['win'],2024-08-05 12:03
DEAD OR ALIVE Xtreme Venus Vacation,958260,['win'],2024-08-05 12:03
Black Myth: Wukong,2358720,['win'],2024-08-05 12:03
Warframe,230410,['win'],2024-08-05 12:03
Conqueror's Blade,835570,['win'],2024-08-05 12:03
Sekiro™: Shadows Die Twice - GOTY Edition,814380,['win'],2024-08-05 12:03
Dead by Daylight,381210,['win'],2024-08-05 12:03
ELDEN RING Shadow of the Erdtree,2778580,['win'],2024-08-05 12:03
Grand Theft Auto V,271590,['win'],2024-08-05 12:03
War Thunder,236390,"['win', 'mac', 'linux', 'group_separator']",2024-08-05 12:03
Euro Truck Simulator 2,227300,"['win', 'mac', 'linux']",2024-08-05 12:03
7 Days to Die,251570,"['win', 'mac', 'linux']",2024-08-05 12:03
Pixel Gun 3D: PC Edition,2524890,['win'],2024-08-05 12:03
ROMANCE OF THE THREE KINGDOMS XIV,872410,['win'],2024-08-05 12:03
Eternal Return,1049590,['win'],2024-08-05 12:03
Nine Sols,1809540,"['win', 'mac']",2024-08-05 12:03
Cataclismo,1422440,['win'],2024-08-05 12:03
Kingdom Rush 5: Alliance TD,2849080,"['win', 'mac']",2024-08-05 12:03
Marvel's Guardians of the Galaxy,1088850,['win'],2024-08-05 12:03
GrandChase,985810,['win'],2024-08-05 12:03
Forza Horizon 5,1551360,['win'],2024-08-05 12:03
Street Fighter™ 6,1364780,['win'],2024-08-05 12:03
Yu-Gi-Oh! Master Duel,1449850,['win'],2024-08-05 12:03
Enshrouded,1203620,['win'],2024-08-05 12:03
REMNANT II®,1282100,['win'],2024-08-05 12:03
Baldur's Gate 3,1086940,"['win', 'mac']",2024-08-05 12:03
Fate/Samurai Remnant,1902690,['win'],2024-08-05 12:03
Overcooked! 2,728880,"['win', 'mac', 'linux']",2024-08-05 12:03
Palworld,1623730,['win'],2024-08-05 12:03
Hero's Land,2349820,['win'],2024-08-05 12:03
Dark and Darker,2016590,['win'],2024-08-05 12:03
Cities: Skylines II,949230,['win'],2024-08-05 12:03
ASTRA: Knights of Veda,2484250,['win'],2024-08-05 12:03
Call of Duty®: Modern Warfare® III,2519060,['win'],2024-08-05 12:03
Atelier Sophie 2: The Alchemist of the Mysterious Dream,1621310,['win'],2024-08-05 12:03
Age of Empires II: Definitive Edition,813780,['win'],2024-08-05 12:03
Atelier Resleriana: Forgotten Alchemy and the Polar Night Liberator,2594920,['win'],2024-08-05 12:03
Party Animals,1260320,['win'],2024-08-05 12:03
hololive Treasure Mountain,2972990,"['win', 'mac']",2024-08-05 12:03
Ancestors Legacy,620590,['win'],2024-08-05 12:03
Diablo® IV,2344520,['win'],2024-08-05 12:03
Torchlight: Infinite,1974050,['win'],2024-08-05 12:03
WARRIORS OROCHI 4,831560,['win'],2024-08-05 12:03
Chained Together,2567870,['win'],2024-08-05 12:03
Norland,1857090,['win'],2024-08-05 12:03
Sun Haven,1432860,"['win', 'mac']",2024-08-05 12:03
CUSTOM ORDER MAID 3D2 It's a Night Magic,1097580,"['win', 'group_separator']",2024-08-05 12:03
Himegashima Island,2991400,['win'],2024-08-05 12:03
Wallpaper Engine,431960,['win'],2024-08-05 12:03
Summoners War,2426960,['win'],2024-08-05 12:03
World of Warships,552990,['win'],2024-08-05 12:03
Ghost of Tsushima DIRECTOR'S CUT,2215430,['win'],2024-08-05 12:03
Wandering Sword,1876890,['win'],2024-08-05 12:03
HELLDIVERS™ 2,553850,['win'],2024-08-05 12:03
Stray,1332010,"['win', 'mac']",2024-08-05 12:03
The Sims™ 4,1222670,['win'],2024-08-05 12:03
That Time I Got Reincarnated as a Slime ISEKAI Chronicles,2197680,['win'],2024-08-05 12:03
Devil May Cry 5,601150,['win'],2024-08-05 12:03
Deep Rock Galactic,548430,['win'],2024-08-05 12:03
Astral Ascent,1280930,"['win', 'mac', 'linux']",2024-08-05 12:03
Stellaris,281990,"['win', 'mac', 'linux']",2024-08-05 12:03
Age of Mythology: Retold,1934680,['win'],2024-08-05 12:03
SCUM,513710,['win'],2024-08-05 12:03
Element TD 2 - Tower Defense,1018830,['win'],2024-08-05 12:03
Destiny 2,1085660,['win'],2024-08-05 12:03
The Walking Dead: The Telltale Definitive Series,1449690,['win'],2024-08-05 12:03
DYNASTY WARRIORS 8: Xtreme Legends Complete Edition,278080,['win'],2024-08-05 12:03
Black Desert,582660,['win'],2024-08-05 12:03
Rust,252490,"['win', 'mac']",2024-08-05 12:03
Chronicon,375480,"['win', 'linux']",2024-08-05 12:03
Tom Clancy's Rainbow Six® Siege,359550,['win'],2024-08-05 12:03
Deep Rock Galactic: Survivor,2321470,['win'],2024-08-05 12:03
Dome Keeper,1637320,"['win', 'mac', 'linux']",2024-08-05 12:03
Phoenix Wright: Ace Attorney Trilogy,787480,['win'],2024-08-05 12:03
Monster Hunter: World,582010,['win'],2024-08-05 12:03
Xuan-Yuan Sword: Mists Beyond the Mountains,1638230,['win'],2024-08-05 12:03
Overwatch® 2,2357570,['win'],2024-08-05 12:03
Age of Empires IV: Anniversary Edition,1466860,['win'],2024-08-05 12:03
Romance of the Three Kingdoms XIII,363150,['win'],2024-08-05 12:03
Resident Evil 4,2050650,['win'],2024-08-05 12:03
Doomsday: Last Survivors,2439510,['win'],2024-08-05 12:03
Fishing Planet,380600,"['win', 'mac', 'linux']",2024-08-05 12:03
Raft,648800,['win'],2024-08-05 12:03
NBA 2K25,2878980,['win'],2024-08-05 12:03
RiichiCity - ACG mahjong games,1954420,"['win', 'mac', 'linux']",2024-08-05 12:03
Atelier Ryza 3: Alchemist of the End & the Secret Key,1999770,['win'],2024-08-05 12:03
Atelier Ryza: Ever Darkness & the Secret Hideout,1121560,['win'],2024-08-05 12:03
Ready or Not,1144200,['win'],2024-08-05 12:03
Apollo Justice: Ace Attorney Trilogy,2187220,['win'],2024-08-05 12:03
Cyberpunk 2077,1091500,['win'],2024-08-05 12:03
Nioh 2 – The Complete Edition,1325200,['win'],2024-08-05 12:03
"Warhammer 40,000: Space Marine 2",2183900,['win'],2024-08-05 12:03
Tom Clancy’s The Division® 2,2221490,['win'],2024-08-05 12:03
Ember Knights,1135230,['win'],2024-08-05 12:03
Stardew Valley,413150,"['win', 'mac', 'linux']",2024-08-05 12:03
HITMAN World of Assassination,1659040,"['win', 'group_separator']",2024-08-05 12:03
Manor Lords,1363080,['win'],2024-08-05 12:03
Summoners War: Chronicles,2167580,"['win', 'mac']",2024-08-05 12:03
"Ranch Simulator: Build, Hunt, Farm",1119730,['win'],2024-08-05 12:03
Bloons TD 6,960090,"['win', 'mac']",2024-08-05 12:03
Legion TD 2 - Multiplayer Tower Defense,469600,"['win', 'mac']",2024-08-05 12:03
Yu-Gi-Oh! Duel Links,601510,['win'],2024-08-05 12:03
EARTH DEFENSE FORCE 6,2291060,['win'],2024-08-05 12:03
Resident Evil 7 Biohazard,418370,['win'],2024-08-05 12:03
Assassin's Creed Valhalla,2208920,['win'],2024-08-05 12:03
V Rising,1604030,['win'],2024-08-05 12:03
DAVE THE DIVER,1868140,"['win', 'mac']",2024-08-05 12:03
Sword and Fairy 7,1543030,['win'],2024-08-05 12:03
OCTOPATH TRAVELER II,1971650,['win'],2024-08-05 12:03
Shin Megami Tensei V: Vengeance,1875830,['win'],2024-08-05 12:03
Street Fighter™ 6 - Year 2 Ultimate Pass,2825200,['win'],2024-08-05 12:03
GUNDAM BREAKER 4,1672500,['win'],2024-08-05 12:03
Albion Online,761890,"['win', 'mac', 'linux']",2024-08-05 12:03
Street Fighter™ 6 - Year 2 Character Pass,2825190,['win'],2024-08-05 12:03
Call of Duty®,1938090,['win'],2024-08-05 12:03
Car Mechanic Simulator 2021,1190000,['win'],2024-08-05 12:03
DYNASTY WARRIORS 9,730310,['win'],2024-08-05 12:03
UBOAT,494840,['win'],2024-08-05 12:03
Myth of Empires,1371580,['win'],2024-08-05 12:03
Granblue Fantasy: Relink,881020,['win'],2024-08-05 12:03
ARK: Survival Evolved,346110,"['win', 'mac']",2024-08-05 12:03
Kunitsu-Gami: Path of the Goddess,2510710,['win'],2024-08-05 12:03
Arma 3,107410,"['win', 'mac']",2024-08-05 12:03
The Riftbreaker,780310,['win'],2024-08-05 12:03
A Little to the Left,1629520,"['win', 'mac']",2024-08-05 12:03
Atelier Sophie: The Alchemist of the Mysterious Book DX,1502970,['win'],2024-08-05 12:03
Sons Of The Forest,1326470,['win'],2024-08-05 12:03
Lethal Company,1966720,['win'],2024-08-05 12:03
Atelier Marie Remake: The Alchemist of Salburg,2138090,['win'],2024-08-05 12:03
Project Zomboid,108600,"['win', 'mac', 'linux']",2024-08-05 12:03
Visions of Mana,2490990,['win'],2024-08-05 12:03
Wo Long: Fallen Dynasty,1448440,['win'],2024-08-05 12:03
Atelier Firis: The Alchemist and the Mysterious Journey DX,1502980,['win'],2024-08-05 12:03
Conan Exiles,440900,['win'],2024-08-05 12:03
Kingdom Rush Vengeance - Tower Defense,1367550,"['win', 'mac']",2024-08-05 12:03
Defender's Quest: Valley of the Forgotten (DX edition),218410,"['win', 'mac', 'linux']",2024-08-05 12:03
WARRIORS OROCHI 3 Ultimate Definitive Edition,1879330,['win'],2024-08-05 12:03
Team Fortress 2,440,"['win', 'linux']",2024-08-05 12:03
DYNASTY WARRIORS 9 Empires,1341200,['win'],2024-08-05 12:03
Volcano Princess,1669980,['win'],2024-08-05 12:03
Stormgate,2012510,['win'],2024-08-05 12:03
Last Train Home,1469610,['win'],2024-08-05 12:03
Europa Universalis IV,236850,"['win', 'mac', 'linux']",2024-08-05 12:03
Soulworker,1377580,['win'],2024-08-05 12:03
Hearts of Iron IV,394360,"['win', 'mac', 'linux']",2024-08-05 12:03
Assetto Corsa,244210,"['win', 'group_separator']",2024-08-05 12:03
Super Bunny Man,673750,"['win', 'mac', 'linux']",2024-08-05 12:03
Dota 2,570,"['win', 'mac', 'linux']",2024-08-05 12:03
Atelier Ryza 2: Lost Legends & the Secret Fairy,1257290,['win'],2024-08-05 12:03
Insurgency: Sandstorm,581320,['win'],2024-08-05 12:03
Terraria,105600,"['win', 'mac', 'linux']",2024-08-05 12:03
Soulmask,2646460,['win'],2024-08-05 12:03
Phantasy Star Online 2 New Genesis,1056640,['win'],2024-08-05 12:03
Monster Hunter World: Iceborne,1118010,['win'],2024-08-05 12:03
World of Tanks,1407200,['win'],2024-08-05 12:03
Cyberpunk 2077: Phantom Liberty,2138330,['win'],2024-08-05 12:03
Ultimate Chicken Horse,386940,"['win', 'mac', 'linux']",2024-08-05 12:03
Legend of Mortal Soundtrack,2983230,['music'],2024-08-05 12:03
Song Of The Prairie,1350840,['win'],2024-08-05 12:03
Ogu and the Secret Forest,1985960,"['win', 'mac']",2024-08-05 12:03
The Outlast Trials,1304930,['win'],2024-08-05 12:03
Assassin's Creed® Unity,289650,['win'],2024-08-05 12:03
Age of Empires IV:  The Sultans Ascend,1959430,['win'],2024-08-05 12:03
Last Epoch,899770,"['win', 'linux']",2024-08-05 12:03
No Creeps Were Harmed TD,1932260,['win'],2024-08-05 12:03
Thronefall,2239150,"['win', 'mac']",2024-08-05 12:03
Hell Let Loose,686810,['win'],2024-08-05 12:03
Shadowverse CCG,453480,"['win', 'mac']",2024-08-05 12:03
World of Tanks Blitz,444200,"['win', 'mac']",2024-08-05 12:03
NBA 2K24,2338770,['win'],2024-08-05 12:03
Atelier Lydie & Suelle: The Alchemists and the Mysterious Paintings DX,1502990,['win'],2024-08-05 12:03
Don't Starve Together,322330,"['win', 'mac', 'linux']",2024-08-05 12:03
Granado Espada,663090,['win'],2024-08-05 12:03
Phasmophobia,739630,"['win', 'group_separator']",2024-08-05 12:03
MONSTER HUNTER RISE,1446780,['win'],2024-08-05 12:03
DRAGON BALL: Sparking! ZERO,1790600,['win'],2024-08-05 12:03
Hogwarts Legacy,990080,['win'],2024-08-05 12:03
The Elder Scrolls® Online,306130,"['win', 'mac']",2024-08-05 12:03
Richman10,1162520,"['win', 'mac']",2024-08-05 12:03
Artisan TD,2224640,['win'],2024-08-05 12:03
Resident Evil 2,883710,['win'],2024-08-05 12:03
Sky: Children of the Light,2325290,['win'],2024-08-05 12:03
RimWorld,294100,"['win', 'mac', 'linux']",2024-08-05 12:03
Call of Duty®: Black Ops 6,2933620,['win'],2024-08-05 12:03
Hades II,1145350,['win'],2024-08-05 12:03
The Great Ace Attorney Chronicles,1158850,['win'],2024-08-05 12:03
Bodycam,2406770,['win'],2024-08-05 12:03
DREDGE,1562430,['win'],2024-08-05 12:03
World War Z,699130,['win'],2024-08-05 12:03
Emberward,2459550,['win'],2024-08-05 12:03
Overcooked! All You Can Eat,1243830,['win'],2024-08-05 12:03
Overcooked! All You Can Eat,1243830,['win'],2024-08-05 12:03
Call of Duty®: Modern Warfare® III - Tracer Pack: Underboss Pro Pack,2790710,['win'],2024-08-05 12:03
Guild Wars 2,1284210,['win'],2024-08-05 12:03
Watch_Dogs® 2,447040,['win'],2024-08-05 12:03
The Witness,210970,"['win', 'mac']",2024-08-05 12:03
Monument Valley: Panoramic Edition,1927720,['win'],2024-08-05 12:03
Nine Tereasures of Liuyin,2949580,['win'],2024-08-05 12:03
ACE COMBAT™ 7: SKIES UNKNOWN,502500,['win'],2024-08-05 12:03
Viking Rise: Valhalla,2819520,['win'],2024-08-05 12:03
The Crew™ 2,646910,['win'],2024-08-05 12:03
The Sims™ 4 Lovestruck Expansion Pack,2815270,['win'],2024-08-05 12:03
NUKITASHI,2399220,['win'],2024-08-05 12:03
Diplomacy is Not an Option,1272320,['win'],2024-08-05 12:03
Brawlhalla,291550,"['win', 'mac']",2024-08-05 12:03
The Long Dark,305620,"['win', 'mac', 'linux']",2024-08-05 12:03
Content Warning,2881650,['win'],2024-08-05 12:03
ContractVille,2698780,['win'],2024-08-05 12:03
"Little Kitty, Big City",1177980,['win'],2024-08-05 12:03
VRChat,438100,"['win', 'group_separator']",2024-08-05 12:03
BLUE REFLECTION,658260,['win'],2024-08-05 12:03
Frontier Hunter: Erza’s Wheel of Fortune,1429500,"['win', 'mac']",2024-08-05 12:03
Resident Evil 3,952060,['win'],2024-08-05 12:03
Cities: Skylines,255710,"['win', 'mac', 'linux']",2024-08-05 12:03
Chants of Sennaar,1931770,['win'],2024-08-05 12:03
Pax Dei,1995520,['win'],2024-08-05 12:03
MEGA MAN X DiVE Offline,2183650,['win'],2024-08-05 12:03
Living With Sister: Monochrome Fantasy,2429860,['win'],2024-08-05 12:03
Muse Dash,774171,"['win', 'mac']",2024-08-05 12:03
Planet Coaster,493340,"['win', 'mac']",2024-08-05 12:03
GUILTY GEAR -STRIVE-,1384160,['win'],2024-08-05 12:03
Resident Evil Village,1196590,['win'],2024-08-05 12:03
Sea of Thieves: 2024 Edition,1172620,['win'],2024-08-05 12:03
Hollow Knight,367520,"['win', 'mac', 'linux']",2024-08-05 12:03
Call of Duty®: Warzone™,1962663,['win'],2024-08-05 12:03
Workers & Resources: Soviet Republic,784150,['win'],2024-08-05 12:03
Crusader Kings III,1158310,"['win', 'mac', 'linux']",2024-08-05 12:03
Marvel’s Spider-Man Remastered,1817070,['win'],2024-08-05 12:03
DEATH STRANDING DIRECTOR'S CUT,1850570,['win'],2024-08-05 12:03
Racine,1793170,['win'],2024-08-05 12:03
Infection Free Zone,1465460,['win'],2024-08-05 12:03
Green Hell,815370,['win'],2024-08-05 12:03
Persona 5 Royal,1687950,['win'],2024-08-05 12:03
Kingdom Two Crowns,701160,"['win', 'mac', 'linux']",2024-08-05 12:03
Garry's Mod,4000,"['win', 'mac', 'linux']",2024-08-05 12:03
Shop Titans,1258080,['win'],2024-08-05 12:03
Monument Valley 2: Panoramic Edition,1927740,['win'],2024-08-05 12:03
Contraband Police,756800,['win'],2024-08-05 12:03
Fallout 76,1151340,['win'],2024-08-05 12:03
PowerWash Simulator,1290000,['win'],2024-08-05 12:03
No Rest for the Wicked,1371980,['win'],2024-08-05 12:03
Utawarerumono: Prelude to the Fallen,1151450,['win'],2024-08-05 12:03
Mega Man Battle Network Legacy Collection Vol. 1,1798010,['win'],2024-08-05 12:03
Element TD 2 - Mazing Expansion,2177070,['win'],2024-08-05 12:03
Life Makeover,2626940,['win'],2024-08-05 12:03
Core Keeper,1621690,"['win', 'linux']",2024-08-05 12:03
Total War: WARHAMMER III,1142710,"['win', 'mac', 'linux']",2024-08-05 12:03
Ready or Not: Home Invasion,3015760,['win'],2024-08-05 12:03
NBA 2K23,1919590,['win'],2024-08-05 12:03
Keep Talking and Nobody Explodes,341800,"['win', 'mac', 'linux', 'group_separator']",2024-08-05 12:03
WARRIORS ALL-STARS,610190,['win'],2024-08-05 12:03
Ancestors Legacy - Digital Soundtrack,799331,['music'],2024-08-05 12:03
Titan Quest Anniversary Edition,475150,['win'],2024-08-05 12:03
Utawarerumono: Mask of Deception,1149550,['win'],2024-08-05 12:03
Cooking Simulator,641320,['win'],2024-08-05 12:03
The Quarry,1577120,['win'],2024-08-05 12:03
Tricky Towers,437920,"['win', 'mac', 'linux']",2024-08-05 12:03
Rabi-Ribi,400910,['win'],2024-08-05 12:03
ONE PIECE: PIRATE WARRIORS 4,1089090,['win'],2024-08-05 12:03
Battle Teams 2,1969870,['win'],2024-08-05 12:03
Astral Party ,2622000,['win'],2024-08-05 12:03
Lost Castle / 失落城堡,434650,"['win', 'mac']",2024-08-05 12:03
It Takes Two Friend's Pass,2995920,['win'],2024-08-05 12:03
The Operator,1771980,"['win', 'mac', 'linux']",2024-08-05 12:03
Gunfire Reborn,1217060,['win'],2024-08-05 12:03
Golf With Your Friends,431240,"['win', 'mac', 'linux']",2024-08-05 12:03
Euro Truck Simulator 2 - Scandinavia,304212,"['win', 'mac', 'linux']",2024-08-05 12:03
Planet Zoo,703080,['win'],2024-08-05 12:03
"Knowledge, or know Lady",2786680,['win'],2024-08-05 12:03
Horizon Forbidden West™ Complete Edition,2420110,['win'],2024-08-05 12:03
The Last of Us™ Part I,1888930,['win'],2024-08-05 12:03
Marvel’s Spider-Man: Miles Morales,1817190,['win'],2024-08-05 12:03
NUKITASHI 2,2614070,['win'],2024-08-05 12:03
THE FINALS,2073850,['win'],2024-08-05 12:03
Left 4 Dead 2,550,"['win', 'linux']",2024-08-05 12:03
Summer Memories,1227890,['win'],2024-08-05 12:03
"Warhammer 40,000: Chaos Gate - Daemonhunters",1611910,['win'],2024-08-05 12:03
Love Is All Around,2322560,"['win', 'mac', 'linux']",2024-08-05 12:03
Palia,2707930,['win'],2024-08-05 12:03
Barotrauma,602960,"['win', 'mac', 'linux']",2024-08-05 12:03
ARK: Survival Ascended,2399830,['win'],2024-08-05 12:03
ARMORED CORE™ VI FIRES OF RUBICON™,1888160,['win'],2024-08-05 12:03
Atelier Escha & Logy: Alchemists of the Dusk Sky DX,1152310,['win'],2024-08-05 12:03
House Flipper 2,1190970,['win'],2024-08-05 12:03
Ancestors Legacy - Saladin's Conquest,1049810,['win'],2024-08-05 12:03
Yaoling: Mythical Journey,2816950,['win'],2024-08-05 12:03
Euro Truck Simulator 2 - West Balkans,2004210,"['win', 'mac', 'linux']",2024-08-05 12:03
Trove,304050,['win'],2024-08-05 12:03
Vampire Survivors,1794680,"['win', 'mac']",2024-08-05 12:03
Oxygen Not Included,457140,"['win', 'mac', 'linux']",2024-08-05 12:03
The Bookwalker: Thief of Tales,1432100,['win'],2024-08-05 12:03
FINAL FANTASY VI,1173820,['win'],2024-08-05 12:03
F1® 24,2488620,"['win', 'group_separator']",2024-08-05 12:03
Nioh: Complete Edition,485510,['win'],2024-08-05 12:03
Escape the Backrooms,1943950,['win'],2024-08-05 12:03
Forza Horizon 4,1293830,['win'],2024-08-05 12:03
PlateUp!,1599600,['win'],2024-08-05 12:03
Mount & Blade II: Bannerlord,261550,['win'],2024-08-05 12:03
Winter Memories,2495450,['win'],2024-08-05 12:03
Destiny 2: The Final Shape,2336880,['win'],2024-08-05 12:03
Utawarerumono: Mask of Truth,1151440,['win'],2024-08-05 12:03
Enlisted,2051620,"['win', 'linux']",2024-08-05 12:03
Sailing Era,2161440,['win'],2024-08-05 12:03
Atelier Ayesha: The Alchemist of Dusk DX,1152300,['win'],2024-08-05 12:03
It Takes Two,1426210,['win'],2024-08-05 12:03
Satisfactory,526870,['win'],2024-08-05 12:03
Puyo Puyo™ Tetris® 2,1259790,['win'],2024-08-05 12:03
Arizona Sunshine® 2,1540210,"['win', 'group_separator']",2024-08-05 12:03
Pax Dei: Artisan to Master Upgrade Pack,2919400,['win'],2024-08-05 12:03
For The King II,1676840,['win'],2024-08-05 12:03
God of War Ragnarök,2322010,['win'],2024-08-05 12:03
Remnant: From the Ashes,617290,['win'],2024-08-05 12:03
Mindustry,1127400,"['win', 'mac', 'linux']",2024-08-05 12:03
Atelier Lulua ~The Scion of Arland~,1045620,['win'],2024-08-05 12:03
Richman 11,2074800,"['win', 'mac']",2024-08-05 12:03
Kingdom Rush Origins - Tower Defense,816340,"['win', 'mac', 'linux']",2024-08-05 12:03
Chronicon - The Mechanist,2206120,"['win', 'linux']",2024-08-05 12:03
Construction Simulator,1273400,['win'],2024-08-05 12:03
Chronicon - Ancient Beasts,1599010,"['win', 'linux']",2024-08-05 12:03
Mini Airways,2289650,"['win', 'mac', 'linux']",2024-08-05 12:03
Ghost Trick: Phantom Detective,1967430,['win'],2024-08-05 12:03
Police Simulator: Patrol Officers,997010,['win'],2024-08-05 12:03
A Little to the Left: Seeing Stars,2828160,"['win', 'mac']",2024-08-05 12:03
Need for Speed™ Heat,1222680,['win'],2024-08-05 12:03
American Truck Simulator,270880,"['win', 'mac', 'linux']",2024-08-05 12:03
X-Plane 12,2014780,"['win', 'mac', 'linux', 'group_separator']",2024-08-05 12:03
Yokai Art: Night Parade of One Hundred Demons,1812060,['win'],2024-08-05 12:03
Atelier Rorona ~The Alchemist of Arland~ DX,936160,['win'],2024-08-05 12:03
Darkest Dungeon®,262060,"['win', 'mac', 'linux']",2024-08-05 12:03
Battlefield™ 2042,1517290,['win'],2024-08-05 12:03
Portal Knights,374040,['win'],2024-08-05 12:03
Atelier Shallie: Alchemists of the Dusk Sea DX,1152320,['win'],2024-08-05 12:03
Chef Life: A Restaurant Simulator,1122340,['win'],2024-08-05 12:03
eFootball™ 2024,1665460,['win'],2024-08-05 12:03
Dead Frontier 2,744900,['win'],2024-08-05 12:03
Limbus Company,1973530,['win'],2024-08-05 12:03
Hero's Adventure: Road to Passion,1948980,['win'],2024-08-05 12:03
The Bridge Curse 2: The Extrication,2331330,['win'],2024-08-05 12:03
Ancestors Legacy - Digital Artbook,799330,['win'],2024-08-05 12:03
Ship of Fools,1286580,['win'],2024-08-05 12:03
WITCH ON THE HOLY NIGHT,2052410,['win'],2024-08-05 12:03
Starward,2764370,['win'],2024-08-05 12:03
Action Taimanin,1335200,['win'],2024-08-05 12:03
Trine 5: A Clockwork Conspiracy,1436700,['win'],2024-08-05 12:03
Abiotic Factor,427410,['win'],2024-08-05 12:03
The Sims™ 4 Horse Ranch Expansion Pack,1990600,['win'],2024-08-05 12:03
The Sims™ 4 Get To Work,1235734,['win'],2024-08-05 12:03
Nobody Wants to Die,1939970,['win'],2024-08-05 12:03
Soul Dossier,1520470,['win'],2024-08-05 12:03
Grounded,962130,['win'],2024-08-05 12:03
Company of Heroes 3,1677280,['win'],2024-08-05 12:03
Borderlands 3,397540,['win'],2024-08-05 12:03
Malware,3019370,['win'],2024-08-05 12:03
Cult of the Lamb,1313140,"['win', 'mac']",2024-08-05 12:03
F1® Manager 2024,2591280,['win'],2024-08-05 12:03
Muse Dash - Muse Plus,2593750,"['win', 'mac']",2024-08-05 12:03
Bravery and Greed,943370,['win'],2024-08-05 12:03
WHITE ALBUM: Memories like Falling Snow,2432110,['win'],2024-08-05 12:03
Railway Empire 2,1644320,['win'],2024-08-05 12:03
Jagged Alliance 3,1084160,['win'],2024-08-05 12:03
Slime Rancher 2,1657630,['win'],2024-08-05 12:03
Thank Goodness You're Here!,2366980,"['win', 'mac']",2024-08-05 12:03
Operation: Tango,1335790,['win'],2024-08-05 12:03
Cat Quest III,2305840,['win'],2024-08-05 12:03
Desert Island in Summer?,2346500,['win'],2024-08-05 12:03
Euro Truck Simulator 2 - Road to the Black Sea,1056760,"['win', 'mac', 'linux']",2024-08-05 12:03
JR EAST Train Simulator,2111630,['win'],2024-08-05 12:03
The Walking Dead,207610,"['win', 'mac']",2024-08-05 12:03
Call of Duty®: Modern Warfare® III - BlackCell (Season 5),2790720,['win'],2024-08-05 12:03
Human Fall Flat,477160,"['win', 'mac']",2024-08-05 12:03
Ratopia,2244130,"['win', 'mac']",2024-08-05 12:03
The Casting of Frank Stone™,2223840,['win'],2024-08-05 12:03
Microsoft Flight Simulator 40th Anniversary Edition,1250410,"['win', 'group_separator']",2024-08-05 12:03
Euro Truck Simulator 2 - Beyond the Baltic Sea,925580,"['win', 'mac', 'linux']",2024-08-05 12:03
Escape Simulator,1435790,"['win', 'mac', 'linux', 'group_separator']",2024-08-05 12:03
The Dark Pictures Anthology: The Devil in Me,1567020,['win'],2024-08-05 12:03
Backpack Battles,2427700,"['win', 'linux']",2024-08-05 12:03
The Hungry Lamb: Traveling in the Late Ming Dynasty,2593370,['win'],2024-08-05 12:03
The Witcher 3: Wild Hunt,292030,['win'],2024-08-05 12:03
Kingdom Rush  - Tower Defense,246420,"['win', 'mac', 'linux']",2024-08-05 12:03
The Survivalists,897450,['win'],2024-08-05 12:03
Mega Man X Legacy Collection,743890,['win'],2024-08-05 12:03
WWE 2K24,2315690,['win'],2024-08-05 12:03
A Way Out,1222700,['win'],2024-08-05 12:03
Forza Motorsport,2440510,['win'],2024-08-05 12:03
CosmicBreak Universal,1140620,['win'],2024-08-05 12:03
Oxygen Not Included: The Frosty Planet Pack,2952300,"['win', 'mac', 'linux']",2024-08-05 12:03
DYNASTY WARRIORS 7: Xtreme Legends Definitive Edition,968790,['win'],2024-08-05 12:03
Root,965580,"['win', 'mac']",2024-08-05 12:03
 Promise with My Sister,2843130,"['win', 'mac']",2024-08-05 12:03
Kenshi,233860,['win'],2024-08-05 12:03
Ace Attorney Investigations Collection,2401970,['win'],2024-08-05 12:03
Witch It,559650,['win'],2024-08-05 12:03
Avatar: Frontiers of Pandora™,2840770,['win'],2024-08-05 12:03
The Planet Crafter,1284190,['win'],2024-08-05 12:03
RimWorld - Anomaly,2380740,"['win', 'mac', 'linux']",2024-08-05 12:03
Combat Master: Season 2,2281730,"['win', 'mac', 'linux']",2024-08-05 12:03
Empires of the Undergrowth,463530,"['win', 'mac']",2024-08-05 12:03
Stellaris: Astral Planes,2534090,"['win', 'mac', 'linux']",2024-08-05 12:03
Chrono Ark,1188930,['win'],2024-08-05 12:03
Atelier Meruru ~The Apprentice of Arland~ DX,936190,['win'],2024-08-05 12:03
Atelier Totori ~The Adventurer of Arland~ DX,936180,['win'],2024-08-05 12:03
Asterigos: Curse of the Stars,1731070,['win'],2024-08-05 12:03
Factorio,427520,"['win', 'mac', 'linux']",2024-08-05 12:03
Age of Empires II: Definitive Edition - Victors and Vanquished,2805510,['win'],2024-08-05 12:03
KINGDOM HEARTS III + Re Mind (DLC),2552450,['win'],2024-08-05 12:03
THE KING OF FIGHTERS XV,1498570,['win'],2024-08-05 12:03
Outpost: Infinity Siege,1566690,['win'],2024-08-05 12:03
Xuan-Yuan Sword: The Gate of Firmament,427030,['win'],2024-08-05 12:03
Path of Giants,1181400,"['win', 'mac']",2024-08-05 12:03
The Walking Dead: The Final Season,866800,['win'],2024-08-05 12:03
The Forest,242760,"['win', 'group_separator']",2024-08-05 12:03
SpongeBob SquarePants: The Cosmic Shake,1282150,['win'],2024-08-05 12:03
MARVEL SNAP,1997040,['win'],2024-08-05 12:03
LET IT DIE,794600,['win'],2024-08-05 12:03
Bad North: Jotunn Edition,688420,"['win', 'mac']",2024-08-05 12:03
False Myth,1257200,['win'],2024-08-05 12:03
Borderlands 2,49520,"['win', 'mac', 'linux']",2024-08-05 12:03
Roots of Pacha,1245560,"['win', 'mac', 'linux']",2024-08-05 12:03
Euro Truck Simulator 2 - Going East!,227310,"['win', 'mac', 'linux']",2024-08-05 12:03
Lost Judgment,2058190,['win'],2024-08-05 12:03
Frostpunk 2,1601580,"['win', 'mac']",2024-08-05 12:03
MOBILE SUIT GUNDAM BATTLE OPERATION 2,1367080,['win'],2024-08-05 12:03
Way of the Hunter,1288320,['win'],2024-08-05 12:03
Dusk Pub,1974520,"['win', 'mac']",2024-08-05 12:03
Way of the Samurai 4,312780,['win'],2024-08-05 12:03
Angel Legion,1333350,"['win', 'mac']",2024-08-05 12:03
Car Manufacture,983380,['win'],2024-08-05 12:03
Lossless Scaling,993090,['win'],2024-08-05 12:03
Gears 5,1097840,['win'],2024-08-05 12:03
THE FINALS - Metro Drifter Set,3080260,['win'],2024-08-05 12:03
DEVOUR,1274570,"['win', 'mac', 'group_separator']",2024-08-05 12:03
Toram Online,1827180,['win'],2024-08-05 12:03
Headbangers: Rhythm Royale,1761620,['win'],2024-08-05 12:03
FINAL FANTASY III,1173790,['win'],2024-08-05 12:03
Resident Evil 0,339340,['win'],2024-08-05 12:03
South Park™: The Fractured But Whole™,488790,['win'],2024-08-05 12:03
Astral Ascent - Yamat the Breach Traveler,3073420,"['win', 'mac', 'linux']",2024-08-05 12:03
PICO PARK,1509960,['win'],2024-08-05 12:03
Age of Empires II: Definitive Edition - Return of Rome,2141580,['win'],2024-08-05 12:03
Call of Duty®: Modern Warfare® II,1962660,['win'],2024-08-05 12:03
House Party,611790,['win'],2024-08-05 12:03
RimWorld - Biotech,1826140,"['win', 'mac', 'linux']",2024-08-05 12:03
No Man's Sky,275850,"['win', 'mac', 'group_separator']",2024-08-05 12:03
DCS World Steam Edition,223750,"['win', 'group_separator']",2024-08-05 12:03
GTFO,493520,['win'],2024-08-05 12:03
Destroy All Humans!,803330,['win'],2024-08-05 12:03
Slime Rancher,433340,"['win', 'mac', 'linux']",2024-08-05 12:03
Assassin's Creed® Syndicate,368500,['win'],2024-08-05 12:03
Tabletop Simulator,286160,"['win', 'mac', 'linux', 'group_separator']",2024-08-05 12:03
Nelke & the Legendary Alchemists ~Ateliers of the New World~,886820,['win'],2024-08-05 12:03
GRANDIA HD Remaster,1034860,['win'],2024-08-05 12:03
Artifact Seeker: Resurrection,3054610,['win'],2024-08-05 12:03
Supermarket Simulator,2670630,['win'],2024-08-05 12:03
Call of Duty®: Black Ops III,311210,"['win', 'mac']",2024-08-05 12:03
FAIRY TAIL,1233260,['win'],2024-08-05 12:03
Kingdom Rush Vengeance - Hammerhold Campaign,2695220,"['win', 'mac']",2024-08-05 12:03
Figure Adventure,2996570,['win'],2024-08-05 12:03
Loop Hero,1282730,"['win', 'mac', 'linux']",2024-08-05 12:03
Kingdom Rush Frontiers - Tower Defense,458710,"['win', 'mac', 'linux']",2024-08-05 12:03
The Walking Dead: A New Frontier,536220,['win'],2024-08-05 12:03
Realm of the Mad God Exalt,200210,"['win', 'mac']",2024-08-05 12:03
Soulstone Survivors,2066020,"['win', 'mac', 'linux']",2024-08-05 12:03
Remnant Records,1916310,['win'],2024-08-05 12:03
BLUE REFLECTION: Second Light,1423600,['win'],2024-08-05 12:03
VARIOUS DAYLIFE,1897050,['win'],2024-08-05 12:03
Brotato,1942280,['win'],2024-08-05 12:03
Kakuriyo Village ~Moratorium of Adolescence~,2326590,['win'],2024-08-05 12:03
Guilty Gear -Strive- Season Pass 4,3060720,['win'],2024-08-05 12:03
Saving Mrs. Hinako,2626240,['win'],2024-08-05 12:03
KINGDOM HEARTS -HD 1.5+2.5 ReMIX-,2552430,['win'],2024-08-05 12:03
RIDE 5,1650010,['win'],2024-08-05 12:03
Ib,1901370,['win'],2024-08-05 12:03
DEVIATOR,2620730,['win'],2024-08-05 12:03
Poppy Playtime,1721470,['win'],2024-08-05 12:03
A Dance of Fire and Ice,977950,"['win', 'mac', 'linux']",2024-08-05 12:03
Aliens: Fireteam Elite,1549970,['win'],2024-08-05 12:03
Halo Infinite,1240440,['win'],2024-08-05 12:03
Euro Truck Simulator 2 - Iberia,1209460,"['win', 'mac', 'linux']",2024-08-05 12:03
City Bus Manager,1364210,"['win', 'mac']",2024-08-05 12:03
FINAL FANTASY V,1173810,['win'],2024-08-05 12:03
UNDECEMBER,1549250,['win'],2024-08-05 12:03
Minimalist Tower Defense,2617400,['win'],2024-08-05 12:03
Azure Orphanage,2398590,['win'],2024-08-05 12:03
Stronghold: Definitive Edition,2140020,['win'],2024-08-05 12:03
Sid Meier’s Civilization® VI,289070,"['win', 'mac', 'linux']",2024-08-05 12:03
Esports Godfather,1278540,['win'],2024-08-05 12:03
The Walking Dead: Season Two,261030,"['win', 'mac']",2024-08-05 12:03
VTube Studio,1325860,"['win', 'mac']",2024-08-05 12:03
Mega Man X Legacy Collection 2,743900,['win'],2024-08-05 12:03
Valheim,892970,"['win', 'mac', 'linux']",2024-08-05 12:03
Gunpoint,206190,"['win', 'mac', 'linux']",2024-08-05 12:03
BlazBlue Entropy Effect,2273430,"['win', 'mac']",2024-08-05 12:03
Peglin,1296610,"['win', 'mac']",2024-08-05 12:03
Digimon Story Cyber Sleuth: Complete Edition,1042550,['win'],2024-08-05 12:03
Ultimate Admiral: Dreadnoughts,1069660,['win'],2024-08-05 12:03
Dragon's Dogma: Dark Arisen,367500,['win'],2024-08-05 12:03
Jurassic World Evolution,648350,['win'],2024-08-05 12:03
Totally Accurate Battle Simulator,508440,"['win', 'mac']",2024-08-05 12:03
Stellaris: Overlord,1889490,"['win', 'mac', 'linux']",2024-08-05 12:03
Age of Empires II: Definitive Edition - The Mountain Royals,2555420,['win'],2024-08-05 12:03
War Robots,767560,['win'],2024-08-05 12:03
Assassin's Creed® Odyssey,812140,['win'],2024-08-05 12:03
Starship Troopers: Terran Command,1202130,['win'],2024-08-05 12:03
Frostpunk,323190,"['win', 'mac']",2024-08-05 12:03
SnowRunner,1465360,"['win', 'mac']",2024-08-05 12:03
Dragon's Dogma 2,2054970,['win'],2024-08-05 12:03
Knights of Honor II: Sovereign,736820,['win'],2024-08-05 12:03
Blasphemous 2,2114740,['win'],2024-08-05 12:03
Kingdom Heroes 8,875210,['win'],2024-08-05 12:03
Battle Chess: Game of Kings™,200150,['win'],2024-08-05 12:03
Age of Empires III: Definitive Edition,933110,['win'],2024-08-05 12:03
Castle Empire,2566270,['win'],2024-08-05 12:03
Desperados III,610370,"['win', 'mac', 'linux']",2024-08-05 12:03
Bella Wants Blood,3007660,"['win', 'mac', 'linux']",2024-08-05 12:03
ASTLIBRA Revision,1718570,['win'],2024-08-05 12:03
Euro Truck Simulator 2 - Vive la France !,531130,"['win', 'mac', 'linux']",2024-08-05 12:03
EA SPORTS FC™ 25,2669320,['win'],2024-08-05 12:03
Fishing Planet: Japan Odyssey Pack,2922540,"['win', 'mac', 'linux']",2024-08-05 12:03
Lost Castle 2: Original Soundtrack,3063440,['music'],2024-08-05 12:03
DAVE THE DIVER Digital Extra,2492320,"['win', 'mac']",2024-08-05 12:03
DRAGON BALL Z: KAKAROT,851850,['win'],2024-08-05 12:03
Let's Go! My Harem Farm,2659960,['win'],2024-08-05 12:03
Age of Mythology: Extended Edition,266840,['win'],2024-08-05 12:03
The Wandering Village,1121640,"['win', 'mac', 'linux']",2024-08-05 12:03
Trombone Champ,1059990,"['win', 'mac']",2024-08-05 12:03
Beat Saber,620980,"['win', 'group_separator']",2024-08-05 12:03
Suicide Squad: Kill the Justice League,315210,['win'],2024-08-05 12:03
STRANGER OF PARADISE FINAL FANTASY ORIGIN,1358700,['win'],2024-08-05 12:03
Demon Slayer -Kimetsu no Yaiba- The Hinokami Chronicles,1490890,['win'],2024-08-05 12:03
Balatro,2379780,"['win', 'mac']",2024-08-05 12:03
MY HERO ONE'S JUSTICE 2,1058450,['win'],2024-08-05 12:03
Necrosmith 2,2277320,"['win', 'mac']",2024-08-05 12:03
Revenge of the Titans,93200,"['win', 'mac', 'linux']",2024-08-05 12:03
Thief Simulator 2,1332720,['win'],2024-08-05 12:03
Pocky & Rocky Reshrined,2200580,['win'],2024-08-05 12:03
Trepang2,1164940,['win'],2024-08-05 12:03
Magical Girl Celesphonia,1786790,['win'],2024-08-05 12:03
No Case Should Remain Unsolved,2676840,"['win', 'mac']",2024-08-05 12:03
FINAL FANTASY IV,1173800,['win'],2024-08-05 12:03
Downwell,360740,['win'],2024-08-05 12:03
Chillquarium,2276930,"['win', 'mac']",2024-08-05 12:03
Creator of Another World,2761610,"['win', 'linux']",2024-08-05 12:03
South Park™: The Stick of Truth™,213670,['win'],2024-08-05 12:03
Counter-Strike,10,"['win', 'mac', 'linux']",2024-08-05 12:03
Remnant II® - The Forgotten Kingdom,2384074,['win'],2024-08-05 12:03
"Warhammer 40,000: Darktide",1361210,['win'],2024-08-05 12:03
Castle Crashers®,204360,"['win', 'mac']",2024-08-05 12:03
FINAL FANTASY VII EVER CRISIS,2484110,['win'],2024-08-05 12:03
Life is Strange: Double Exposure,1874000,['win'],2024-08-05 12:03
Fishing Planet: Deluxe Pack,730617,"['win', 'mac', 'linux']",2024-08-05 12:03
BeamNG.drive,284160,['win'],2024-08-05 12:03
Stellaris: Galactic Paragons,2380030,"['win', 'mac', 'linux']",2024-08-05 12:03
OMSI 2: Steam Edition,252530,['win'],2024-08-05 12:03
STORY OF SEASONS: Friends of Mineral Town,978780,['win'],2024-08-05 12:03
Capoo Pals,2253470,"['win', 'mac']",2024-08-05 12:03
UBOAT - Supporter Pack,3129990,['win'],2024-08-05 12:03
Cyber Manhunt 2: New World - The Hacking Simulator,2421410,"['win', 'mac']",2024-08-05 12:03
Graveyard Keeper,599140,"['win', 'mac', 'linux']",2024-08-05 12:03
Poppy Playtime - Chapter 3,2555190,['win'],2024-08-05 12:03
Pummel Party,880940,['win'],2024-08-05 12:03
Children of Morta,330020,"['win', 'mac', 'linux']",2024-08-05 12:03
Forager,751780,['win'],2024-08-05 12:03
Need for Speed™ Most Wanted,1262560,['win'],2024-08-05 12:03
"Warhammer 40,000: Rogue Trader",2186680,"['win', 'mac']",2024-08-05 12:03
A Little to the Left: Cupboards & Drawers,2343790,"['win', 'mac']",2024-08-05 12:03
Colony Ship: A Post-Earth Role Playing Game,648410,['win'],2024-08-05 12:03
The Riftbreaker: Heart of the Swamp,2506610,['win'],2024-08-05 12:03
Into the Radius 2,2307350,"['win', 'group_separator']",2024-08-05 12:03
Kebab Chefs! - Restaurant Simulator,1001270,['win'],2024-08-05 12:03
Across the Obelisk,1385380,"['win', 'mac', 'linux']",2024-08-05 12:03
The Caligula Effect: Overdose,889600,['win'],2024-08-05 12:03
Xuan-Yuan Sword VII,1249800,['win'],2024-08-05 12:03
AirportSim,1715280,['win'],2024-08-05 12:03
CYGNI: All Guns Blazing,1248080,['win'],2024-08-05 12:03
Unnamed Space Idle,2471100,"['win', 'linux']",2024-08-05 12:03
Shy Girl's Makeover,2892500,['win'],2024-08-05 12:03
Thought Experiment Simulator,2696320,"['win', 'mac']",2024-08-05 12:03
The Lost Village,1963040,['win'],2024-08-05 12:03
Watch Dogs®: Legion,2239550,['win'],2024-08-05 12:03
Legion TD 2 - Floating Isles Campaign,562150,"['win', 'mac', 'linux']",2024-08-05 12:03
Hunt: Showdown,594650,['win'],2024-08-05 12:03
Remnant II® - The Awakened King,2384073,['win'],2024-08-05 12:03
FINAL FANTASY,1173770,['win'],2024-08-05 12:03
FINAL FANTASY II,1173780,['win'],2024-08-05 12:03
Victoria 3,529340,"['win', 'mac', 'linux']",2024-08-05 12:03
Crime Boss: Rockay City,2933080,['win'],2024-08-05 12:03
暖雪 Warm Snow,1296830,['win'],2024-08-05 12:03
The Settlers: New Allies,2750080,['win'],2024-08-05 12:03
Sarah's Adventure: Time Travel,2994430,['win'],2024-08-05 12:03
SpongeBob SquarePants: Battle for Bikini Bottom - Rehydrated,969990,['win'],2024-08-05 12:03
Chillquarium,2276930,"['win', 'mac']",2024-08-05 12:03
The Settlers: New Allies,2750080,['win'],2024-08-05 12:03
Sarah's Adventure: Time Travel,2994430,['win'],2024-08-05 12:03
SpongeBob SquarePants: Battle for Bikini Bottom - Rehydrated,969990,['win'],2024-08-05 12:03
FATAL FRAME / PROJECT ZERO: Mask of the Lunar Eclipse,2130460,['win'],2024-08-05 12:03
Project Hospital,868360,"['win', 'mac', 'linux']",2024-08-05 12:03
Eastern Exorcist,1120810,['win'],2024-08-05 12:03
Anno 1800,916440,['win'],2024-08-05 12:03
Stellaris: First Contact Story Pack,2277860,"['win', 'mac', 'linux']",2024-08-05 12:03
Scars of Summer,1405470,['win'],2024-08-05 12:03
Legion TD 2 - Desert Ridge Campaign,2162190,"['win', 'mac']",2024-08-05 12:03
Rhythm Doctor,774181,"['win', 'mac', 'linux']",2024-08-05 12:03
Grim Dawn,219990,['win'],2024-08-05 12:03
VTube Studio - VNet Multiplayer Collab,2384550,"['win', 'mac']",2024-08-05 12:03
A Plague Tale: Innocence,752590,['win'],2024-08-05 12:03
SAMURAI WARRIORS: Spirit of Sanada,595740,['win'],2024-08-05 12:03
Arma 3 Apex,395180,"['win', 'mac']",2024-08-05 12:03
Curious Expedition 2,1040230,['win'],2024-08-05 12:03
Plants vs. Zombies GOTY Edition,3590,"['win', 'mac']",2024-08-05 12:03
EARTH DEFENSE FORCE 5,1007040,['win'],2024-08-05 12:03
Minecraft Dungeons,1672970,['win'],2024-08-05 12:03
"The Princess, the Stray Cat, and Matters of the Heart",1010600,['win'],2024-08-05 12:03
Minion Masters,489520,"['win', 'mac']",2024-08-05 12:03
IdleOn - The Idle RPG,1476970,['win'],2024-08-05 12:03
Forever Skies,1641960,['win'],2024-08-05 12:03
Ratropolis,1108370,"['win', 'mac']",2024-08-05 12:03
Superscout,2862610,['win'],2024-08-05 12:03
The Elder Scrolls V: Skyrim Special Edition,489830,['win'],2024-08-05 12:03
除邪(CHUXIE),2969160,['win'],2024-08-05 12:03
Bread & Fred,1607680,"['win', 'mac']",2024-08-05 12:03
Ship Graveyard Simulator 2,2201940,['win'],2024-08-05 12:03
Plants vs. Zombies™ Garden Warfare 2: Deluxe Edition,1922560,['win'],2024-08-05 12:03
Wizard101,799960,['win'],2024-08-05 12:03
Warhammer: Vermintide 2,552500,['win'],2024-08-05 12:03
Chinese Paladin：Sword and Fairy 6,696360,['win'],2024-08-05 12:03
Resident Evil 4 - Separate Ways,2109300,['win'],2024-08-05 12:03
Dying Light,239140,"['win', 'mac', 'linux']",2024-08-05 12:03
Cat Quest II,914710,['win'],2024-08-05 12:03
The Leviathan's Fantasy,1994370,['win'],2024-08-05 12:03
Cyber Manhunt,1216710,"['win', 'mac']",2024-08-05 12:03
Vampire: The Masquerade - Justice,2431700,"['win', 'group_separator']",2024-08-05 12:03
Titan Quest: Eternal Embers,1804460,['win'],2024-08-05 12:03
Aooni,2934190,['win'],2024-08-05 12:03
Alone in the Dark,1310410,['win'],2024-08-05 12:03
Lost Castle 2: Original Soundtrack,3063440,['music'],2024-08-05 12:03
Gunsmith Simulator,1101120,['win'],2024-08-05 12:03
VTube Studio - Remove Watermark,1520620,"['win', 'mac']",2024-08-05 12:03
STEINS;GATE,412830,['win'],2024-08-05 12:03
Age of Empires III: Definitive Edition (Base Game),2477660,['win'],2024-08-05 12:03
Taxi Life: A City Driving Simulator,1351240,['win'],2024-08-05 12:03
Squad 44,736220,['win'],2024-08-05 12:03
SCUM: Danny Trejo Character Pack,1990860,['win'],2024-08-05 12:03
Sunkenland,2080690,['win'],2024-08-05 12:03
Your Chronicle,1546320,"['win', 'mac', 'linux']",2024-08-05 12:03
GRANDIA II HD Remaster,330390,['win'],2024-08-05 12:03
Monochrome Mobius: Rights and Wrongs Forgotten,1962430,['win'],2024-08-05 12:03
Ravenswatch,2071280,['win'],2024-08-05 12:03
Bellwright,1812450,['win'],2024-08-05 12:03
Vampire: The Masquerade - Justice,2431700,"['win', 'group_separator']",2024-08-05 12:03
Aooni,2934190,['win'],2024-08-05 12:03
Coral Island,1158160,['win'],2024-08-05 12:03
Expansion - Hearts of Iron IV: No Step Back,1348661,"['win', 'mac', 'linux']",2024-08-05 12:03
Age of Empires III: Definitive Edition (Base Game),2477660,['win'],2024-08-05 12:03
Superliminal,1049410,"['win', 'mac', 'linux']",2024-08-05 12:03
OMORI,1150690,"['win', 'mac']",2024-08-05 12:03
Abathor,2295610,['win'],2024-08-05 12:03
Potion Permit,1337760,"['win', 'mac']",2024-08-05 12:03
Destroy All Humans! 2 - Reprobed,1266700,['win'],2024-08-05 12:03
Call of Duty®: Vanguard,1985820,['win'],2024-08-05 12:03
JR EAST Train Simulator: Chuo Line Rapid Service (Takao to  Tokyo) E233-0 series,2216300,['win'],2024-08-05 12:03
Metaphor: ReFantazio,2679460,['win'],2024-08-05 12:03
The Surge 2,644830,['win'],2024-08-05 12:03
PAYDAY 2,218620,"['win', 'linux', 'group_separator']",2024-08-05 12:03
Sniper Elite 5,1029690,['win'],2024-08-05 12:03
Dead by Daylight - Resident Evil: PROJECT W Chapter,2102730,['win'],2024-08-05 12:03
Wandering Sword - Mount Pack: Majestic Steeds,3027840,['win'],2024-08-05 12:03
ROMANCE OF THE THREE KINGDOMS XIV: Diplomacy and Strategy Expansion Pack,1427650,['win'],2024-08-05 12:03
VTube Studio - Remove Watermark,1520620,"['win', 'mac']",2024-08-05 12:03
Banished,242920,['win'],2024-08-05 12:03
Riders Republic,2290180,['win'],2024-08-05 12:03
Darksiders Genesis,710920,['win'],2024-08-05 12:03
Need for Speed™ Most Wanted Terminal Velocity Pack,1271371,['win'],2024-08-05 12:03
Travellers Rest,1139980,['win'],2024-08-05 12:03
Assetto Corsa Competizione,805550,"['win', 'group_separator']",2024-08-05 12:03
Kuroinu 2 Redux,2544760,['win'],2024-08-05 12:03
Journey to the West,1449070,"['win', 'mac']",2024-08-05 12:03
Crusader Kings III: Roads to Power,2671070,"['win', 'mac', 'linux']",2024-08-05 12:03
Heroes of Hammerwatch,677120,"['win', 'linux']",2024-08-05 12:03
Summer Memories+ - Expansion DLC,1390150,['win'],2024-08-05 12:03
V Rising - Legacy of Castlevania Premium Pack,2833600,['win'],2024-08-05 12:03
Dōkyūsei: Bangin' Summer,1689910,['win'],2024-08-05 12:03
Call of Duty®: Modern Warfare®,2000950,['win'],2024-08-05 12:03
Stellaris: Nemesis,1522090,"['win', 'mac', 'linux']",2024-08-05 12:03
Paint the Town Red,337320,"['win', 'mac', 'linux', 'group_separator']",2024-08-05 12:03
Like a Dragon: Infinite Wealth,2072450,['win'],2024-08-05 12:03
NARUTO SHIPPUDEN: Ultimate Ninja STORM 4,349040,['win'],2024-08-05 12:03
Car Mechanic Simulator 2018,645630,"['win', 'mac']",2024-08-05 12:03
Rubber Bandits,1206610,['win'],2024-08-05 12:03
March of Empires,702320,['win'],2024-08-05 12:03
Half-Life: Alyx,546560,"['win', 'group_separator']",2024-08-05 12:03
March of Empires,702320,['win'],2024-08-05 12:03
Half-Life: Alyx,546560,"['win', 'group_separator']",2024-08-05 12:03
Sword and Fairy 7 - Dreamlike World Expansion,2223240,['win'],2024-08-05 12:03
DRAGON QUEST III HD-2D Remake,2701660,['win'],2024-08-05 12:03
BRAVELY DEFAULT II,1446650,['win'],2024-08-05 12:03
TRIANGLE STRATEGY,1850510,['win'],2024-08-05 12:03
HITMAN 3 - Deluxe Pack,1829591,['win'],2024-08-05 12:03
PGA TOUR 2K23,1588010,['win'],2024-08-05 12:03
Tiny Tina's Wonderlands,1286680,['win'],2024-08-05 12:03
Touken Ranbu Warriors,1191260,['win'],2024-08-05 12:03
Russian Fishing 4,766570,['win'],2024-08-05 12:03
Planet Zoo: Wetlands Animal Pack,1934140,['win'],2024-08-05 12:03
Dead by Daylight - Tomb Raider Chapter,3024580,['win'],2024-08-05 12:03
CHRONO TRIGGER®,613830,['win'],2024-08-05 12:03
Sift Heads - Cartels 4,1931380,['win'],2024-08-05 12:03
Darksiders III,606280,['win'],2024-08-05 12:03
Street Fighter™ 6 - Year 1 Character Pass,2224460,['win'],2024-08-05 12:03
Besiege,346010,"['win', 'mac', 'linux']",2024-08-05 12:03
Dungeon of Erotic Master Plus,2722210,['win'],2024-08-05 12:03
Resident Evil 5,21690,['win'],2024-08-05 12:03
Battle Shapers,1421290,['win'],2024-08-05 12:03
Summer Clover -Soundtrack-,3001960,['music'],2024-08-05 12:03
侠客风云传(Tale of Wuxia),377530,['win'],2024-08-05 12:03
Call of Duty®: Infinite Warfare,292730,['win'],2024-08-05 12:03
Dying Light 2 Stay Human: Reloaded Edition,534380,['win'],2024-08-05 12:03
Remnant II® - The Awakened King,2384073,['win'],2024-08-05 12:03
ENDER MAGNOLIA: Bloom in the Mist,2725260,['win'],2024-08-05 12:03
"Warhammer 40,000: Space Marine - Anniversary Edition",55150,['win'],2024-08-05 12:03
Yi Xian: The Cultivation Card Game,1948800,"['win', 'mac', 'linux']",2024-08-05 12:03
Dead Island 2,934700,['win'],2024-08-05 12:03
Creeper World 4,848480,['win'],2024-08-05 12:03
Teardown,1167630,['win'],2024-08-05 12:03
Rune Factory 4 Special,1580240,['win'],2024-08-05 12:03
Stellaris: Toxoids Species Pack,2115770,"['win', 'mac', 'linux']",2024-08-05 12:03
Wandering Sword - Mount Pack: Majestic Steeds,3027840,['win'],2024-08-05 12:03
Portal 2,620,"['win', 'linux']",2024-08-05 12:03
Shy Girl's Makeover,2892500,['win'],2024-08-05 12:03
My Dream Setup,2200780,"['win', 'mac']",2024-08-05 12:03
The Witcher 2: Assassins of Kings Enhanced Edition,20920,"['win', 'mac', 'linux']",2024-08-05 12:03
LoveChoice,939400,"['win', 'mac']",2024-08-05 12:03
Back 4 Blood,924970,['win'],2024-08-05 12:03
Audio Trip,826540,"['win', 'group_separator']",2024-08-05 12:03
Love Is All Around-Love In The Room,2670930,"['win', 'mac', 'linux']",2024-08-05 12:03
RPG Maker MZ,1096900,"['win', 'mac']",2024-08-05 12:03
Hunting Labyrinth,2165380,['win'],2024-08-05 12:03
SAMURAI WARRIORS 4 DX,2719200,['win'],2024-08-05 12:03
Resident Evil Revelations 2,287290,['win'],2024-08-05 12:03
Swords and Sandals Classic Collection,1055430,"['win', 'mac']",2024-08-05 12:03
Guild Wars 2: Secrets of the Obscure™ Expansion,2450010,['win'],2024-08-05 12:03
Another Crab's Treasure,1887840,['win'],2024-08-05 12:03
Conan Exiles: Isle of Siptah,1206200,['win'],2024-08-05 12:03
Bootstrap Island,1942110,"['win', 'group_separator']",2024-08-05 12:03
For The King,527230,"['win', 'mac', 'linux']",2024-08-05 12:03
Love Is All Around-Love In The Room,2670930,"['win', 'mac', 'linux']",2024-08-05 12:03
Dark Deception,332950,['win'],2024-08-05 12:03
River Town Factory,2281410,['win'],2024-08-05 12:03
The Riftbreaker: Metal Terror,1945600,['win'],2024-08-05 12:03
My Little Universe,2328750,"['win', 'mac']",2024-08-05 12:03
Moonstone Island,1658150,"['win', 'mac', 'linux']",2024-08-05 12:03
Oblivion Override,1952370,['win'],2024-08-05 12:03
Dead Space,1693980,['win'],2024-08-05 12:03
RoboCop: Rogue City,1681430,['win'],2024-08-05 12:03
Hunting Labyrinth,2165380,['win'],2024-08-05 12:03
Murky Divers,2963880,['win'],2024-08-05 12:03
Aseprite,431730,"['win', 'mac', 'linux']",2024-08-05 12:03
SAMURAI WARRIORS 4 DX,2719200,['win'],2024-08-05 12:03
Katana ZERO,460950,"['win', 'mac']",2024-08-05 12:03
Dead Cells,588650,"['win', 'mac', 'linux']",2024-08-05 12:03
Portal Dungeon,1679220,['win'],2024-08-05 12:03
Ancient Warfare: The Han Dynasty,1423330,['win'],2024-08-05 12:03
Back to the Dawn,1735700,['win'],2024-08-05 12:03
Black Squad,550650,['win'],2024-08-05 12:03
Momodora: Moonlit Farewell,1747760,['win'],2024-08-05 12:03
Furnish Master,2004080,"['win', 'mac', 'linux']",2024-08-05 12:03
Mashiroiro Symphony HD -Sana Edition-,2737980,['win'],2024-08-05 12:03
SteamWorld Build,2134770,['win'],2024-08-05 12:03
Hollow Knight - Official Soundtrack,598190,['music'],2024-08-05 12:03
Age of Empires II: Definitive Edition - Lords of the West,1389240,['win'],2024-08-05 12:03
Dragon Saga,381990,['win'],2024-08-05 12:03
Century: Age of Ashes,918570,['win'],2024-08-05 12:03
Demonologist,1929610,['win'],2024-08-05 12:03
Lost Light,1797880,['win'],2024-08-05 12:03
Crusader Kings III: Royal Court,1303182,"['win', 'mac', 'linux']",2024-08-05 12:03
"Warhammer 40,000: Boltgun",2005010,['win'],2024-08-05 12:03
CrossCode,368340,"['win', 'mac', 'linux']",2024-08-05 12:03
BIOMUTANT,597820,['win'],2024-08-05 12:03
House Flipper,613100,"['win', 'mac']",2024-08-05 12:03
HITMAN 3 - Deluxe Pack,1829591,['win'],2024-08-05 12:03
Wizard with a Gun,1150530,['win'],2024-08-05 12:03
Sakuna: Of Rice and Ruin,1356670,['win'],2024-08-05 12:03
DRAGON QUEST BUILDERS™ 2,1072420,['win'],2024-08-05 12:03
Football Manager 2024,2252570,"['win', 'mac']",2024-08-05 12:03
The Slormancer,1104280,['win'],2024-08-05 12:03
Slay the Spire,646570,"['win', 'mac', 'linux']",2024-08-05 12:03
Detention,555220,"['win', 'mac', 'linux']",2024-08-05 12:03
Hellsweeper VR,1341490,"['win', 'group_separator']",2024-08-05 12:03
MEGATON MUSASHI W: WIRED,2450450,['win'],2024-08-05 12:03
Sackboy™: A Big Adventure,1599660,['win'],2024-08-05 12:03
Lords of the Fallen,1501750,['win'],2024-08-05 12:03
Men of War II,1128860,"['win', 'linux']",2024-08-05 12:03
