App_Id,Name,Operation_Date,Rating_Summary,Total_Number_of_Rating,Cost,Game_Tag,Category,Datetime
1332010,Stray,"Jul 19, 2022",Overwhelmingly Positive,"| 127,484 User Reviews",NT$ 323.00,"['Cats', 'Adventure', 'Cyberpunk', 'Atmospheric', 'Singleplayer', 'Cute', 'Exploration', 'Robots', 'Beautiful', 'Third Person', 'Puzzle', 'Horror', 'Sci-fi', 'Indie', 'Dystopian ', 'Open World', 'Mystery', 'Action', 'Colorful', 'Stealth']",puzzle_matching,2024-08-05 12:10
1659040,HITMAN World of Assassination,"Jan 20, 2022",Very Positive,"| 25,431 User Reviews",NT$ 48.00,"['Stealth', 'Assassin', 'Action', 'Singleplayer', 'VR', 'Sandbox', 'Violent', 'Shooter', 'Third-Person Shooter', 'Third Person', 'Adventure', 'Realistic', 'Cinematic', 'Puzzle', 'Funny', 'Gore', 'Multiplayer', 'Open World', 'Immersive Sim', 'Capitalism']",puzzle_matching,2024-08-05 12:10
1629520,A Little to the Left,"Nov 8, 2022",Very Positive,"| 8,930 User Reviews",NT$ 268.00,"['Puzzle', 'Relaxing', 'Wholesome', 'Casual', 'Cute', 'Cats', 'Colorful', '2D', 'Logic', 'Cozy', 'Funny', 'Singleplayer', 'Indie', 'Hand-drawn', 'Hidden Object', 'Linear', 'Family Friendly', 'Pixel Graphics', 'Point & Click', 'Psychological Horror']",puzzle_matching,2024-08-05 12:10
787480,Phoenix Wright: Ace Attorney Trilogy,"Apr 9, 2019",Overwhelmingly Positive,"| 25,595 User Reviews",NT$ 290.00,"['Detective', 'Visual Novel', 'Story Rich', 'Mystery', 'Great Soundtrack', 'Anime', 'Adventure', 'Singleplayer', 'Crime', 'Puzzle', 'Point & Click', 'Funny', 'Classic', 'Cult Classic', 'Comedy', '2D', 'Conversation', 'Memes', 'Dynamic Narration', 'Casual']",puzzle_matching,2024-08-05 12:10
2187220,Apollo Justice: Ace Attorney Trilogy,"Jan 25, 2024",Very Positive,"| 1,458 User Reviews","NT$ 1,248.00","['Adventure', 'Visual Novel', 'Detective', 'Anime', 'Investigation', 'Mystery', 'Crime', '3D', 'Story Rich', 'Singleplayer', 'Choose Your Own Adventure', 'Text-Based', 'Great Soundtrack', 'Point & Click']",puzzle_matching,2024-08-05 12:10
418370,Resident Evil 7 Biohazard,"Jan 24, 2017",Overwhelmingly Positive,"| 58,916 User Reviews",NT$ 224.00,"['Horror', 'Survival Horror', 'First-Person', 'Singleplayer', 'Atmospheric', 'Zombies', 'Gore', 'Psychological Horror', 'VR', 'Action', 'Violent', 'Survival', 'Puzzle', 'Adventure', 'Story Rich', 'Multiplayer', 'FPS', 'Exploration', 'Shooter', 'Classic']",puzzle_matching,2024-08-05 12:10
1435790,Escape Simulator,"Oct 19, 2021",Very Positive,"| 12,820 User Reviews",NT$ 349.00,"['Puzzle', 'Co-op', 'Multiplayer', 'Escape Room', 'First-Person', 'Adventure', 'Controller', 'Mystery', 'Casual', 'Online Co-Op', 'Family Friendly', 'Singleplayer', 'Indie', 'Simulation', 'Story Rich', 'VR', 'Point & Click', 'Exploration', 'Level Editor', 'Investigation']",puzzle_matching,2024-08-05 12:10
1426210,It Takes Two,"Mar 26, 2021",Very Positive,"| 146,627 User Reviews","NT$ 1,099.00","['Co-op', 'Multiplayer', 'Split Screen', 'Local Co-Op', 'Puzzle', 'Online Co-Op', 'Adventure', 'Story Rich', 'Local Multiplayer', 'Co-op Campaign', 'Puzzle Platformer', '3D Platformer', 'Action-Adventure', 'Emotional', 'Platformer', 'Action', 'Exploration', 'Atmospheric', 'Minigames', 'Female Protagonist']",puzzle_matching,2024-08-05 12:10
2995920,It Takes Two Friend's Pass,"May 29, 2024",,,"NT$ 1,099.00","['Co-op', 'Multiplayer', 'Split Screen', 'Local Co-Op', 'Puzzle', 'Online Co-Op', 'Adventure', 'Story Rich', 'Local Multiplayer', 'Co-op Campaign', 'Puzzle Platformer', '3D Platformer', 'Action-Adventure', 'Emotional', 'Platformer', 'Action', 'Exploration', 'Atmospheric', 'Minigames', 'Female Protagonist']",puzzle_matching,2024-08-05 12:10
1190000,Car Mechanic Simulator 2021,"Aug 11, 2021",Overwhelmingly Positive,"| 24,337 User Reviews",NT$ 163.00,"['Simulation', 'Automobile Sim', 'Sandbox', 'Realistic', 'Moddable', 'Racing', 'Driving', '3D', 'Education', 'First-Person', 'Singleplayer', 'Immersive Sim', 'Puzzle', 'Open World', 'Atmospheric', 'Adventure', 'Minigames', 'Indie', 'Strategy', 'VR']",puzzle_matching,2024-08-05 12:10
1449690,The Walking Dead: The Telltale Definitive Series,"Oct 29, 2020",Overwhelmingly Positive,"| 14,143 User Reviews",NT$ 149.00,"['Choices Matter', 'Story Rich', 'Interactive Fiction', 'Horror', 'Multiple Endings', 'Comic Book', 'Adventure', 'Choose Your Own Adventure', 'Visual Novel', 'Post-apocalyptic', 'Point & Click', 'Atmospheric', 'Zombies', '3D', 'Third Person', 'Dark', 'Dynamic Narration', 'Conversation', 'Dystopian ', 'Narration']",puzzle_matching,2024-08-05 12:10
1931770,Chants of Sennaar,"Sep 5, 2023",Overwhelmingly Positive,"| 13,986 User Reviews",NT$ 384.00,"['Puzzle', 'Adventure', 'Singleplayer', 'Colorful', 'Indie', 'Point & Click', 'Action-Adventure', 'Puzzle Platformer', 'Stylized', 'Word Game', 'Atmospheric', 'Great Soundtrack', 'Mythology', 'Detective', 'Stealth', 'Exploration', 'Story Rich', 'Difficult', 'Relaxing', 'Horror']",puzzle_matching,2024-08-05 12:10
2325290,Sky: Children of the Light,"Apr 10, 2024",Very Positive,"| 6,760 User Reviews",Free To Play,"['MMORPG', 'Cozy', 'Indie', 'Relaxing', 'Adventure', 'Multiplayer', 'Exploration', 'Massively Multiplayer', 'Puzzle', 'Emotional', 'Casual', '3D', 'Cute', 'Atmospheric', 'RPG', 'Online Co-Op', 'Family Friendly', 'Character Customization', 'Fantasy', 'Stylized']",puzzle_matching,2024-08-05 12:10
1943950,Escape the Backrooms,"Aug 11, 2022",Very Positive,"| 65,584 User Reviews",NT$ 186.00,"['Horror', 'Multiplayer', 'Online Co-Op', 'Psychological Horror', 'Co-op', 'Survival Horror', 'First-Person', 'Exploration', 'Escape Room', 'Adventure', 'Action', 'VR', '3D', 'Singleplayer', 'Early Access', 'Action-Adventure', 'Indie', 'Casual', 'Stealth', 'Dungeon Crawler']",puzzle_matching,2024-08-05 12:10
1999770,Atelier Ryza 3: Alchemist of the End & the Secret Key,"Mar 24, 2023",Very Positive,"| 1,512 User Reviews","NT$ 1,293.00","['Exploration', 'Collectathon', 'Puzzle', 'JRPG', 'Female Protagonist', 'RPG', 'Cute', 'Lore-Rich', 'Open World', 'Turn-Based Combat', 'Story Rich', 'Action', 'Casual', 'Colorful', 'Emotional', 'Anime', 'Simulation', 'Adventure', 'Singleplayer', 'Sexual Content']",puzzle_matching,2024-08-05 12:10
883710,Resident Evil 2,"Jan 25, 2019",Overwhelmingly Positive,"| 107,467 User Reviews",NT$ 327.00,"['Zombies', 'Survival Horror', 'Horror', 'Singleplayer', 'Remake', 'Third Person', 'Gore', 'Action', 'Puzzle', 'Atmospheric', 'Violent', 'Story Rich', 'Survival', 'Multiplayer', 'Classic', 'Female Protagonist', 'Dark', 'Shooter', 'Adventure', 'Difficult']",puzzle_matching,2024-08-05 12:10
2972990,hololive Treasure Mountain,"Aug 1, 2024",Very Positive,| 70 User Reviews,NT$ 172.00,"['Casual', 'Cute', 'Arcade', 'Score Attack', 'Puzzle', 'Colorful', '3D Platformer', 'Puzzle Platformer', '3D', 'Singleplayer', 'Cozy', 'Indie', 'Comic Book', 'Anime', 'Relaxing', 'Funny', 'Physics', 'Atmospheric', 'Female Protagonist', 'Short']",puzzle_matching,2024-08-05 12:10
2593370,The Hungry Lamb: Traveling in the Late Ming Dynasty,"Apr 23, 2024",Overwhelmingly Positive,"| 27,355 User Reviews",NT$ 188.00,"['Visual Novel', 'Historical', 'Multiple Endings', 'Interactive Fiction', 'Story Rich', 'Adventure', 'Dating Sim', 'Dark', 'Anime', 'Cooking', 'Cute', 'Word Game', 'Romance', 'Drama', 'RPG', 'Psychological Horror', 'Singleplayer', 'Mystery', 'Casual', 'Medieval']",puzzle_matching,2024-08-05 12:10
2224640,Artisan TD,"Jul 22, 2024",Very Positive,"| 1,213 User Reviews",NT$ 269.00,"['Tower Defense', 'Strategy', 'Difficult', 'Puzzle', 'Building', 'Tactical', 'Real Time Tactics', 'Fantasy', 'Singleplayer', 'Stylized', 'Top-Down', '3D', 'Management', 'Turn-Based Tactics', 'Indie']",puzzle_matching,2024-08-05 12:10
2828160,A Little to the Left: Seeing Stars,"Jun 25, 2024",Mixed,| 138 User Reviews,NT$ 172.00,"['Casual', 'Puzzle', 'Indie', 'Relaxing', 'Wholesome', 'Cute', 'Cats', 'Colorful', 'Funny', 'Logic', '2D', 'Cozy', 'Singleplayer', 'Hand-drawn', 'Hidden Object', 'Linear', 'Family Friendly', 'Pixel Graphics', 'Point & Click', 'Multiplayer']",puzzle_matching,2024-08-05 12:10
1771980,The Operator,"Jul 22, 2024",Very Positive,"| 2,211 User Reviews",NT$ 223.00,"['Conspiracy', 'Investigation', 'Detective', 'Atmospheric', 'Puzzle', 'Immersive Sim', 'Mystery', 'Thriller', 'Simulation', 'Narration', 'Crime', 'FMV', 'Narrative', 'Point & Click', 'Adventure', 'Story Rich', 'Interactive Fiction', 'Choose Your Own Adventure', 'Visual Novel', 'RPG']",puzzle_matching,2024-08-05 12:10
477160,Human Fall Flat,"Jul 22, 2016",Very Positive,"| 155,529 User Reviews",NT$ 398.00,"['Co-op', 'Funny', 'Puzzle', 'Adventure', 'Physics', 'Sandbox', 'Puzzle Platformer', 'Action', 'Open World', 'Multiplayer', 'Local Co-Op', 'Indie', 'Comedy', 'Local Multiplayer', 'Parkour', 'Casual', 'Split Screen', '3D Platformer', 'Singleplayer', 'Simulation']",puzzle_matching,2024-08-05 12:10
1985960,Ogu and the Secret Forest,"Jul 29, 2024",Very Positive,| 578 User Reviews,NT$ 268.00,"['Adventure', 'Action', 'Action-Adventure', 'Puzzle', 'Exploration', '2D', 'Cute', 'Hand-drawn', 'Top-Down', 'Fantasy', 'Nature', 'Relaxing', 'Controller', 'Open World', 'PvE', 'Singleplayer', 'Story Rich']",puzzle_matching,2024-08-05 12:10
1274570,DEVOUR,"Jan 28, 2021",Very Positive,"| 58,522 User Reviews",NT$ 102.00,"['Horror', 'Online Co-Op', 'Multiplayer', 'Survival Horror', 'Sexual Content', 'Co-op', 'Psychological Horror', 'Dark', 'Survival', 'First-Person', 'Atmospheric', 'VR', 'Indie', 'Difficult', 'Puzzle', 'Gore', 'Singleplayer', 'Violent', 'Action', 'Stealth']",puzzle_matching,2024-08-05 12:10
1509960,PICO PARK,"May 7, 2021",Very Positive,"| 20,555 User Reviews",NT$ 102.00,"['Multiplayer', 'Online Co-Op', 'Puzzle Platformer', 'Co-op', 'Casual', 'Cute', 'Local Co-Op', 'Local Multiplayer', 'Platformer', '2D', 'Action', 'Pixel Graphics', 'Funny', 'Indie', 'Puzzle', 'Party Game', 'Retro', 'Difficult', 'Horror', 'Souls-like']",puzzle_matching,2024-08-05 12:10
341800,Keep Talking and Nobody Explodes,"Oct 8, 2015",Overwhelmingly Positive,"| 11,476 User Reviews",NT$ 268.00,"['Co-op', 'Board Game', 'Local Multiplayer', 'Party Game', 'Puzzle', 'Local Co-Op', 'Party', 'Multiplayer', 'VR', 'Casual', 'Indie', 'Difficult', 'Team-Based', 'Family Friendly', 'Funny', 'Asymmetric VR', 'Moddable', 'Procedural Generation', 'Simulation', 'Strategy']",puzzle_matching,2024-08-05 12:10
208650,Batman™: Arkham Knight,"Jun 23, 2015",Very Positive,"| 84,427 User Reviews",NT$ 667.00,"['Action', 'Open World', 'Superhero', 'Stealth', 'Third Person', 'Adventure', 'Singleplayer', 'Detective', 'Story Rich', 'Fighting', 'Atmospheric', 'Dark', 'Comic Book', ""Beat 'em up"", 'Puzzle', 'Mature', 'Horror', 'Sandbox', 'Strategy', 'Epic']",puzzle_matching,2024-08-05 12:10
1451940,NEEDY STREAMER OVERLOAD,"Jan 21, 2022",Overwhelmingly Positive,"| 36,504 User Reviews",NT$ 278.00,"['Psychological Horror', 'Anime', 'Sexual Content', 'Visual Novel', 'Cute', 'Pixel Graphics', 'Multiple Endings', '2D', 'Psychological', 'Dark Humor', 'Point & Click', 'Story Rich', 'Choose Your Own Adventure', 'Psychedelic', 'Colorful', 'Singleplayer', 'Adventure', 'Text-Based', 'Hentai', 'Conversation']",puzzle_matching,2024-08-05 12:10
1092790,Inscryption,"Oct 19, 2021",Overwhelmingly Positive,"| 107,118 User Reviews",NT$ 378.00,"['Card Battler', 'Card Game', 'Story Rich', 'Deckbuilding', 'Horror', 'Dark', 'Puzzle', 'Strategy', 'Roguelite', 'Psychological', 'Roguelike', 'Surreal', 'Experimental', 'First-Person', 'Point & Click', '3D', '2D', 'FMV', 'Pixel Graphics', 'Adventure']",puzzle_matching,2024-08-05 12:10
559650,Witch It,"Oct 22, 2020",Very Positive,"| 13,431 User Reviews",NT$ 85.00,"['Multiplayer', 'Funny', 'Casual', 'Action', 'Indie', 'Hidden Object', 'Online Co-Op', 'Survival', 'Stealth', 'Co-op', 'Fantasy', 'Early Access', 'First-Person', 'Team-Based', 'Family Friendly', 'PvP', 'Strategy', 'Atmospheric', 'Open World', 'Magic']",puzzle_matching,2024-08-05 12:10
1967430,Ghost Trick: Phantom Detective,"Jun 30, 2023",Overwhelmingly Positive,"| 3,608 User Reviews",NT$ 613.00,"['Puzzle', 'Adventure', 'Mystery', 'Action', 'Story Rich', 'Detective', 'Singleplayer', 'Action-Adventure', 'Anime', 'Visual Novel', 'Great Soundtrack', 'Point & Click', 'Supernatural', 'Cult Classic', 'Funny', 'Classic']",puzzle_matching,2024-08-05 12:10
2865580,Let's Minesweeper,"Jul 24, 2024",Very Positive,| 235 User Reviews,NT$ 91.00,"['Casual', 'Puzzle', 'Strategy', 'Funny', 'Multiplayer', 'Indie', 'Logic', '2D', 'Pixel Graphics', 'Relaxing', 'Score Attack', 'Point & Click', 'Clicker', 'Hidden Object', 'Singleplayer', 'Co-op', 'Online Co-Op']",puzzle_matching,2024-08-05 12:10
1746030,Murders on the Yangtze River,"Jan 31, 2024",Overwhelmingly Positive,"| 10,234 User Reviews",NT$ 268.00,"['Adventure', 'Detective', 'Puzzle', 'Indie', 'Story Rich', 'Exploration', 'Puzzle Platformer', 'Drama', 'Mystery', 'Investigation', 'Logic', 'Historical', 'Lore-Rich', 'RPG', 'Singleplayer', 'Text-Based', 'First-Person', 'Old School', '2D', 'Colorful']",puzzle_matching,2024-08-05 12:10
813230,ANIMAL WELL,"May 9, 2024",Overwhelmingly Positive,"| 11,689 User Reviews",NT$ 499.00,"['Exploration', 'Metroidvania', 'Puzzle', 'Puzzle Platformer', 'Pixel Graphics', 'Platformer', 'Horror', 'Adventure', '2D', 'Action', 'Mystery', 'Atmospheric', 'Relaxing', 'Surreal', 'Nonlinear', 'Cute', 'Indie', 'Controller', 'Singleplayer', 'Retro']",puzzle_matching,2024-08-05 12:10
437920,Tricky Towers,"Aug 2, 2016",Very Positive,"| 11,071 User Reviews",NT$ 107.00,"['Party Game', 'Puzzle', 'Multiplayer', 'Physics', 'Casual', 'Building', 'Funny', 'Family Friendly', 'Arcade', 'Cartoony', 'Local Multiplayer', 'Local Co-Op', '4 Player Local', 'Online Co-Op', 'Singleplayer', 'PvP', 'Strategy', 'Party', 'Colorful', 'Stylized']",puzzle_matching,2024-08-05 12:10
346010,Besiege,"Feb 18, 2020",Overwhelmingly Positive,"| 43,059 User Reviews",NT$ 268.00,"['Physics', 'Simulation', 'Building', 'Destruction', 'Sandbox', 'Logic', 'Medieval', 'Puzzle', 'Moddable', 'Replay Value', 'Flight', 'Online Co-Op', 'Multiplayer', 'Robots', 'Naval Combat', 'LEGO', 'Level Editor', 'Vehicular Combat', 'Dark Humor', 'Gore']",puzzle_matching,2024-08-05 12:10
1167630,Teardown,"Apr 21, 2022",Overwhelmingly Positive,"| 87,689 User Reviews",NT$ 849.00,"['Destruction', 'Physics', 'Sandbox', 'Voxel', 'First-Person', 'Singleplayer', 'Heist', 'Open World', 'Realistic', 'Simulation', '3D', 'Action', 'Puzzle', 'Driving', 'Indie', 'Immersive Sim', 'Replay Value', 'Tactical', 'Puzzle Platformer', 'Runner']",puzzle_matching,2024-08-05 12:10
837470,Untitled Goose Game,"Sep 23, 2020",Overwhelmingly Positive,"| 17,161 User Reviews",NT$ 399.00,"['Funny', 'Villain Protagonist', 'Multiplayer', 'Co-op', 'Cute', 'Comedy', 'Stealth', 'Indie', 'Puzzle', 'Singleplayer', 'Family Friendly', 'Local Co-Op', 'Colorful', 'Physics', 'Third Person', 'Sandbox', 'Local Multiplayer', 'Adventure', 'Action', 'Simulation']",puzzle_matching,2024-08-05 12:10
1619230,The Star Named EOS,"Jul 23, 2024",Very Positive,| 112 User Reviews,NT$ 288.00,"['Anime', 'Hidden Object', 'Casual', 'First-Person', 'Atmospheric', 'Exploration', 'Interactive Fiction', 'Puzzle', 'Point & Click', 'Relaxing', 'Linear', 'Story Rich', 'Narration', '360 Video', 'Colorful', 'Stylized', 'Hand-drawn', 'Emotional', 'Adventure', 'Drama']",puzzle_matching,2024-08-05 12:10
611790,House Party,"Jul 16, 2022",Very Positive,"| 13,111 User Reviews",NT$ 549.00,"['Nudity', 'Mature', 'NSFW', 'Simulation', 'Choices Matter', 'Sandbox', 'Story Rich', 'Adventure', 'Comedy', 'Sexual Content', 'Multiple Endings', 'Puzzle', 'Cinematic', 'Drama', '3D', 'Choose Your Own Adventure', 'LGBTQ+', 'Life Sim', 'Singleplayer', 'Female Protagonist']",puzzle_matching,2024-08-05 12:10
1259790,Puyo Puyo™ Tetris® 2,"Mar 23, 2021",Very Positive,"| 1,727 User Reviews","NT$ 1,290.00","['Casual', 'Action', 'Arcade', 'Puzzle', 'Cute', 'Multiplayer', 'Colorful', 'Anime', 'Local Multiplayer', 'Singleplayer', 'Family Friendly', 'Competitive', 'Fighting', 'Funny', 'Great Soundtrack', '2D', '4 Player Local', 'Tile-Matching']",puzzle_matching,2024-08-05 12:10
1135690,Unpacking,"Nov 2, 2021",Very Positive,"| 26,977 User Reviews",NT$ 318.00,"['Relaxing', 'Cute', 'Pixel Graphics', 'Casual', 'Puzzle', 'Story Rich', 'Simulation', 'Singleplayer', 'Indie', 'Life Sim', 'Atmospheric', 'Point & Click', 'Female Protagonist', 'LGBTQ+', 'Isometric', 'Family Friendly', 'Colorful', 'Inventory Management', '2D', 'Hidden Object']",puzzle_matching,2024-08-05 12:10
3019370,Malware,"Aug 1, 2024",Very Positive,| 361 User Reviews,NT$ 52.00,"['Casual', 'Simulation', 'Puzzle', 'Singleplayer', 'Strategy', 'Point & Click', 'Hidden Object', 'Clicker', ""1990's"", 'Life Sim', '2D', 'Retro', 'Detective', 'Memes', 'Logic', 'Psychological Horror', 'Hacking', 'Indie', 'Text-Based', 'Linear']",puzzle_matching,2024-08-05 12:10
2421410,Cyber Manhunt 2: New World - The Hacking Simulator,"May 10, 2024",Very Positive,"| 1,921 User Reviews",NT$ 250.00,"['Hacking', 'Story Rich', 'Dark Humor', 'Dystopian ', 'Choices Matter', 'Mystery', 'Point & Click', 'Simulation', 'Clicker', 'RPG', 'Strategy', 'Drama', '2D', 'Casual', 'Detective', 'Word Game', 'Singleplayer', 'Puzzle', 'Immersive Sim', 'Early Access']",puzzle_matching,2024-08-05 12:10
210970,The Witness,"Jan 26, 2016",Very Positive,"| 13,946 User Reviews",NT$ 217.00,"['Puzzle', 'Exploration', 'First-Person', 'Open World', 'Singleplayer', 'Colorful', 'Indie', 'Atmospheric', 'Difficult', 'Walking Simulator', 'Adventure', 'Mystery', 'Nonlinear', 'Relaxing', 'Philosophical', 'Surreal', 'Casual', 'Great Soundtrack', 'Story Rich', 'Beautiful']",puzzle_matching,2024-08-05 12:10
1341290,We Were Here Forever,"May 10, 2022",Very Positive,"| 12,023 User Reviews",NT$ 298.00,"['Escape Room', 'Puzzle', 'Online Co-Op', 'Co-op', 'Multiplayer', '3D', 'Fantasy', 'Co-op Campaign', 'Mystery', 'Exploration', 'Adventure', 'Detective', 'Atmospheric', 'Psychological Horror', 'Story Rich', 'Action-Adventure', 'Dark', 'Casual', 'First-Person', 'Linear']",puzzle_matching,2024-08-05 12:10
1927720,Monument Valley: Panoramic Edition,"Jul 12, 2022",Overwhelmingly Positive,"| 3,457 User Reviews",NT$ 68.00,"['Puzzle', 'Relaxing', 'Adventure', 'Casual', 'Singleplayer', 'Exploration', 'Design & Illustration', 'Female Protagonist', 'Strategy', 'Emotional', 'Point & Click', '3D', 'Puzzle Platformer', 'Third Person', 'Linear', 'Fantasy', 'Atmospheric', 'Indie', 'Mystery', 'Precision Platformer']",puzzle_matching,2024-08-05 12:10
2835570,Buckshot Roulette,"Apr 4, 2024",Overwhelmingly Positive,"| 26,511 User Reviews",NT$ 66.00,"['Dark', 'Horror', 'First-Person', 'Gambling', '3D', 'Strategy', 'Singleplayer', 'Indie', 'Psychological', 'Multiplayer', 'Puzzle', 'Experimental', 'Action', 'Roguelike', 'Simulation', 'Blood', 'Surreal', 'Psychological Horror', 'Roguelite', 'FPS']",puzzle_matching,2024-08-05 12:10
3590,Plants vs. Zombies GOTY Edition,"May 5, 2009",Overwhelmingly Positive,"| 118,319 User Reviews",NT$ 148.00,"['Tower Defense', 'Zombies', 'Strategy', 'Singleplayer', 'Casual', 'Classic', 'Comedy', '2D', 'Great Soundtrack', 'Family Friendly', 'Funny', 'Puzzle', 'Addictive', 'Cute', 'Survival', 'Indie', 'Tactical', 'Adventure', 'Touch-Friendly', 'Post-apocalyptic']",puzzle_matching,2024-08-05 12:10
753640,Outer Wilds,"Jun 18, 2020",Overwhelmingly Positive,"| 58,913 User Reviews",NT$ 459.00,"['Exploration', 'Space', 'Mystery', 'Story Rich', 'Adventure', 'Great Soundtrack', 'Atmospheric', 'Puzzle', 'Open World', 'Singleplayer', 'Indie', 'Sci-fi', 'First-Person', 'Horror', 'Beautiful', 'Psychological Horror', 'Epic', 'Simulation', '3D', 'Action']",puzzle_matching,2024-08-05 12:10
1335790,Operation: Tango,"Jun 1, 2021",Very Positive,"| 5,921 User Reviews",NT$ 187.00,"['Online Co-Op', 'Co-op Campaign', 'Puzzle', 'Adventure', 'Casual', 'Hacking', 'Wholesome', 'Co-op', 'Family Friendly', 'Female Protagonist', 'Multiplayer', 'Detective', 'Investigation', 'Futuristic', 'Cyberpunk', 'First-Person', '3D', 'Stylized', 'Colorful', 'Heist']",puzzle_matching,2024-08-05 12:10
865360,We Were Here Together,"Oct 10, 2019",Very Positive,"| 11,533 User Reviews",NT$ 238.00,"['Puzzle', 'Online Co-Op', 'Story Rich', 'Co-op Campaign', 'Escape Room', 'Co-op', 'Exploration', 'Adventure', 'Linear', 'Action-Adventure', 'Multiplayer', 'Horror', 'Investigation', 'Mystery', 'First-Person', 'Atmospheric', 'Psychological Horror', 'Dark', 'Casual', 'Indie']",puzzle_matching,2024-08-05 12:10
1721470,Poppy Playtime,"Oct 12, 2021",Very Positive,"| 76,419 User Reviews",Free To Play,"['Horror', 'Singleplayer', 'Free to Play', 'Multiplayer', 'Puzzle', 'First-Person', 'Survival Horror', 'Dark', 'Mystery', 'Survival', 'Psychological Horror', 'Indie', 'Lore-Rich', '1980s', 'Thriller', 'Adventure', 'Atmospheric', 'Action', 'Cartoony', 'Action-Adventure']",puzzle_matching,2024-08-05 12:10
620,Portal 2,"Apr 19, 2011",Overwhelmingly Positive,"| 332,189 User Reviews",NT$ 188.00,"['Platformer', 'Puzzle', 'First-Person', 'Dark Humor', 'Story Rich', 'Puzzle Platformer', 'Funny', 'Female Protagonist', '3D Platformer', 'Action-Adventure', 'Action', 'FPS', 'Co-op', 'Physics', 'Sci-fi', 'Level Editor', 'Science', 'Comedy', 'Atmospheric', 'Adventure']",puzzle_matching,2024-08-05 12:10
1084520,雀姬/姫麻雀,"Aug 6, 2019",Mixed,"| 2,697 User Reviews",Free To Play,"['Free to Play', 'Mahjong', 'Anime', 'Casual', 'Early Access', 'Sexual Content', 'Strategy', 'RPG', 'Board Game']",puzzle_matching,2024-08-05 12:10
2676840,No Case Should Remain Unsolved,"Jan 17, 2024",Overwhelmingly Positive,"| 3,871 User Reviews",NT$ 110.00,"['Interactive Fiction', 'Puzzle', 'Visual Novel', 'Point & Click', 'Adventure', 'Female Protagonist', 'Investigation', 'Story Rich', 'Pixel Graphics', 'Text-Based', 'Immersive Sim', 'Multiple Endings', '2D', 'Anime', 'Realistic', 'Emotional', 'Detective', 'Drama', 'Choose Your Own Adventure', 'Cute']",puzzle_matching,2024-08-05 12:10
1585220,Melatonin,"Dec 15, 2022",Overwhelmingly Positive,"| 5,336 User Reviews",NT$ 268.00,"['Rhythm', 'Indie', 'Cute', 'Hand-drawn', 'Colorful', '2D', 'Music', 'Action', 'Singleplayer', 'Relaxing', 'Surreal', 'Puzzle', 'Arcade', 'Score Attack', 'Comedy', 'Cozy', 'Great Soundtrack', 'Controller', 'Music-Based Procedural Generation', 'Difficult']",puzzle_matching,2024-08-05 12:10
2903560,Platform 8,"May 31, 2024",Very Positive,"| 1,353 User Reviews",NT$ 82.00,"['Psychological Horror', 'Adventure', 'Simulation', 'Walking Simulator', 'Puzzle', 'Hidden Object', 'Exploration', 'Immersive Sim', '3D', 'First-Person', 'Realistic', 'Cinematic', 'Dark', 'Stealth', 'Horror', 'Mystery', 'Modern', 'Funny', 'Surreal', 'Atmospheric']",puzzle_matching,2024-08-05 12:10
553420,TUNIC,"Mar 16, 2022",Very Positive,"| 11,466 User Reviews",NT$ 488.00,"['Exploration', 'Puzzle', 'Souls-like', 'Metroidvania', 'Cute', 'Isometric', 'Action-Adventure', 'Difficult', 'RPG', 'Action RPG', '3D', 'Top-Down', 'Atmospheric', 'Colorful', 'Nonlinear', 'Controller', 'Fantasy', 'Action', 'Stylized', 'Family Friendly']",puzzle_matching,2024-08-05 12:10
1057090,Ori and the Will of the Wisps,"Mar 11, 2020",Overwhelmingly Positive,"| 120,050 User Reviews",NT$ 438.00,"['Beautiful', 'Metroidvania', 'Platformer', 'Great Soundtrack', 'Singleplayer', 'Action', 'Adventure', 'Atmospheric', 'Story Rich', 'Exploration', 'Cute', 'Action-Adventure', 'Puzzle', 'Emotional', '2D', 'Difficult', 'Fantasy', 'Indie', 'Open World', 'Souls-like']",puzzle_matching,2024-08-05 12:10
424840,Little Nightmares,"Apr 27, 2017",Very Positive,"| 43,330 User Reviews",NT$ 590.00,"['Horror', 'Atmospheric', 'Adventure', 'Singleplayer', 'Dark', 'Puzzle Platformer', 'Puzzle', 'Indie', 'Story Rich', 'Stealth', 'Platformer', 'Psychological Horror', 'Great Soundtrack', '2.5D', 'Third Person', 'Survival Horror', 'Female Protagonist', 'Short', 'Action', 'Strategy']",puzzle_matching,2024-08-05 12:10
1927740,Monument Valley 2: Panoramic Edition,"Jul 12, 2022",Very Positive,"| 1,596 User Reviews",NT$ 68.00,"['Casual', 'Strategy', 'Action', 'Puzzle', 'Design & Illustration', 'Point & Click', 'Exploration', 'Puzzle Platformer', 'Precision Platformer', '3D', 'Third Person', 'Atmospheric', 'Emotional', 'Fantasy', 'Mystery', 'Relaxing', 'Female Protagonist', 'Linear', 'Singleplayer', 'Adventure']",puzzle_matching,2024-08-05 12:10
1455840,Dorfromantik,"Apr 28, 2022",Overwhelmingly Positive,"| 24,187 User Reviews",NT$ 248.00,"['Puzzle', 'Relaxing', 'Turn-Based Strategy', 'City Builder', 'Strategy', 'Board Game', 'Casual', 'Simulation', 'Resource Management', 'Sandbox', 'Turn-Based Tactics', 'Logic', 'Family Friendly', 'Procedural Generation', 'Controller', 'Minimalist', '3D', 'Indie', 'Hand-drawn', 'Singleplayer']",puzzle_matching,2024-08-05 12:10
2583430,Alice in the Nightmare Land,"Jun 8, 2024",Very Positive,| 153 User Reviews,NT$ 218.00,"['Nudity', 'Sexual Content', 'NSFW', 'Gore', 'Escape Room', 'JRPG', 'Simulation', 'RPG', 'Adventure', 'Puzzle', 'Dungeon Crawler', 'Cute', 'Hand-drawn', 'Third Person', 'Fantasy', 'Female Protagonist', 'Dark Fantasy', 'Atmospheric', 'Singleplayer', 'Multiple Endings']",puzzle_matching,2024-08-05 12:10
1364210,City Bus Manager,"Jun 25, 2024",Very Positive,"| 1,446 User Reviews",NT$ 488.00,"['Simulation', 'Management', 'Singleplayer', 'Economy', 'Automobile Sim', 'Capitalism', 'Casual', 'Logic', 'Strategy', 'Sandbox', 'Grand Strategy', 'Time Management', 'Foreign', 'Colorful', 'Relaxing', 'Family Friendly', 'Cartoony', 'Transportation', 'Early Access']",puzzle_matching,2024-08-05 12:10
1515210,The Past Within,"Nov 2, 2022",Very Positive,"| 12,044 User Reviews",NT$ 118.00,"['Co-op', 'Puzzle', 'Online Co-Op', 'Multiplayer', 'Horror', 'Escape Room', 'Mystery', 'Adventure', 'Point & Click', 'Indie', 'Psychological Horror', 'Local Co-Op', 'Story Rich', 'Local Multiplayer', 'Atmospheric', 'Thriller', 'Asynchronous Multiplayer', '2D', 'Surreal', '3D']",puzzle_matching,2024-08-05 12:10
339340,Resident Evil 0,"Jan 19, 2016",Very Positive,"| 8,718 User Reviews",NT$ 162.00,"['Horror', 'Zombies', 'Survival Horror', 'Adventure', 'Classic', 'Action', 'Singleplayer', 'Remake', 'Third Person', 'Atmospheric', 'Survival', 'Female Protagonist', 'Puzzle', 'Story Rich', 'Difficult', 'Gore', 'Third-Person Shooter', 'Multiplayer', 'Great Soundtrack', 'Shooter']",puzzle_matching,2024-08-05 12:10
1634150,Behind the Frame: The Finest Scenery,"Aug 25, 2021",Overwhelmingly Positive,"| 4,213 User Reviews",NT$ 238.00,"['Atmospheric', 'Singleplayer', 'Story Rich', 'Puzzle', 'Female Protagonist', 'RPG', 'Relaxing', 'Exploration', 'Anime', 'First-Person', 'Narrative', 'Interactive Fiction', 'Cute', 'Point & Click', 'Clicker', 'Hidden Object', 'Hand-drawn', 'Cinematic', 'Drama', '360 Video']",puzzle_matching,2024-08-05 12:10
736260,Baba Is You,"Mar 13, 2019",Overwhelmingly Positive,"| 17,321 User Reviews",NT$ 268.00,"['Puzzle', 'Indie', 'Difficult', 'Singleplayer', 'Logic', 'Pixel Graphics', 'Cute', 'Programming', '2D', 'Sokoban', 'Great Soundtrack', 'Minimalist', 'Casual', 'Level Editor', 'Top-Down', 'Retro', 'Strategy', 'Atmospheric', 'Funny', 'Surreal']",puzzle_matching,2024-08-05 12:10
2696320,Thought Experiment Simulator,"Jul 23, 2024",Very Positive,| 230 User Reviews,NT$ 89.00,"['Dynamic Narration', 'Comedy', 'Philosophical', 'Trains', 'Memes', 'Indie', 'Hand-drawn', 'Simulation', 'Short', 'Casual', '2D', 'Point & Click', 'Noir', 'Parody ', 'Dark Humor', 'Abstract', 'Singleplayer', 'Procedural Generation']",puzzle_matching,2024-08-05 12:10
1071870,Biped,"Mar 26, 2020",Very Positive,"| 6,218 User Reviews",NT$ 268.00,"['Relaxing', 'Character Customization', 'PvE', 'Logic', 'Co-op', 'Action', 'Multiplayer', 'Casual', 'Physics', 'Open World', 'Funny', 'Level Editor', 'Local Multiplayer', 'Parkour', 'Indie', 'Cute', 'Strategy', 'Puzzle', 'Adventure', 'Family Friendly']",puzzle_matching,2024-08-05 12:10
2343790,A Little to the Left: Cupboards & Drawers,"Jun 27, 2023",Very Positive,| 160 User Reviews,NT$ 118.00,"['Indie', 'Casual', 'Puzzle', 'Relaxing', 'Wholesome', 'Cute']",puzzle_matching,2024-08-05 12:10
1318690,shapez,"Jun 7, 2020",Overwhelmingly Positive,"| 10,779 User Reviews",NT$ 188.00,"['Automation', 'Base Building', 'Resource Management', 'Sandbox', 'Crafting', 'Strategy', 'Singleplayer', 'Management', 'Building', 'Open World', '2D', 'Puzzle', 'Casual', 'Moddable', 'Simulation', 'Abstract', 'Procedural Generation', 'Logic', 'Family Friendly', 'Indie']",puzzle_matching,2024-08-05 12:10
1987080,Inside the Backrooms,"Jun 20, 2022",Very Positive,"| 35,381 User Reviews",NT$ 149.00,"['Horror', 'Multiplayer', 'Survival Horror', 'Puzzle', 'Psychological Horror', 'Co-op', 'Online Co-Op', 'Adventure', 'Exploration', 'First-Person', 'Atmospheric', 'FPS', 'Dark', '3D', 'Mystery', 'Sci-fi', 'VR', 'Story Rich', 'PvE', 'Early Access']",puzzle_matching,2024-08-05 12:10
2419810,Escape Simulator: Magic DLC,"Feb 22, 2024",Very Positive,| 129 User Reviews,NT$ 119.00,"['Puzzle', 'Adventure', 'Co-op', 'Escape Room', 'Multiplayer', 'Casual', 'Indie', 'Simulation', 'First-Person', 'Controller', 'Mystery', 'Family Friendly', 'Singleplayer', 'Online Co-Op', 'Story Rich', 'Point & Click', 'Exploration', 'Level Editor', 'Investigation', 'Walking Simulator']",puzzle_matching,2024-08-05 12:10
239030,"Papers, Please","Aug 8, 2013",Overwhelmingly Positive,"| 63,344 User Reviews",NT$ 188.00,"['Indie', 'Political', 'Simulation', 'Singleplayer', 'Point & Click', 'Pixel Graphics', 'Dystopian ', 'Multiple Endings', 'Puzzle', 'Story Rich', 'Retro', 'Atmospheric', '2D', 'Great Soundtrack', 'Addictive', 'Strategy', 'Replay Value', 'Casual', 'Difficult', 'Adventure']",puzzle_matching,2024-08-05 12:10
1109570,Word Game,"Jan 21, 2022",Very Positive,"| 5,251 User Reviews",NT$ 468.00,"['Exploration', 'Puzzle', 'Choose Your Own Adventure', 'Strategy', '2D', 'RPG', 'Dragons', 'JRPG', 'Story Rich', 'Noir', 'Multiple Endings', 'Narration', 'Linear', 'Pixel Graphics', 'Minimalist', 'Stylized', 'Logic', 'Magic', 'Atmospheric', 'Adventure']",puzzle_matching,2024-08-05 12:10
2555190,Poppy Playtime - Chapter 3,"Jan 30, 2024",Very Positive,"| 6,850 User Reviews",NT$ 268.00,"['Adventure', 'Action', 'Indie', 'Horror', 'Puzzle', 'Singleplayer', 'First-Person', 'Dark', 'Survival Horror', 'Jump Scare', '3D', 'Violent', 'Mystery', 'Blood', 'Psychological Horror', 'Story Rich', 'Survival', 'Atmospheric', 'Gore', 'Action-Adventure']",puzzle_matching,2024-08-05 12:10
1444480,Turing Complete,"Oct 2, 2021",Overwhelmingly Positive,"| 2,975 User Reviews",NT$ 318.00,"['Programming', 'Logic', 'Education', 'Puzzle', 'Simulation', 'Hacking', 'Building', 'Automation', 'Singleplayer', 'Early Access', '2D', 'Sci-fi', 'Stylized', 'Difficult', 'Psychological Horror']",puzzle_matching,2024-08-05 12:10
1973970,雀皇麻雀,"Nov 11, 2022",Mostly Positive,| 762 User Reviews,Free To Play,"['FMV', 'Anime', 'Casual', 'Board Game', 'Nudity', 'Psychological Horror', 'JRPG', 'Strategy', 'Sexual Content', 'Multiplayer', 'Free to Play', 'Mahjong', 'Tabletop', 'Online Co-Op', 'Relaxing', 'Funny', 'PvP', 'RPG', 'Story Rich', 'Visual Novel']",puzzle_matching,2024-08-05 12:10
1611430,The Bridge Curse Road to Salvation,"Aug 25, 2022",Very Positive,"| 2,088 User Reviews",NT$ 299.00,"['Horror', 'First-Person', 'Puzzle', 'Exploration', 'Drama', 'Romance', 'RPG', 'Supernatural', 'Psychological Horror', 'Multiple Endings', 'Atmospheric', 'Singleplayer', 'Survival Horror', 'Adventure', 'Modern', 'Action-Adventure', 'Action', 'Funny', 'Story Rich', 'Gore']",puzzle_matching,2024-08-05 12:10
1216710,Cyber Manhunt,"Feb 3, 2021",Very Positive,"| 12,951 User Reviews",NT$ 131.00,"['Simulation', 'RPG', 'Puzzle', 'Hacking', 'Indie', 'Mystery', 'Detective', 'Singleplayer', 'Crime', 'Immersive Sim', 'Story Rich', 'Cyberpunk', '2D', 'Atmospheric', 'Word Game', 'Investigation', 'Casual', 'Psychological Horror', 'Early Access', 'Linear']",puzzle_matching,2024-08-05 12:10
1730700,We Love Katamari REROLL+ Royal Reverie,"Jun 1, 2023",Overwhelmingly Positive,"| 1,305 User Reviews",NT$ 297.00,"['Action', 'Singleplayer', '3D', 'Cute', 'Third Person', 'Funny', 'Controller', 'Great Soundtrack', 'Local Multiplayer', 'Space', 'Cult Classic', 'Colorful', 'Surreal', 'Puzzle', 'Comedy', 'Relaxing']",puzzle_matching,2024-08-05 12:10
1178490,港詭實錄ParanormalHK,"Jan 6, 2020",Very Positive,"| 15,778 User Reviews",NT$ 238.00,"['Horror', 'Sexual Content', 'Dating Sim', 'Psychological Horror', 'Adventure', 'Multiplayer', 'Funny', 'Thriller', 'Nudity', 'Puzzle', 'First-Person', 'Indie', 'Singleplayer', 'Drama', 'Atmospheric', 'Dark', 'FPS', 'Action', 'Walking Simulator', 'Co-op']",puzzle_matching,2024-08-05 12:10
288160,The Room,"Jul 28, 2014",Overwhelmingly Positive,"| 25,842 User Reviews",NT$ 148.00,"['Puzzle', 'Mystery', 'Point & Click', 'Atmospheric', 'Singleplayer', 'Adventure', 'Indie', 'Hidden Object', 'Short', 'Horror', 'Casual', 'First-Person', 'Beautiful', 'Dark', 'Escape Room', 'Steampunk', 'Lovecraftian', 'Touch-Friendly', 'Story Rich', 'Multiplayer']",puzzle_matching,2024-08-05 12:10
207610,The Walking Dead,"Apr 24, 2012",Overwhelmingly Positive,"| 42,474 User Reviews",NT$ 26.00,"['Zombies', 'Story Rich', 'Adventure', 'Point & Click', 'Episodic', 'Singleplayer', 'Choices Matter', 'Drama', 'Horror', 'Emotional', 'Mature', 'Atmospheric', 'Choose Your Own Adventure', 'Post-apocalyptic', 'Comic Book', 'Survival', 'Quick-Time Events', 'Gore', 'Action', 'Third Person']",puzzle_matching,2024-08-05 12:10
1689910,Dōkyūsei: Bangin' Summer,"Apr 15, 2022",Very Positive,"| 1,566 User Reviews",NT$ 127.00,"['Dating Sim', 'Romance', 'Visual Novel', 'Comedy', 'Anime', ""1990's"", 'Time Management', 'Multiple Endings', 'Point & Click', 'Old School', 'Retro', 'Drama', 'Cute', 'Funny', 'Simulation', 'Emotional', '2D', 'Adventure', 'Hand-drawn', 'Sci-fi']",puzzle_matching,2024-08-05 12:10
1901370,Ib,"Apr 11, 2022",Overwhelmingly Positive,"| 3,462 User Reviews",NT$ 166.00,"['Horror', 'RPGMaker', '2D', 'Pixel Graphics', 'Psychological Horror', 'Female Protagonist', 'Cute', 'Singleplayer', 'Adventure', 'Anime', 'Indie', 'Atmospheric', 'Psychological', 'Dark Fantasy', 'Puzzle', 'Multiple Endings', 'Survival Horror', 'Survival', 'Great Soundtrack', 'Remake']",puzzle_matching,2024-08-05 12:10
698670,Scorn,"Oct 14, 2022",Mostly Positive,"| 9,856 User Reviews",NT$ 142.00,"['Gore', 'Horror', 'Atmospheric', 'Puzzle', 'Sexual Content', 'First-Person', 'Dark', 'Nudity', 'Adventure', 'Psychological Horror', 'Violent', 'Lovecraftian', 'Singleplayer', 'Sci-fi', 'Walking Simulator', 'Surreal', 'Indie', 'Survival Horror', 'Action', 'FPS']",puzzle_matching,2024-08-05 12:10
2372380,勾八麻将(J8 Mahjong),"Jun 16, 2023",Very Positive,| 656 User Reviews,NT$ 66.00,"['Sexual Content', 'Hentai', 'Nudity', 'NSFW', 'Casual', 'Mahjong', 'RPG', 'Card Game', 'Dating Sim', 'Sports', 'Anime', 'JRPG', 'Tabletop', 'Visual Novel', 'Card Battler', 'Solitaire', 'FPS', 'Match 3', '2D', 'Pixel Graphics']",puzzle_matching,2024-08-05 12:10
2165710,Besiege: The Splintered Sea,"May 24, 2024",Very Positive,| 247 User Reviews,NT$ 168.00,"['Simulation', 'Physics', 'Building', 'Destruction', 'Sandbox', 'Logic', 'Moddable', 'Medieval', 'Puzzle', 'LEGO', 'Multiplayer', 'Replay Value', 'Naval Combat', 'Flight', 'Online Co-Op', 'Level Editor', 'Vehicular Combat', 'Robots', 'Dark Humor', 'Open World Survival Craft']",puzzle_matching,2024-08-05 12:10
1101120,Gunsmith Simulator,"Jul 19, 2023",Very Positive,"| 1,877 User Reviews",NT$ 226.00,"['Simulation', 'Early Access', 'Singleplayer', 'Realistic', 'Military', 'Puzzle', 'First-Person', 'America', 'Shooter', 'Management', 'Inventory Management', 'FPS', 'Minigames', 'Action', 'Tactical', 'Sandbox', 'Open World', 'War', 'Co-op', 'Moddable']",puzzle_matching,2024-08-05 12:10
555220,Detention,"Jan 12, 2017",Overwhelmingly Positive,"| 9,588 User Reviews",NT$ 299.00,"['Horror', 'Indie', 'Psychological Horror', 'Atmospheric', 'Puzzle', 'Story Rich', 'Adventure', 'Great Soundtrack', 'Drama', 'Dark', 'Point & Click', 'Female Protagonist', 'Thriller', 'Surreal', 'Retro', 'Visual Novel', 'Exploration', 'Gore', 'Survival Horror', 'Violent']",puzzle_matching,2024-08-05 12:10
2826180,Chill Pulse,"May 3, 2024",Overwhelmingly Positive,"| 1,319 User Reviews",NT$ 102.00,"['Casual', 'Simulation', 'Point & Click', 'Utilities', 'Dating Sim', 'Idler', 'Visual Novel', 'Pixel Graphics', 'Education', 'Life Sim', 'Immersive Sim', 'Cute', 'Anime', 'Female Protagonist', 'Psychedelic', 'Cyberpunk', 'Wholesome', 'Character Customization', 'Colorful', 'Drama']",puzzle_matching,2024-08-05 12:10
1812060,Yokai Art: Night Parade of One Hundred Demons,"Sep 29, 2022",Very Positive,| 895 User Reviews,NT$ 107.00,"['Roguelite', 'Tower Defense', 'Sexual Content', 'Strategy', 'Real Time Tactics', 'Singleplayer', 'Casual', 'Roguelike', 'Tactical', 'RTS', 'Deckbuilding', 'Puzzle', '2D', 'Wargame', 'Indie', 'Cute', 'Cartoon', 'Demons', 'Fantasy', 'Survival']",puzzle_matching,2024-08-05 12:10
1012880,60 Seconds! Reatomized,"Jul 25, 2019",Very Positive,"| 13,732 User Reviews",NT$ 186.00,"['Strategy', 'Survival', 'Post-apocalyptic', 'Choices Matter', 'Simulation', 'Casual', 'Singleplayer', 'Adventure', 'Indie', 'Choose Your Own Adventure', 'Comedy', 'Dark Comedy', 'Funny', 'Point & Click', 'Difficult', 'Remake', 'Text-Based', 'Roguelite', 'Horror', 'Cartoon']",puzzle_matching,2024-08-05 12:10
2291850,Underground Blossom,"Sep 27, 2023",Overwhelmingly Positive,"| 5,224 User Reviews",NT$ 102.00,"['Adventure', 'Escape Room', 'Puzzle', 'Point & Click', 'Indie', 'Mystery', 'Singleplayer', 'Horror', 'Story Rich']",puzzle_matching,2024-08-05 12:10
1127500,Mini Motorways,"Jul 20, 2021",Overwhelmingly Positive,"| 18,831 User Reviews",NT$ 186.00,"['Strategy', 'Simulation', 'Casual', 'Indie', 'Management', 'Minimalist', 'Puzzle', 'Relaxing', 'Transportation', 'Building', 'Singleplayer', 'Stylized', 'Top-Down', 'Beautiful', 'City Builder', 'Family Friendly', 'Great Soundtrack', 'Resource Management', 'Touch-Friendly', 'Multiplayer']",puzzle_matching,2024-08-05 12:10
1808680,Snufkin: Melody of Moominvalley,"Mar 7, 2024",Overwhelmingly Positive,"| 1,454 User Reviews",NT$ 328.00,"['Colorful', 'Puzzle', '2D', 'RPG', 'Stylized', 'Atmospheric', 'Open World', 'Cute', 'Relaxing', 'Story Rich', 'Wholesome', 'Casual', 'Adventure', 'Cozy', 'Music', 'Life Sim', 'Hidden Object', 'Family Friendly', 'Inventory Management', 'Nature']",puzzle_matching,2024-08-05 12:10
690640,Trine 4: The Nightmare Prince,"Oct 8, 2019",Very Positive,"| 10,290 User Reviews",NT$ 438.00,"['Puzzle Platformer', 'Online Co-Op', 'Local Co-Op', 'Action-Adventure', 'Co-op', 'Beautiful', 'Fantasy', '2.5D', 'Multiplayer', 'Adventure', 'Platformer', 'Puzzle', 'Action', 'Atmospheric', 'Local Multiplayer', 'Great Soundtrack', 'Stylized', 'Indie', 'Singleplayer', 'RPG']",puzzle_matching,2024-08-05 12:10
1594940,Little Witch in the Woods,"May 17, 2022",Very Positive,"| 6,490 User Reviews",NT$ 278.00,"['Cute', 'Simulation', 'Casual', 'Magic', 'Life Sim', 'Pixel Graphics', 'Puzzle', 'Open World', 'RPG', 'Adventure', 'Farming Sim', 'Story Rich', 'Relaxing', 'Immersive Sim', 'Creature Collector', 'Crafting', 'Management', 'Indie', 'Exploration', 'Hidden Object']",puzzle_matching,2024-08-05 12:10
1119980,In Sound Mind,"Sep 28, 2021",Overwhelmingly Positive,"| 3,652 User Reviews",NT$ 49.00,"['Horror', 'Psychological Horror', 'Story Rich', 'Puzzle', 'Action', 'Singleplayer', 'Atmospheric', 'First-Person', 'Indie', 'Shooter', 'Action-Adventure', 'FPS', 'Platformer', 'Exploration', 'Cats', 'Psychedelic', 'Music', '3D Platformer', 'Hidden Object', 'Puzzle Platformer']",puzzle_matching,2024-08-05 12:10
1506980,Lay a Beauty to Rest: The Darkness Peach Blossom Spring,"Oct 21, 2021",Overwhelmingly Positive,"| 5,126 User Reviews",NT$ 248.00,"['Adventure', 'Mystery', 'Multiple Endings', 'Visual Novel', 'Investigation', 'Interactive Fiction', 'Story Rich', 'Word Game', 'Dating Sim', 'Anime', 'Singleplayer', 'Indie', 'Casual', '2D', 'Romance', 'Drama', 'Mature', 'Dark', 'Time Management', 'Sexual Content']",puzzle_matching,2024-08-05 12:10
1049410,Superliminal,"Nov 5, 2020",Very Positive,"| 22,639 User Reviews",NT$ 318.00,"['Puzzle', 'First-Person', 'Surreal', 'Narration', 'Physics', 'Psychological', 'Singleplayer', 'Thriller', 'Story Rich', 'Adventure', 'Funny', 'Exploration', 'Psychedelic', '3D Vision', 'Puzzle Platformer', 'Minimalist', 'Cinematic', 'Colorful', 'Dark Humor', 'Stylized']",puzzle_matching,2024-08-05 12:10
761830,Mr. Prepper,"Mar 18, 2021",Very Positive,"| 3,971 User Reviews",NT$ 101.00,"['Survival', 'Simulation', 'Base Building', 'Crafting', 'Adventure', 'Management', 'Resource Management', 'Indie', 'Casual', 'RPG', 'Underground', 'Point & Click', 'Life Sim', '2.5D', 'Singleplayer', 'Exploration', 'Economy', 'Action', 'Atmospheric', 'Realistic']",puzzle_matching,2024-08-05 12:10
953490,CARRION,"Jul 23, 2020",Very Positive,"| 22,396 User Reviews",NT$ 98.00,"['Villain Protagonist', 'Pixel Graphics', 'Gore', 'Action', 'Indie', 'Horror', 'Metroidvania', 'Violent', '2D', 'Adventure', 'Singleplayer', 'Blood', 'Puzzle', 'Physics', 'Lovecraftian', 'Sci-fi', 'Platformer', 'Mature', 'Atmospheric', 'Great Soundtrack']",puzzle_matching,2024-08-05 12:10
413410,Danganronpa: Trigger Happy Havoc,"Feb 18, 2016",Overwhelmingly Positive,"| 26,282 User Reviews",NT$ 468.00,"['Anime', 'Visual Novel', 'Mystery', 'Detective', 'Story Rich', 'Great Soundtrack', 'Singleplayer', 'Psychological Horror', 'Adventure', 'Horror', 'Dark Comedy', 'Dark Humor', 'Puzzle', 'Point & Click', 'Funny', 'Comedy', 'Exploration', 'Survival', 'Action', 'Memes']",puzzle_matching,2024-08-05 12:10
532110,Rusty Lake: Roots,"Oct 20, 2016",Overwhelmingly Positive,"| 6,297 User Reviews",NT$ 82.00,"['Puzzle', 'Point & Click', 'Indie', 'Adventure', 'Psychological Horror', 'Horror', 'Story Rich', 'Singleplayer', 'Hidden Object', 'Atmospheric', '2D', 'Mystery', 'Dark', 'Surreal', 'Escape Room', 'Gore', 'Casual', 'Hand-drawn', 'Immersive', 'Lovecraftian']",puzzle_matching,2024-08-05 12:10
2069040,Unboxing the Cryptic Killer,"Apr 27, 2023",Very Positive,| 946 User Reviews,NT$ 118.00,"['Puzzle', 'Online Co-Op', 'Escape Room', 'Point & Click', 'Mystery', 'Adventure', 'Casual', 'Exploration', '2D', 'Cartoony', 'Comic Book', 'Hand-drawn', 'Logic', 'Co-op', 'Crime', 'Detective', 'Multiplayer', 'Investigation', 'Family Friendly', 'Female Protagonist']",puzzle_matching,2024-08-05 12:10
2653790,The Exit 8,"Nov 29, 2023",Very Positive,"| 6,449 User Reviews",NT$ 82.00,"['Psychological Horror', 'Walking Simulator', 'Horror', 'First-Person', 'Exploration', 'Puzzle', 'Immersive Sim', '3D', 'Surreal', 'Atmospheric', 'Funny', 'Linear', 'Simulation', 'Realistic', 'Controller', 'Psychological', 'Mystery', 'Adventure', 'Singleplayer', 'Modern']",puzzle_matching,2024-08-05 12:10
368340,CrossCode,"Sep 21, 2018",Very Positive,"| 14,011 User Reviews",NT$ 99.00,"['Action RPG', 'Pixel Graphics', 'RPG', 'Female Protagonist', 'Puzzle', 'Singleplayer', 'Indie', 'Great Soundtrack', '2D', 'Story Rich', 'Adventure', 'Action', 'Retro', 'Anime', 'Sci-fi', 'JRPG', 'Action-Adventure', 'Difficult', 'Cyberpunk', 'Open World']",puzzle_matching,2024-08-05 12:10
261030,The Walking Dead: Season Two,"Dec 17, 2013",Overwhelmingly Positive,"| 23,190 User Reviews",NT$ 53.00,"['Zombies', 'Adventure', 'Story Rich', 'Episodic', 'Point & Click', 'Singleplayer', 'Female Protagonist', 'Drama', 'Choices Matter', 'Atmospheric', 'Choose Your Own Adventure', 'Horror', 'Comic Book', 'Emotional', 'Mature', 'Survival', 'Post-apocalyptic', 'Cinematic', 'Action', 'Quick-Time Events']",puzzle_matching,2024-08-05 12:10
1292940,Cube Escape Collection,"Oct 14, 2020",Overwhelmingly Positive,"| 5,756 User Reviews",NT$ 102.00,"['Puzzle', 'Point & Click', 'Mystery', 'Horror', 'Psychological Horror', 'Story Rich', 'Indie', 'Singleplayer', 'Escape Room', 'Detective', 'Adventure', 'Atmospheric', 'Dark', 'Surreal', 'Hand-drawn', '2D', 'Short', 'Multiple Endings', 'Casual']",puzzle_matching,2024-08-05 12:10
536220,The Walking Dead: A New Frontier,"Dec 20, 2016",Very Positive,"| 12,753 User Reviews",NT$ 53.00,"['Zombies', 'Story Rich', 'Choices Matter', 'Adventure', 'Post-apocalyptic', 'Atmospheric', 'Episodic', 'Singleplayer', 'Survival', 'Gore', 'Action', 'Choose Your Own Adventure', 'Point & Click', 'Horror', 'Violent', 'Drama', 'Female Protagonist', 'Comic Book', 'Visual Novel', 'Casual']",puzzle_matching,2024-08-05 12:10
1559390,Fate Seeker II,"Nov 22, 2021",Very Positive,"| 10,958 User Reviews",NT$ 599.00,"['RPG', 'Martial Arts', 'Action RPG', 'Puzzle', 'Exploration', 'Open World', 'Hack and Slash', 'Singleplayer', '3D', 'Third Person', 'Drama', 'Lore-Rich', 'Investigation', 'Story Rich', 'Historical', 'Sexual Content', 'Dating Sim', 'Nudity']",puzzle_matching,2024-08-05 12:10
1776970,月に寄りそう乙女の作法,"Jun 17, 2022",Overwhelmingly Positive,"| 2,330 User Reviews",NT$ 292.00,"['Visual Novel', 'Word Game', 'Story Rich', 'Casual', 'Female Protagonist', 'Cartoon', 'Adventure', 'Anime', 'Interactive Fiction', '2D Platformer', 'Sexual Content', 'Cartoony', 'Cute', 'LGBTQ+', 'Drama', 'Comedy', 'Multiple Endings', 'Hentai', 'Singleplayer', 'Nudity']",puzzle_matching,2024-08-05 12:10
677160,We Were Here Too,"Feb 2, 2018",Very Positive,"| 6,918 User Reviews",NT$ 188.00,"['Online Co-Op', 'Escape Room', 'Puzzle', 'Co-op', 'Horror', 'Investigation', 'Action-Adventure', 'Multiplayer', 'First-Person', 'Atmospheric', 'Multiple Endings', 'Adventure', 'Co-op Campaign', 'Mystery', 'Psychological Horror', 'Linear', 'Casual', 'Dark', 'Immersive', 'Indie']",puzzle_matching,2024-08-05 12:10
2272400,Station to Station,"Oct 3, 2023",Very Positive,| 886 User Reviews,NT$ 149.00,"['Simulation', 'Relaxing', 'Puzzle', 'Cozy', 'Voxel', 'Nature', 'Trains', 'Wholesome', 'Atmospheric', 'Management', 'Procedural Generation', 'Cute', 'Transportation', 'Strategy', 'Casual', 'City Builder', 'Sandbox', 'Automation', 'Minimalist', 'Building']",puzzle_matching,2024-08-05 12:10
744190,Rusty Lake Paradise,"Jan 11, 2018",Overwhelmingly Positive,"| 4,711 User Reviews",NT$ 82.00,"['Puzzle', 'Point & Click', 'Indie', 'Adventure', 'Psychological Horror', 'Horror', 'Atmospheric', 'Singleplayer', '2D', 'Mystery', 'Story Rich', 'Escape Room', 'Surreal', 'Hand-drawn', 'Dark', 'Hidden Object', 'Gore']",puzzle_matching,2024-08-05 12:10
913740,WORLD OF HORROR,"Oct 19, 2023",Very Positive,"| 8,184 User Reviews",NT$ 285.00,"['Horror', 'Lovecraftian', 'Pixel Graphics', 'Survival Horror', 'Roguelite', 'Psychological Horror', 'Point & Click', 'Unforgiving', '2D', 'RPG', 'Roguelike', 'Turn-Based Combat', 'Survival', 'Anime', 'Card Game', 'Atmospheric', 'Mystery', 'Moddable', 'Adventure', 'Singleplayer']",puzzle_matching,2024-08-05 12:10
1850160,Poly Bridge 3,"May 30, 2023",Overwhelmingly Positive,"| 1,188 User Reviews",NT$ 328.00,"['Simulation', 'Puzzle', '3D', 'Building', 'Cartoon', 'Colorful', 'Physics', 'Level Editor', 'Stylized', 'Crafting', 'Singleplayer', 'Funny', 'Moddable']",puzzle_matching,2024-08-05 12:10
2918550,Drive Me Crazy,"Jul 13, 2024",Mostly Positive,| 303 User Reviews,NT$ 386.00,"['RPG', 'Dating Sim', 'Strategy', 'FMV', 'Adventure', 'Casual', 'Puzzle', 'Interactive Fiction', 'Simulation', 'Female Protagonist', 'Singleplayer', 'Sexual Content', 'Emotional']",puzzle_matching,2024-08-05 12:10
524910,Hidden Through Time,"Mar 12, 2020",Very Positive,"| 2,415 User Reviews",NT$ 152.00,"['Hidden Object', 'Casual', 'Puzzle', 'Point & Click', '2D', 'Family Friendly', 'Cute', 'Collectathon', 'Funny', 'Historical', 'Relaxing', 'Colorful', 'Hand-drawn', 'Level Editor', 'Minimalist', 'Time Travel', 'Adventure', 'Singleplayer', 'Atmospheric', 'Building']",puzzle_matching,2024-08-05 12:10
2296990,We Were Here Expeditions: The FriendShip,"Sep 14, 2023",Very Positive,"| 1,573 User Reviews",NT$ 82.00,"['Co-op', 'Puzzle', 'Online Co-Op', 'Adventure', 'Multiplayer', 'Casual', 'Emotional', 'Atmospheric', 'Cute', 'First-Person', '3D', 'Mystery', 'Team-Based', 'Controller', 'Multiple Endings', 'Story Rich', 'Linear', 'Asynchronous Multiplayer', 'Indie', 'Drama']",puzzle_matching,2024-08-05 12:10
499180,"Braid, Anniversary Edition","May 14, 2024",Very Positive,| 651 User Reviews,NT$ 328.00,"['Puzzle Platformer', '2D Platformer', 'Puzzle', 'Platformer', 'Action-Adventure', '2D', 'Action', 'Narration', 'Time Manipulation', 'Casual', 'Cartoony', 'Colorful', 'Hand-drawn', 'Game Development', 'Logic', 'Time Travel', 'Atmospheric', 'Emotional', 'Programming', 'Adventure']",puzzle_matching,2024-08-05 12:10
413420,Danganronpa 2: Goodbye Despair,"Apr 19, 2016",Overwhelmingly Positive,"| 23,408 User Reviews",NT$ 468.00,"['Anime', 'Detective', 'Visual Novel', 'Mystery', 'Story Rich', 'Great Soundtrack', 'Singleplayer', 'Psychological Horror', 'Adventure', 'Dark Comedy', 'Horror', 'Puzzle', 'Atmospheric', 'Dark', 'Comedy', 'Mature', 'Memes', 'Dating Sim', 'Funny', 'Walking Simulator']",puzzle_matching,2024-08-05 12:10
2758000,Vanity Fair: The Pursuit,"Feb 20, 2024",Very Positive,"| 2,985 User Reviews",NT$ 200.00,"['RPG', 'FMV', 'Choices Matter', 'Story Rich', 'Cinematic', 'Indie', 'Drama', 'Immersive Sim', 'Simulation', 'Interactive Fiction', 'Visual Novel', 'Word Game', 'Singleplayer', 'Life Sim', 'Puzzle Platformer', 'Dating Sim', 'Third Person', 'Idler', 'Colorful', ""1990's""]",puzzle_matching,2024-08-05 12:10
2843130, Promise with My Sister,"May 10, 2024",Positive,| 11 User Reviews,NT$ 90.00,"['Strategy', 'RPG', 'Comedy', 'Dating Sim', 'Choose Your Own Adventure', 'Cute', 'Roguelike', 'Strategy RPG', 'Point & Click', 'Roguelite', 'Clicker', '2D', 'Pixel Graphics', 'Anime', 'Drama', 'Inventory Management', 'Choices Matter', 'Singleplayer', 'Otome', 'Fantasy']",puzzle_matching,2024-08-05 12:10
590380,Into the Breach,"Feb 27, 2018",Very Positive,"| 15,996 User Reviews",NT$ 134.00,"['Strategy', 'Turn-Based Strategy', 'Indie', 'Pixel Graphics', 'Turn-Based Tactics', 'Mechs', 'Roguelike', 'Turn-Based', 'Puzzle', 'Sci-fi', 'Roguelite', 'Singleplayer', 'Tactical', 'Turn-Based Combat', 'RPG', 'Isometric', 'Replay Value', 'Simulation', 'Procedural Generation', 'Great Soundtrack']",puzzle_matching,2024-08-05 12:10
2976400,Fork Road,"Jun 11, 2024",Very Positive,| 272 User Reviews,NT$ 82.00,"['Indie', 'Horror', 'Jump Scare', 'Walking Simulator', 'Singleplayer', 'First-Person', 'Survival Horror', 'Zombies', 'Puzzle', 'Adventure', 'Psychological', 'Atmospheric', 'Exploration', 'Immersive Sim', '3D', 'Linear', 'Casual', 'Simulation']",puzzle_matching,2024-08-05 12:10
2744230,"YEAH! YOU WANT ""THOSE GAMES,"" RIGHT? SO HERE YOU GO! NOW, LET'S SEE YOU CLEAR THEM! 2","Jul 17, 2024",Mostly Positive,| 48 User Reviews,NT$ 188.00,"['Casual', 'Puzzle', 'Education', 'Puzzle Platformer', '2D', '3D', 'Cute', 'Comedy', 'Parody ', 'Relaxing', 'Family Friendly', 'Funny', 'Controller', 'Score Attack', 'Tutorial', 'Physics', 'Singleplayer']",puzzle_matching,2024-08-05 12:10
942970,Unheard - Voices of Crime,"Mar 29, 2019",Overwhelmingly Positive,"| 27,651 User Reviews",NT$ 182.00,"['Detective', 'Puzzle', 'Indie', 'Mystery', 'RPG', 'Simulation', 'Story Rich', 'Horror', 'Singleplayer', 'Atmospheric', 'Investigation', 'Point & Click', '2D', 'Top-Down', 'Short', 'Crime', 'Multiplayer']",puzzle_matching,2024-08-05 12:10
1181400,Path of Giants,"Feb 14, 2020",Very Positive,| 338 User Reviews,NT$ 60.00,"['Indie', 'Casual', 'Adventure', 'Puzzle', 'Singleplayer', 'Relaxing', 'Snow', 'Beautiful', 'Stylized', 'Family Friendly', 'Strategy', 'Fantasy', 'Nature', 'Hidden Object', 'Cute', 'Atmospheric', 'Touch-Friendly']",puzzle_matching,2024-08-05 12:10
909080,Cube Escape: Paradox,"Sep 20, 2018",Overwhelmingly Positive,"| 9,522 User Reviews",Free To Play,"['Puzzle', 'Free to Play', 'Point & Click', 'Psychological Horror', 'Mystery', 'Singleplayer', 'Indie', 'Horror', 'Adventure', 'Escape Room', 'Multiplayer', 'Atmospheric', 'Story Rich', '2D', 'Detective', 'Dark', 'Great Soundtrack', 'Surreal', 'Co-op', 'Hand-drawn']",puzzle_matching,2024-08-05 12:10
990630,The Last Campfire,"Oct 7, 2021",Overwhelmingly Positive,"| 8,274 User Reviews",NT$ 268.00,"['Puzzle', 'Adventure', 'Singleplayer', 'Cute', 'Indie', 'Emotional', 'Atmospheric', 'Story Rich', 'Relaxing', 'Fantasy', 'Family Friendly', 'Narration', '3D Platformer', 'Soundtrack', 'Dark Fantasy', 'Puzzle Platformer', 'Philosophical', '3D', 'Controller', 'Dark']",puzzle_matching,2024-08-05 12:10
2303350,Sticky Business,"Jul 17, 2023",Overwhelmingly Positive,"| 3,954 User Reviews",NT$ 188.00,"['Casual', 'Simulation', 'Relaxing', 'Cute', 'Indie', 'Wholesome', 'Puzzle', 'Pixel Graphics', 'Colorful', 'Family Friendly', 'Singleplayer', 'Life Sim', 'LGBTQ+', 'Cozy', '2D', 'Sandbox', 'Economy', 'Point & Click', 'Atmospheric', 'Immersive Sim']",puzzle_matching,2024-08-05 12:10
206190,Gunpoint,"Jun 3, 2013",Overwhelmingly Positive,"| 9,660 User Reviews",NT$ 41.00,"['Stealth', 'Indie', 'Puzzle', '2D', 'Pixel Graphics', 'Singleplayer', 'Comedy', 'Action', 'Strategy', 'Noir', 'Platformer', 'Great Soundtrack', 'Funny', 'Short', 'Hacking', 'Level Editor', 'GameMaker', 'Story Rich', 'Adventure', 'Sci-fi']",puzzle_matching,2024-08-05 12:10
619150,while True: learn(),"Jan 17, 2019",Very Positive,"| 6,149 User Reviews",NT$ 238.00,"['Programming', 'Simulation', 'Education', 'Puzzle', 'Indie', 'Science', 'Sandbox', 'Building', 'Cats', 'Logic', 'Investigation', 'Transhumanism', 'Underground', 'Dynamic Narration', 'Intentionally Awkward Controls', 'Singleplayer', 'Coding', '2D']",puzzle_matching,2024-08-05 12:10
2579280,子归 - Blossom,"Jul 19, 2024",Very Positive,| 250 User Reviews,NT$ 168.00,"['Visual Novel', 'RPG', 'Mystery', 'Detective', 'Singleplayer', 'Adventure', 'Horror', '2D', 'Puzzle', 'Crime', 'Atmospheric', 'Drama', 'Indie', 'Exploration', 'Story Rich']",puzzle_matching,2024-08-05 12:10
2292650,Escape From Mystwood Mansion,"Sep 27, 2023",Very Positive,| 334 User Reviews,NT$ 288.00,"['Escape Room', 'Puzzle', 'Cozy', 'Mystery', 'Exploration', 'First-Person', 'Casual', 'Multiple Endings', 'Detective', 'Controller', 'Stylized', 'Logic', 'Colorful', 'Adventure', 'Singleplayer', 'Point & Click', 'Linear', 'Investigation', '3D', 'Indie']",puzzle_matching,2024-08-05 12:10
1986010,灵墟,"Apr 18, 2023",Very Positive,| 836 User Reviews,NT$ 208.00,"['Indie', 'Exploration', 'Open World', 'RPG', 'Story Rich', 'Word Game', 'Adventure', 'Drama', 'Dungeon Crawler', 'Hidden Object', 'Conversation', '2D', 'Strategy RPG', 'Cartoony', 'Colorful', 'Stylized', 'Relaxing', 'Turn-Based Combat', 'Time Manipulation', 'Singleplayer']",puzzle_matching,2024-08-05 12:10
2179170,A Tower Full of Cats,"May 20, 2024",Overwhelmingly Positive,"| 1,011 User Reviews",NT$ 102.00,"['Cats', 'Hidden Object', 'Puzzle', 'Point & Click', 'Creature Collector', 'Relaxing', 'Adventure', 'Story Rich', 'Collectathon', 'Historical', 'Alternate History', 'Cozy', 'Wholesome', 'Minimalist', 'Cute', 'Time Travel', 'Hand-drawn', 'Casual', 'Colorful', 'Family Friendly']",puzzle_matching,2024-08-05 12:10
1649730,xiuzhen idle,"Jun 21, 2022",Mostly Positive,"| 1,832 User Reviews",NT$ 102.00,"['Idler', 'Early Access', 'Indie', 'Word Game', 'Casual', 'RPG', 'Simulation', 'Clicker', 'Strategy', 'Time Management', 'Text-Based', 'Alternate History', 'Minimalist', 'Fantasy', 'Mythology', 'Point & Click', 'Adventure', 'Singleplayer', '2D', 'Sandbox']",puzzle_matching,2024-08-05 12:10
541570,Sally Face - Episode One,"Dec 14, 2016",Overwhelmingly Positive,"| 17,575 User Reviews",NT$ 66.00,"['Story Rich', 'Psychological Horror', 'Indie', 'Dark', 'Horror', 'Adventure', 'Mystery', 'Puzzle', 'Atmospheric', 'Singleplayer', 'Point & Click', 'Narrative', 'Hand-drawn', 'Supernatural', '2D', 'Emotional', 'Interactive Fiction', 'Demons', 'Dark Humor', 'Casual']",puzzle_matching,2024-08-05 12:10
2128480,Staffer Case: A Supernatural Mystery Adventure,"Apr 30, 2023",Overwhelmingly Positive,"| 2,120 User Reviews",NT$ 226.00,"['Detective', 'Story Rich', 'Atmospheric', 'Mystery', 'Anime', 'Visual Novel', 'Strategy', 'Exploration', 'Text-Based', 'Crime', 'Adventure', 'Cartoony', 'Puzzle', 'Gothic', 'Multiple Endings', 'Cartoon', 'Drama', 'Fantasy', 'Crowdfunded', 'Thriller']",puzzle_matching,2024-08-05 12:10
304240,Resident Evil,"Jan 20, 2015",Very Positive,"| 18,058 User Reviews",NT$ 162.00,"['Survival Horror', 'Zombies', 'Horror', 'Classic', 'Remake', 'Atmospheric', 'Singleplayer', 'Puzzle', 'Survival', 'Adventure', 'Third Person', 'Action', 'Cult Classic', 'Female Protagonist', 'Story Rich', 'Difficult', 'Gore', 'Shooter', 'Great Soundtrack', 'Third-Person Shooter']",puzzle_matching,2024-08-05 12:10
1354910,Tiny Lands,"Jan 22, 2021",Very Positive,| 719 User Reviews,NT$ 138.00,"['Casual', 'Hidden Object', 'Puzzle', 'Relaxing', 'Isometric', 'Minimalist', 'Atmospheric', 'Family Friendly', 'Nature', 'Indie', 'Singleplayer', '3D', 'Cute', 'Funny', 'Adventure', 'Point & Click', '3D Platformer', 'Nonlinear']",puzzle_matching,2024-08-05 12:10
2793370,[Chilla's Art] Shinkansen 0 | 新幹線 0号,"Mar 23, 2024",Very Positive,| 678 User Reviews,NT$ 138.00,"['Horror', 'Choices Matter', 'Psychological Horror', 'Supernatural', 'Realistic', 'Investigation', 'Immersive Sim', 'Walking Simulator', 'Casual', 'Hidden Object', '3D', 'First-Person', 'Atmospheric', 'Singleplayer', 'Anime', 'Adventure', 'Immersive', 'Indie', 'Action', 'Simulation']",puzzle_matching,2024-08-05 12:10
1164050,When The Past Was Around,"Sep 22, 2020",Overwhelmingly Positive,"| 3,323 User Reviews",NT$ 152.00,"['Hidden Object', 'Cute', 'Female Protagonist', 'Relaxing', 'Surreal', 'Interactive Fiction', '2D', 'Singleplayer', 'Puzzle', 'Point & Click', 'Abstract', 'Romance', 'Story Rich', 'Casual', 'Colorful', 'Hand-drawn', 'Stylized', 'Philosophical', 'Atmospheric', 'Music']",puzzle_matching,2024-08-05 12:10
557600,Gorogoa,"Dec 14, 2017",Overwhelmingly Positive,"| 15,328 User Reviews",NT$ 299.00,"['Puzzle', 'Hand-drawn', 'Indie', 'Beautiful', 'Atmospheric', 'Singleplayer', 'Casual', 'Adventure', 'Stylized', 'Short', '2D', 'Point & Click', 'Mystery', 'Story Rich', 'Great Soundtrack', 'Exploration', 'Interactive Fiction', 'Experimental', 'Cartoony', 'Surreal']",puzzle_matching,2024-08-05 12:10
1089980,The Henry Stickmin Collection,"Aug 7, 2020",Overwhelmingly Positive,"| 42,510 User Reviews",NT$ 149.00,"['Funny', 'Multiple Endings', 'Choose Your Own Adventure', 'Memes', 'Comedy', 'Singleplayer', 'Choices Matter', 'Classic', 'Point & Click', '2D', 'Epic', 'Hand-drawn', 'Adventure', 'Family Friendly', 'Indie', 'Action', 'Interactive Fiction', 'Casual', 'Parody ', 'Old School']",puzzle_matching,2024-08-05 12:10
2093010,Supernatural,"Jul 15, 2024",Mixed,| 583 User Reviews,NT$ 172.00,"['Horror', 'Adventure', 'Detective', 'Crime', 'Psychological Horror', 'Action', 'Story Rich', 'Puzzle', 'Psychological', 'Demons', 'Survival Horror', 'Action-Adventure', 'First-Person', 'Atmospheric', 'Stealth', 'Singleplayer', 'FPS', 'Dark', 'Investigation', 'Arcade']",puzzle_matching,2024-08-05 12:10
1879400,Paramnesia: Escape Together,"Mar 6, 2024",Positive,| 37 User Reviews,NT$ 172.00,"['Escape Room', 'Puzzle', 'Exploration', 'Investigation', 'Multiplayer', 'Online Co-Op', 'Party-Based RPG', 'Dungeon Crawler', 'Logic', 'First-Person', 'Hidden Object', 'Surreal', 'Abstract', 'Psychedelic', 'Adventure', 'Choose Your Own Adventure', 'Psychological Horror', 'Detective', 'Dynamic Narration', 'Horror']",puzzle_matching,2024-08-05 12:10
1817490,Poppy Playtime - Chapter 2,"May 5, 2022",Mostly Positive,"| 9,302 User Reviews",NT$ 186.00,"['Horror', 'Adventure', 'Action', 'Indie', 'Puzzle', 'Singleplayer', 'First-Person', 'Survival Horror', 'Mystery', 'Dark', 'Psychological Horror', 'Free to Play', 'Exploration', 'Story Rich', 'Thriller', 'Survival', 'Atmospheric', 'Action-Adventure', 'Multiplayer', 'Physics']",puzzle_matching,2024-08-05 12:10
1201270,A Space for the Unbound,"Jan 19, 2023",Overwhelmingly Positive,"| 4,469 User Reviews",NT$ 196.00,"['Story Rich', 'Pixel Graphics', 'Psychological', 'Emotional', 'Exploration', ""1990's"", 'Puzzle', 'Atmospheric', 'Supernatural', 'Cats', 'Mystery', 'Anime', 'Action-Adventure', 'Relaxing', 'Surreal', 'Adventure', '2D', 'Singleplayer', 'Dystopian ', 'Philosophical']",puzzle_matching,2024-08-05 12:10
274980,Influent Language Learning Game,"Mar 20, 2014",Mostly Positive,| 922 User Reviews,NT$ 94.00,"['Education', 'Word Game', 'Simulation', 'Singleplayer', 'Indie', 'Exploration', 'Point & Click', 'Hidden Object', 'Puzzle', 'Collectathon', 'Life Sim', 'Cute', 'Colorful', 'Crowdfunded', 'Kickstarter', 'Casual', 'First-Person', 'Anime', 'Stylized']",puzzle_matching,2024-08-05 12:10
1507190,Machinika: Museum,"Mar 23, 2021",Very Positive,| 815 User Reviews,NT$ 152.00,"['Puzzle', 'Mystery', 'Point & Click', 'Sci-fi', 'Atmospheric', 'Indie', 'Hidden Object', 'First-Person', 'Adventure', 'Investigation', 'Logic', 'Futuristic', 'Science', 'Aliens', 'Story Rich', 'Singleplayer', 'Narration', '3D', 'Short', 'Physics']",puzzle_matching,2024-08-05 12:10
1578650,Citizen Sleeper,"May 5, 2022",Very Positive,"| 4,997 User Reviews",NT$ 164.00,"['Narrative', 'Cyberpunk', 'RPG', 'Tabletop', 'Sci-fi', 'Story Rich', 'Interactive Fiction', 'Artificial Intelligence', 'Hand-drawn', 'Singleplayer', 'Multiple Endings', 'Point & Click', 'Space', 'Adventure', 'Futuristic', 'Text-Based', 'Exploration', '3D', 'Atmospheric', 'Conversation']",puzzle_matching,2024-08-05 12:10
1159830,Scene Investigators,"Oct 24, 2023",Mostly Positive,| 553 User Reviews,NT$ 438.00,"['Investigation', 'Mystery', 'Puzzle', 'Logic', 'Crime', 'Detective', 'Realistic', 'Exploration', 'Immersive Sim', 'Atmospheric', 'Singleplayer', 'Modern', 'First-Person', '3D', 'Adventure', 'Indie', 'Difficult', 'Thriller', 'Futuristic', 'Horror']",puzzle_matching,2024-08-05 12:10
203160,Tomb Raider,"Mar 5, 2013",Overwhelmingly Positive,"| 144,856 User Reviews",NT$ 370.00,"['Adventure', 'Action', 'Female Protagonist', 'Third Person', 'Singleplayer', 'Story Rich', 'Third-Person Shooter', 'Multiplayer', 'Exploration', 'Action-Adventure', 'Quick-Time Events', 'Atmospheric', 'Shooter', 'Puzzle', 'Stealth', 'Cinematic', 'Platformer', 'RPG', 'Reboot', '3D Vision']",puzzle_matching,2024-08-05 12:10
362680,Fran Bow,"Aug 27, 2015",Overwhelmingly Positive,"| 14,810 User Reviews",NT$ 398.00,"['Psychological Horror', 'Story Rich', 'Point & Click', 'Puzzle', 'Horror', 'Adventure', 'Indie', 'Dark', 'Singleplayer', 'Atmospheric', 'Female Protagonist', 'Psychological', 'Gore', 'Surreal', 'Dark Fantasy', '2D', 'Fantasy', 'Hand-drawn', 'Great Soundtrack', 'Hidden Object']",puzzle_matching,2024-08-05 12:10
1622100,Outer Wilds - Echoes of the Eye,"Sep 28, 2021",Very Positive,"| 4,436 User Reviews",NT$ 299.00,"['Adventure', 'Action', 'Horror', 'Mystery', 'Exploration', 'Atmospheric', 'Space', 'Story Rich', 'Puzzle', 'Great Soundtrack', 'First-Person', 'Singleplayer', 'Sci-fi', 'Stealth', 'Psychological Horror', 'Indie', 'Open World', 'Beautiful']",puzzle_matching,2024-08-05 12:10
1458100,Cozy Grove,"Apr 8, 2021",Very Positive,"| 6,630 User Reviews",NT$ 268.00,"['Relaxing', 'Cute', 'Story Rich', 'Cozy', 'Collectathon', 'Hidden Object', 'Colorful', 'Atmospheric', 'Life Sim', 'Procedural Generation', '2D', 'Management', 'Cartoony', 'Casual', 'Character Customization', 'Funny', 'Crafting', 'Singleplayer', 'Indie', 'Surreal']",puzzle_matching,2024-08-05 12:10
976890,Hidden Deep,"Jan 24, 2022",Mostly Positive,"| 3,239 User Reviews",NT$ 469.00,"['Shooter', 'Physics', '2D Platformer', 'Action', 'Aliens', 'Dark', 'Mystery', 'Thriller', '2D', 'Horror', 'Puzzle', 'Action-Adventure', 'Multiplayer', 'Mining', 'Sci-fi', 'Exploration', 'Singleplayer', 'Co-op', 'Nostalgia', 'Atmospheric']",puzzle_matching,2024-08-05 12:10
329110,Gems of War - Puzzle RPG,"Nov 20, 2014",Mostly Positive,"| 9,813 User Reviews",Free To Play,"['Free to Play', 'Match 3', 'Puzzle', 'PvE', 'Card Game', 'PvP', 'Strategy RPG', 'Turn-Based Strategy', 'RPG', 'Strategy', '2D', 'Turn-Based Combat', 'Story Rich', 'Singleplayer', 'Casual', 'Fantasy', 'Magic', 'War', 'Adventure', 'Multiplayer']",puzzle_matching,2024-08-05 12:10
909150,Cube Escape: Paradox - Chapter 2,"Sep 20, 2018",Very Positive,| 308 User Reviews,NT$ 66.00,"['Adventure', 'Indie', 'Puzzle', 'Point & Click', 'Atmospheric', 'Singleplayer', 'Mystery', 'Story Rich', '2D', 'Escape Room', 'Hand-drawn', 'Psychological Horror', 'Horror']",puzzle_matching,2024-08-05 12:10
949480,BROK the InvestiGator,"Aug 26, 2022",Overwhelmingly Positive,| 728 User Reviews,NT$ 190.00,"['Adventure', 'Point & Click', ""Beat 'em up"", 'Detective', 'Choices Matter', 'RPG', 'Story Rich', 'Mystery', 'Dystopian ', 'Action', 'Atmospheric', 'Cartoony', 'Investigation', 'Soundtrack', '2D', 'Action-Adventure', 'Emotional', 'Cyberpunk', 'Futuristic', 'Post-apocalyptic']",puzzle_matching,2024-08-05 12:10
2004080,Furnish Master,"Feb 20, 2024",Mostly Positive,| 250 User Reviews,NT$ 260.00,"['Colorful', 'Simulation', 'Sandbox', 'Design & Illustration', 'Cozy', 'Relaxing', 'Building', 'Cute', 'Stylized', 'Isometric', 'Casual', '3D', 'Minimalist', 'Base Building', 'Puzzle', 'Life Sim', 'Family Friendly', 'Singleplayer', 'Controller', 'Moddable']",puzzle_matching,2024-08-05 12:10
1889740,Paper Trail,"May 21, 2024",Very Positive,| 126 User Reviews,NT$ 328.00,"['Puzzle', 'Indie', 'Nature', 'Atmospheric', 'Exploration', 'Adventure', 'Colorful', 'Singleplayer', '2D', 'Cozy', 'Top-Down', 'Casual', 'Sokoban', 'Cartoon', 'Collectathon', 'Multiple Endings', 'Hand-drawn', 'Female Protagonist', 'Relaxing', 'Wholesome']",puzzle_matching,2024-08-05 12:10
653530,Return of the Obra Dinn,"Oct 18, 2018",Overwhelmingly Positive,"| 23,657 User Reviews",NT$ 328.00,"['Detective', 'Mystery', 'Puzzle', 'Story Rich', 'Atmospheric', 'Singleplayer', 'Indie', 'Great Soundtrack', 'First-Person', 'Historical', 'Adventure', 'Naval', 'Difficult', 'Retro', 'Multiple Endings', 'Violent', 'Pirates', 'Horror', 'Walking Simulator', 'Noir']",puzzle_matching,2024-08-05 12:10
1115690,"Yes, Your Grace","Mar 6, 2020",Very Positive,"| 8,546 User Reviews",NT$ 79.00,"['Medieval', 'Pixel Graphics', 'RPG', 'Management', 'Choices Matter', 'Simulation', 'Strategy', 'Resource Management', 'Interactive Fiction', 'Multiple Endings', 'Singleplayer', 'Fantasy', 'Political', 'Adventure', 'Point & Click', 'War', 'Historical', 'Turn-Based', 'Inventory Management', 'Puzzle']",puzzle_matching,2024-08-05 12:10
388410,Darksiders II Deathinitive Edition,"Nov 5, 2015",Mostly Positive,"| 13,262 User Reviews",NT$ 172.00,"['Action', 'Hack and Slash', 'Adventure', 'RPG', 'Open World', 'Singleplayer', 'Third Person', 'Fantasy', 'Story Rich', 'Puzzle', 'Great Soundtrack', 'Action RPG', 'Dark Fantasy', 'Parkour', 'Loot', 'Spectacle fighter', 'Gore', 'Controller', 'Multiplayer', 'Metroidvania']",puzzle_matching,2024-08-05 12:10
2675630,Cats Huddled Together 挤在一起的猫猫们,"Dec 16, 2023",Very Positive,| 204 User Reviews,NT$ 45.00,"['Cats', 'Casual', 'Puzzle', 'Hand-drawn', 'Relaxing', 'Indie', 'Cute', '2D', 'Funny', 'Simulation', 'Immersive Sim', 'Clicker', 'Tabletop', 'Singleplayer', 'Point & Click', 'Spelling', 'Life Sim', 'Solitaire', 'Atmospheric', 'Puzzle Platformer']",puzzle_matching,2024-08-05 12:10
319510,Five Nights at Freddy's,"Aug 19, 2014",Very Positive,"| 43,812 User Reviews",NT$ 102.00,"['Horror', 'Singleplayer', 'Survival Horror', 'Robots', 'Psychological Horror', 'Indie', 'Difficult', 'First-Person', 'Point & Click', 'Dark', 'Survival', 'Atmospheric', 'Mouse only', 'Jump Scare', 'Supernatural', 'Resource Management', 'Lore-Rich', 'Silent Protagonist', 'Short', 'Historical']",puzzle_matching,2024-08-05 12:10
3330,Zuma Deluxe,"Aug 30, 2006",Overwhelmingly Positive,"| 4,231 User Reviews",NT$ 148.00,"['Match 3', 'Puzzle', 'Arcade', '2D', 'Strategy', 'Cute', 'Funny', 'Casual', 'Colorful', 'Family Friendly', 'Retro', 'Singleplayer', 'Physics', 'Classic', 'Replay Value', 'Indie', 'Difficult', 'Action', 'Addictive', 'Shooter']",puzzle_matching,2024-08-05 12:10
1898290,LEGO® Bricktales,"Oct 12, 2022",Very Positive,| 826 User Reviews,NT$ 144.00,"['Relaxing', 'LEGO', 'Puzzle', 'Building', 'Sandbox', 'Isometric', 'Funny', 'Adventure', 'Simulation', 'Colorful', 'Controller', 'Physics', 'Casual', '3D', 'Atmospheric', 'Comedy', 'Exploration', 'Family Friendly', 'Narration', 'Singleplayer']",puzzle_matching,2024-08-05 12:10
331670,The Jackbox Party Pack,"Nov 26, 2014",Very Positive,"| 1,349 User Reviews",NT$ 40.00,"['Casual', 'Trivia', 'Party', 'Local Multiplayer', 'Funny', 'Indie', 'Strategy', 'Multiplayer', 'Party Game', 'Comedy', 'Board Game', 'Family Friendly', 'Co-op', '4 Player Local', 'Local Co-Op', 'Psychological Horror', 'Singleplayer']",puzzle_matching,2024-08-05 12:10
1477070,Depersonalization,"Dec 20, 2022",Very Positive,"| 3,537 User Reviews",NT$ 328.00,"['Lovecraftian', 'Pixel Graphics', 'Investigation', 'RPG', 'Strategy RPG', 'Anime', 'Card Battler', 'Story Rich', 'Board Game', 'Third Person', 'Strategy', 'Immersive Sim', 'Casual', 'Puzzle', 'Time Travel', 'Mystery', 'Card Game', 'Roguelike', 'Mythology', 'Adventure']",puzzle_matching,2024-08-05 12:10
1426010,STASIS: BONE TOTEM,"May 31, 2023",Overwhelmingly Positive,"| 1,360 User Reviews",NT$ 164.00,"['Point & Click', 'Adventure', 'Isometric', 'Puzzle', 'Psychological Horror', 'Horror', 'Story Rich', '2.5D', 'Sci-fi', 'Exploration', 'Submarine', 'FMV', 'Atmospheric', 'Conversation', 'Investigation', 'Cinematic', '1980s', 'Survival Horror', 'Aliens', 'Singleplayer']",puzzle_matching,2024-08-05 12:10
435120,Rusty Lake Hotel,"Jan 29, 2016",Overwhelmingly Positive,"| 5,304 User Reviews",NT$ 45.00,"['Puzzle', 'Point & Click', 'Indie', 'Adventure', 'Horror', 'Psychological Horror', 'Surreal', 'Mystery', 'Singleplayer', 'Atmospheric', '2D', 'Hand-drawn', 'Story Rich', 'Dark', 'Hidden Object', 'Short', 'Casual', 'Gore', 'Dark Humor', 'Remake']",puzzle_matching,2024-08-05 12:10
262410,World of Guns: Gun Disassembly,"May 21, 2014",Very Positive,"| 18,763 User Reviews",Free To Play,"['Free to Play', 'Simulation', 'Gun Customization', 'Education', 'Singleplayer', 'Realistic', 'Military', 'Puzzle', 'Indie', 'Historical', 'America', 'First-Person', 'Funny', 'Animation & Modeling', '3D', 'Exploration', 'Logic', '3D Platformer', 'Old School', 'Relaxing']",puzzle_matching,2024-08-05 12:10
375820,Human Resource Machine,"Oct 15, 2015",Very Positive,"| 2,867 User Reviews",NT$ 268.00,"['Programming', 'Puzzle', 'Indie', 'Casual', 'Education', 'Simulation', 'Singleplayer', 'Automation', 'Touch-Friendly', 'Logic', 'Comedy', 'Difficult', 'Funny', 'Great Soundtrack', 'Satire', 'Sandbox', 'Experimental', '2D', 'Resource Management']",puzzle_matching,2024-08-05 12:10
2022180,Miss Neko 3,"Dec 18, 2022",Very Positive,"| 3,723 User Reviews",NT$ 66.00,"['Sexual Content', 'Nudity', 'Hentai', 'NSFW', 'Mature', 'Anime', 'FPS', 'Cats', 'Match 3', 'Casual', 'Cute', 'Singleplayer', 'Psychological Horror', 'Relaxing', 'Romance', 'Cyberpunk', 'Puzzle', '2D Platformer', 'Horror', 'Action-Adventure']",puzzle_matching,2024-08-05 12:10
287980,Mini Metro,"Nov 6, 2015",Overwhelmingly Positive,"| 11,160 User Reviews",NT$ 186.00,"['Strategy', 'Puzzle', 'Minimalist', 'Simulation', 'Trains', 'Indie', 'Casual', 'Singleplayer', 'Management', '2D', 'Relaxing', 'Transportation', 'Building', 'Touch-Friendly', 'Mouse only', 'Difficult', 'Great Soundtrack', 'Addictive', 'Replay Value', 'Top-Down']",puzzle_matching,2024-08-05 12:10
1942100,Escape Simulator: Steampunk DLC,"Jun 6, 2022",Very Positive,| 195 User Reviews,NT$ 119.00,"['Simulation', 'Adventure', 'Casual', 'Indie', 'Steampunk', 'Puzzle', 'Escape Room']",puzzle_matching,2024-08-05 12:10
3028280,Drag and Drop Medieval,"Jun 19, 2024",Positive,| 46 User Reviews,NT$ 11.00,"['Sokoban', 'Casual', 'Side Scroller', 'Puzzle', 'Point & Click', 'Platformer', '2D', 'Logic', 'Colorful', 'Nature', 'Adventure', 'Singleplayer']",puzzle_matching,2024-08-05 12:10
504210,SHENZHEN I/O,"Nov 17, 2016",Overwhelmingly Positive,"| 3,269 User Reviews",NT$ 268.00,"['Programming', 'Automation', 'Puzzle', 'Logic', 'Simulation', 'Difficult', 'Indie', 'Education', 'Singleplayer', 'Sandbox', 'Building', 'Great Soundtrack', 'Hacking', '2D', 'Solitaire']",puzzle_matching,2024-08-05 12:10
359510,Tangle Tower,"Oct 22, 2019",Overwhelmingly Positive,"| 4,402 User Reviews",NT$ 65.00,"['Detective', 'Point & Click', 'Exploration', 'Visual Novel', 'Puzzle', 'Funny', 'Story Rich', '2D', 'Mystery', 'Conversation', 'Noir', 'Crime', 'Atmospheric', 'Adventure', 'Singleplayer', 'Comedy', 'Indie', 'Investigation', 'Hand-drawn', 'Great Soundtrack']",puzzle_matching,2024-08-05 12:10
1161170,The Rewinder,"Sep 10, 2021",Overwhelmingly Positive,"| 6,111 User Reviews",NT$ 264.00,"['Adventure', 'Mystery', 'Puzzle', 'Pixel Graphics', 'Drama', 'Singleplayer', 'Detective', '2D', 'Atmospheric', 'Point & Click', 'Story Rich', 'Indie', 'Comedy', 'Horror', 'Thriller', 'Supernatural', 'Mythology', 'Historical', 'Stylized', 'Lore-Rich']",puzzle_matching,2024-08-05 12:10
1207650,Suzerain,"Dec 4, 2020",Very Positive,"| 6,677 User Reviews",NT$ 82.00,"['Visual Novel', 'Choose Your Own Adventure', 'Political Sim', 'Interactive Fiction', 'Choices Matter', 'Political', 'Story Rich', 'Text-Based', 'Point & Click', 'Strategy RPG', 'RPG', 'Multiple Endings', 'Alternate History', 'Politics', 'Drama', 'Adventure', 'Singleplayer', 'Old School', 'Narrative', 'Hand-drawn']",puzzle_matching,2024-08-05 12:10
1879380,Paper Bride 2 Zangling Village,"May 6, 2022",Very Positive,| 861 User Reviews,NT$ 186.00,"['Horror', 'Puzzle', 'Drama', 'Thriller', 'RPG', 'Mystery', 'Supernatural', 'Atmospheric', 'Interactive Fiction', 'Word Game', 'Visual Novel', 'Immersive Sim', '2D', 'Adventure', 'Hand-drawn', 'Casual', 'First-Person', 'Detective', 'Story Rich', 'Cinematic']",puzzle_matching,2024-08-05 12:10
1084640,Chicken Police - Paint it RED!,"Nov 5, 2020",Overwhelmingly Positive,"| 1,315 User Reviews",NT$ 202.00,"['Visual Novel', 'Detective', 'Noir', 'Story Rich', 'Adventure', 'Point & Click', 'Crime', 'Atmospheric', 'Singleplayer', 'Conversation', 'Dark Humor', 'Cats', 'Puzzle', 'Nature', 'Clicker', 'Cinematic', 'Hidden Object', '2.5D', '2D', 'America']",puzzle_matching,2024-08-05 12:10
2348100,"YEAH! YOU WANT ""THOSE GAMES,"" RIGHT? SO HERE YOU GO! NOW, LET'S SEE YOU CLEAR THEM!","Jul 19, 2023",Mostly Positive,| 963 User Reviews,NT$ 188.00,"['Casual', 'Puzzle', 'Puzzle Platformer', 'Cute', 'Funny', 'Parody ', 'Comedy', 'Relaxing', '2D', '3D', 'Solitaire', 'Runner', 'Loot', 'Family Friendly', 'Education', 'Controller', 'Score Attack', 'Tutorial', 'Singleplayer', 'Physics']",puzzle_matching,2024-08-05 12:10
1901950,Raid on Taihoku,"Feb 16, 2023",Very Positive,| 134 User Reviews,NT$ 350.00,"['War', 'Historical', 'Politics', 'RPG', 'Story Rich', 'Psychological Horror', 'Survival', 'Drama', 'World War II', 'Adventure', 'Puzzle Platformer', 'Puzzle', 'Female Protagonist', 'Point & Click', 'Choices Matter', 'Top-Down', 'Singleplayer', 'Action-Adventure', 'Wargame', 'Gore']",puzzle_matching,2024-08-05 12:10
937170,Otaku's Adventure,"May 20, 2019",Very Positive,"| 7,100 User Reviews",NT$ 138.00,"['Funny', 'Multiple Endings', 'Dating Sim', 'Visual Novel', 'Indie', 'Adventure', 'RPG', 'Anime', 'Story Rich', 'Puzzle', 'Cute', 'Romance', 'Interactive Fiction', 'Singleplayer', 'Mouse only', 'Choices Matter', 'Point & Click', 'Comedy', 'Surreal', 'Female Protagonist']",puzzle_matching,2024-08-05 12:10
2286770,Paper Bride 4 Bound Love,"Apr 28, 2023",Mostly Positive,| 423 User Reviews,NT$ 186.00,"['Casual', 'Adventure', 'RPG', 'Dating Sim', 'Word Game', 'Strategy RPG', 'Puzzle', 'Visual Novel', 'Puzzle Platformer', 'Idler', 'Spelling', 'Exploration', 'Clicker', '2D', 'Psychological Horror', 'Drama', 'Horror', 'Mystery', 'Emotional', 'Thriller']",puzzle_matching,2024-08-05 12:10
343780,Cat Goes Fishing,"Jan 19, 2015",Very Positive,"| 11,181 User Reviews",NT$ 208.00,"['Fishing', 'Cats', 'Casual', 'Cute', 'Relaxing', 'Singleplayer', 'Indie', '2D', 'Simulation', 'Underwater', 'Arcade', 'Puzzle', 'Family Friendly', 'Funny', 'Difficult', 'Action', 'Psychological Horror', 'Adventure', 'Multiplayer', 'Nature']",puzzle_matching,2024-08-05 12:10
1399240,Yotsume God -Reunion-,"Feb 16, 2022",Very Positive,| 285 User Reviews,NT$ 372.00,"['Adventure', 'Casual', 'Visual Novel', 'Puzzle', 'Exploration', 'Choose Your Own Adventure', 'Anime', 'Psychological Horror', 'Multiple Endings', 'Historical', 'Female Protagonist', 'Singleplayer']",puzzle_matching,2024-08-05 12:10
95400,ibb & obb,"May 26, 2014",Very Positive,"| 3,724 User Reviews",NT$ 45.00,"['Co-op', 'Online Co-Op', 'Puzzle', 'Local Co-Op', 'Platformer', 'Indie', 'Cute', 'Multiplayer', 'Adventure', 'Puzzle Platformer', 'Action', '2D', 'Family Friendly', 'Great Soundtrack', 'Difficult', 'Casual', 'Local Multiplayer', 'Controller', 'Funny', 'Psychological Horror']",puzzle_matching,2024-08-05 12:10
1553120,The Inheritance of Crimson Manor,"May 5, 2022",Very Positive,| 607 User Reviews,NT$ 79.00,"['Exploration', 'Puzzle', 'Escape Room', 'Walking Simulator', 'Horror', 'First-Person', '3D', 'Mystery', 'Story Rich', 'Narration', 'Nonlinear', 'Realistic', 'Logic', 'Atmospheric', 'Crime', 'Investigation', 'Multiple Endings', 'Adventure', 'Dark', 'Singleplayer']",puzzle_matching,2024-08-05 12:10
2919660,JudgeSim,"Jul 17, 2024",Very Positive,| 111 User Reviews,NT$ 138.00,"['Simulation', 'Indie', '2D', 'Text-Based', 'Political', 'Crime', 'Investigation', 'Puzzle', 'Hand-drawn', 'Point & Click', 'Singleplayer', 'Immersive Sim', 'Clicker', 'Colorful', 'Dystopian ', 'Strategy', 'Multiple Endings', 'Casual', 'Choices Matter', 'Linear']",puzzle_matching,2024-08-05 12:10
1618230,恋爱关系/Romance,"Sep 24, 2021",Very Positive,"| 2,337 User Reviews",NT$ 49.00,"['Mature', 'Hentai', 'Nudity', 'NSFW', 'Visual Novel', 'Interactive Fiction', 'Simulation', 'Casual', 'Anime', 'Drama', 'Cute', 'Point & Click', 'Clicker', 'Cartoony', 'Sexual Content', 'Linear', '2D', 'Adventure', 'Colorful', 'Story Rich']",puzzle_matching,2024-08-05 12:10
2913040,Back,"Jul 30, 2024",Very Positive,| 201 User Reviews,NT$ 124.00,"['Survival Horror', 'Horror', 'FMV', 'Thriller', 'Immersive Sim', 'Psychological Horror', 'Cinematic', 'Drama', 'Adventure', 'First-Person', 'RPG', 'Mystery', 'Visual Novel', 'Puzzle', 'Dating Sim', 'Singleplayer', 'Exploration', 'Violent', 'Gore', 'Indie']",puzzle_matching,2024-08-05 12:10
792100,7 Billion Humans,"Aug 23, 2018",Very Positive,"| 1,587 User Reviews",NT$ 268.00,"['Programming', 'Puzzle', 'Indie', 'Simulation', 'Education', 'Singleplayer', 'Logic', 'Touch-Friendly', 'Great Soundtrack', 'Funny', 'Automation', 'Satire', 'Casual']",puzzle_matching,2024-08-05 12:10
