GameID,GameName,OperationDate,Rating_Summary,Total_Number_of_Rating,Cost,Tag,Category,Datetime
1203220,NARAKA: BLADEPOINT,"Aug 12, 2021",Mostly Positive,"| 241,685 User Reviews",Free To Play,"['Battle Royale', 'Multiplayer', 'Martial Arts', 'PvP', 'Action', 'Female Protagonist', 'Character Customization', 'Fighting', 'Massively Multiplayer', 'Survival', 'Third Person', 'Swordplay', 'Hack and Slash', 'Anime', 'Parkour', 'Adventure', 'Mature', 'Free to Play', 'Violent', 'Gore']",hack_and_slash,2024-08-05 12:10
814380,Sekiro™: Shadows Die Twice - GOTY Edition,"Mar 21, 2019",Overwhelmingly Positive,"| 212,844 User Reviews",NT$ 795.00,"['Souls-like', 'Difficult', 'Action', 'Singleplayer', 'Ninja', 'Stealth', 'Adventure', 'Third Person', 'Open World', 'Story Rich', 'Violent', 'Atmospheric', 'Assassin', 'Dark Fantasy', 'Hack and Slash', 'RPG', 'Gore', 'Great Soundtrack', 'Rhythm', 'Dark']",hack_and_slash,2024-08-05 12:10
601150,Devil May Cry 5,"Mar 8, 2019",Overwhelmingly Positive,"| 85,056 User Reviews",NT$ 287.00,"['Action', 'Hack and Slash', 'Great Soundtrack', 'Character Action Game', 'Demons', 'Spectacle fighter', 'Third Person', 'Singleplayer', 'Violent', 'Nudity', 'Sexual Content', 'Story Rich', 'Stylized', 'Classic', 'Difficult', 'Gore', 'Multiplayer', 'Controller', 'Adventure', 'Anime']",hack_and_slash,2024-08-05 12:10
1902690,Fate/Samurai Remnant,"Sep 29, 2023",Very Positive,"| 3,714 User Reviews","NT$ 1,293.00","['JRPG', 'RPG', 'Anime', 'Action RPG', 'Action', 'Story Rich', 'Spectacle fighter', 'Historical', 'Magic', 'Drama', 'Multiple Endings', 'Singleplayer', 'Stylized', 'Musou', 'Hack and Slash', 'Visual Novel', 'Violent', 'Gore', 'Fantasy', 'Sexual Content']",hack_and_slash,2024-08-05 12:10
2344520,Diablo® IV,"Oct 17, 2023",Mostly Positive,"| 20,611 User Reviews","NT$ 1,575.00","['Action RPG', 'Hack and Slash', 'Loot', 'RPG', 'Isometric', 'Online Co-Op', 'Singleplayer', 'Co-op', 'Action', 'Third Person', 'Multiplayer', 'Dungeon Crawler', 'PvE', 'Fantasy', 'Story Rich', 'Dark Fantasy', 'Gore', 'Exploration', 'Point & Click', 'Violent']",hack_and_slash,2024-08-05 12:10
2855560,流亡黯道,"Mar 1, 2024",Mixed,| 548 User Reviews,Free To Play,"['Action', 'Adventure', 'RPG', 'Action RPG', 'MMORPG', 'Dungeon Crawler', 'Hack and Slash', 'Isometric', 'Dark Fantasy', 'Loot', 'Horror', 'Character Customization', 'Inventory Management', 'PvP', 'Massively Multiplayer', 'Co-op', 'Multiplayer', 'Free to Play', 'Online Co-Op', 'Singleplayer']",hack_and_slash,2024-08-05 12:10
831560,WARRIORS OROCHI 4,"Oct 16, 2018",Very Positive,"| 4,058 User Reviews","NT$ 1,194.00","['Action', 'Hack and Slash', 'Musou', 'Anime', 'Co-op', 'Singleplayer', 'Female Protagonist', 'Historical', 'Fantasy', 'Mythology', 'Action RPG', 'Local Co-Op', 'Multiplayer', 'Adventure', 'JRPG', 'Third Person', ""Beat 'em up"", 'Great Soundtrack', 'Sexual Content']",hack_and_slash,2024-08-05 12:10
278080,DYNASTY WARRIORS 8: Xtreme Legends Complete Edition,"May 13, 2014",Very Positive,"| 10,880 User Reviews",NT$ 352.00,"['Hack and Slash', 'Action', 'Musou', 'Historical', 'Third Person', 'Great Soundtrack', 'Local Co-Op', 'Local Multiplayer', ""Beat 'em up"", 'Multiplayer', 'Singleplayer', 'Action RPG', 'RPG', 'Fighting', 'Adventure', 'Co-op', 'JRPG', 'Strategy', 'Spectacle fighter', 'Casual']",hack_and_slash,2024-08-05 12:10
985810,GrandChase,"Jul 28, 2021",Mixed,"| 22,607 User Reviews",Free To Play,"['Action', 'PvE', 'PvP', 'Free to Play', 'Action RPG', 'Online Co-Op', 'Casual', 'Hack and Slash', 'Character Customization', '2D Fighter', 'Multiplayer', 'Story Rich', 'Controller', ""Beat 'em up"", 'Anime', '2.5D', 'Fantasy', 'Cute', 'Massively Multiplayer', '3D Fighter']",hack_and_slash,2024-08-05 12:10
881020,Granblue Fantasy: Relink,"Feb 1, 2024",Very Positive,"| 31,086 User Reviews","NT$ 1,180.00","['Anime', 'JRPG', 'Action', 'Action RPG', 'Online Co-Op', 'Multiplayer', 'Fantasy', 'RPG', 'Female Protagonist', 'Third Person', 'Singleplayer', 'Spectacle fighter', '3D', 'Controller', 'Hack and Slash', 'Dragons', 'Magic', 'Swordplay', 'PvE', 'Tutorial']",hack_and_slash,2024-08-05 12:10
1604030,V Rising,"May 8, 2024",Very Positive,"| 84,418 User Reviews",NT$ 566.00,"['Survival', 'Open World', 'Base Building', 'Multiplayer', 'Vampire', 'Crafting', 'Online Co-Op', 'PvP', 'PvE', 'Building', 'Hack and Slash', 'Sandbox', 'Exploration', 'Massively Multiplayer', 'Action', 'Singleplayer', 'Action-Adventure', 'Adventure', 'Dark Fantasy', 'Co-op']",hack_and_slash,2024-08-05 12:10
1974050,Torchlight: Infinite,"May 10, 2023",Mostly Positive,"| 12,417 User Reviews",Free To Play,"['RPG', 'Loot', 'Hack and Slash', 'Action RPG', 'Action', 'Adventure', 'Multiplayer', 'Combat', 'Dungeon Crawler', 'Action-Adventure', 'Top-Down', 'Singleplayer', 'Free to Play', 'Drama', 'Fantasy', 'Story Rich', 'Character Customization', 'Time Travel', 'Co-op', 'Magic']",hack_and_slash,2024-08-05 12:10
2510710,Kunitsu-Gami: Path of the Goddess,"Jul 19, 2024",Very Positive,| 725 User Reviews,"NT$ 1,560.00","['Action', 'Strategy', 'Tower Defense', '3D', 'Mythology', 'Lore-Rich', 'Supernatural', 'Hack and Slash', 'Singleplayer']",hack_and_slash,2024-08-05 12:10
1118010,Monster Hunter World: Iceborne,"Jan 9, 2020",Mixed,"| 16,606 User Reviews","NT$ 1,230.00","['Action', 'Multiplayer', 'Co-op', 'Open World', 'Hunting', 'Difficult', 'Third Person', 'Singleplayer', 'Adventure', 'Online Co-Op', 'RPG', 'Character Customization', 'Exploration', 'Dragons', 'Hack and Slash', 'Story Rich', 'PvE', 'JRPG', 'Souls-like', 'Dinosaurs']",hack_and_slash,2024-08-05 12:10
1325200,Nioh 2 – The Complete Edition,"Feb 5, 2021",Very Positive,"| 28,691 User Reviews",NT$ 894.00,"['RPG', 'Action', 'Character Customization', 'Souls-like', 'Difficult', 'Co-op', 'JRPG', 'Multiplayer', 'Fantasy', 'Dark Fantasy', 'Historical', 'Story Rich', 'Hack and Slash', 'Violent', 'Singleplayer', 'Dark', 'Medieval', 'Atmospheric', 'Female Protagonist', 'Gore']",hack_and_slash,2024-08-05 12:10
1145350,Hades II,"May 6, 2024",Very Positive,"| 42,854 User Reviews",NT$ 488.00,"['Action', 'RPG', 'Roguelike', 'Roguelite', 'Hack and Slash', 'Action Roguelike', 'Action RPG', 'Dungeon Crawler', 'Mythology', 'Isometric', 'Hand-drawn', 'Souls-like', 'Atmospheric', 'Story Rich', 'Singleplayer', 'Female Protagonist', 'Indie', 'Perma Death', 'Early Access', 'Difficult']",hack_and_slash,2024-08-05 12:10
899770,Last Epoch,"Feb 21, 2024",Mostly Positive,"| 87,619 User Reviews",NT$ 566.00,"['Action RPG', 'Loot', 'Hack and Slash', 'RPG', 'Multiplayer', 'Isometric', 'Action', 'Adventure', 'Co-op', 'Indie', 'Top-Down', 'Dungeon Crawler', 'Singleplayer', 'Fantasy', 'Gore', 'Character Customization', 'Early Access', 'Violent', 'MMORPG', 'Magic']",hack_and_slash,2024-08-05 12:10
1879330,WARRIORS OROCHI 3 Ultimate Definitive Edition,"Jul 12, 2022",Very Positive,"| 1,734 User Reviews",NT$ 833.00,"['Action', 'Strategy', 'Hack and Slash', 'Musou', 'Adventure', 'Fantasy', 'Singleplayer', 'Multiplayer', 'Local Co-Op', 'PvP', 'Co-op', 'Local Multiplayer', 'Anime', 'Historical']",hack_and_slash,2024-08-05 12:10
1089090,ONE PIECE: PIRATE WARRIORS 4,"Mar 27, 2020",Very Positive,"| 14,471 User Reviews","NT$ 1,190.00","['Anime', 'Hack and Slash', ""Beat 'em up"", 'Pirates', 'Fighting', 'Action', 'Split Screen', 'PvP', 'Arcade', 'Multiplayer', 'Musou', 'Co-op', 'Adventure', 'RPG', 'Local Co-Op', 'Online Co-Op', 'Comedy', 'Open World', 'Controller', 'Singleplayer']",hack_and_slash,2024-08-05 12:10
780310,The Riftbreaker,"Oct 14, 2021",Very Positive,"| 15,389 User Reviews",NT$ 268.00,"['Base Building', 'Tower Defense', 'Survival', 'Strategy', 'Hack and Slash', 'Crafting', 'Resource Management', 'Sci-fi', 'Building', 'Action RPG', 'Exploration', 'Adventure', 'RPG', 'Isometric', 'Simulation', 'Loot', 'Sandbox', 'Mechs', 'Action', 'Atmospheric']",hack_and_slash,2024-08-05 12:10
1371580,Myth of Empires,"Feb 21, 2024",Mostly Positive,"| 14,211 User Reviews",NT$ 244.00,"['Building', 'Open World Survival Craft', 'Sandbox', 'Open World', 'Survival', 'MMORPG', 'War', 'Base Building', 'Character Customization', 'RPG', 'Action-Adventure', 'Multiplayer', 'Hack and Slash', 'Strategy', 'Third Person', 'Historical', 'Team-Based', 'Action', '3D', 'Massively Multiplayer']",hack_and_slash,2024-08-05 12:10
1377580,Soulworker,"May 13, 2021",Mostly Positive,"| 10,199 User Reviews",Free To Play,"['Anime', 'Free to Play', 'Sexual Content', 'Nudity', 'MMORPG', 'RPG', 'Action', 'Hack and Slash', 'Action RPG', 'Multiplayer', 'Third Person', 'Character Action Game', 'Co-op', 'Online Co-Op', 'Massively Multiplayer', 'Story Rich', '2.5D', 'Dark', 'Post-apocalyptic', 'PvE']",hack_and_slash,2024-08-05 12:10
1341200,DYNASTY WARRIORS 9 Empires,"Dec 23, 2021",Mixed,"| 1,484 User Reviews","NT$ 1,074.00","['Action', 'Strategy', 'Character Customization', 'Simulation', 'Singleplayer', 'Hack and Slash', 'Historical', 'Musou', 'Open World', 'Sexual Content']",hack_and_slash,2024-08-05 12:10
1280930,Astral Ascent,"Nov 14, 2023",Very Positive,"| 3,333 User Reviews",NT$ 245.00,"['Action Roguelike', 'Roguelite', 'Hack and Slash', 'Indie', 'Atmospheric', 'Replay Value', 'Difficult', 'Story Rich', 'Anime', 'Hand-drawn', 'Roguelike', 'Magic', 'Perma Death', 'Action', 'Fantasy', 'Pixel Graphics', 'Co-op', 'Singleplayer', 'Platformer', 'Multiple Endings']",hack_and_slash,2024-08-05 12:10
1135230,Ember Knights,"Jul 18, 2023",Very Positive,"| 4,301 User Reviews",NT$ 196.00,"['Action Roguelike', 'Roguelite', 'Pixel Graphics', 'Co-op', 'Dungeon Crawler', 'Multiplayer', 'Hack and Slash', 'Online Co-Op', 'RPG', 'Procedural Generation', 'Adventure', 'Local Co-Op', 'Action', 'Singleplayer', '2D', 'Roguelike', 'Local Multiplayer', 'Top-Down', 'Combat', 'Choices Matter']",hack_and_slash,2024-08-05 12:10
1371980,No Rest for the Wicked,"Apr 18, 2024",Mostly Positive,"| 24,635 User Reviews",NT$ 520.00,"['Souls-like', 'Action', 'RPG', 'Action RPG', 'Exploration', 'Hack and Slash', 'Isometric', '3D', 'Cinematic', 'Dark Fantasy', 'Colorful', 'Immersive Sim', 'Stylized', 'Atmospheric', 'Drama', 'Gothic', 'Supernatural', 'Character Customization', 'Combat', 'Controller']",hack_and_slash,2024-08-05 12:10
1448440,Wo Long: Fallen Dynasty,"Mar 3, 2023",Mixed,"| 19,108 User Reviews","NT$ 1,163.00","['Action', 'Souls-like', 'RPG', 'Difficult', 'Action RPG', 'Dark Fantasy', 'Historical', 'Hack and Slash', 'Singleplayer', 'Fantasy', 'Gore', 'Character Customization', 'Violent', 'Martial Arts', 'JRPG', 'Adventure', 'Co-op', 'Third Person', 'Atmospheric', 'Female Protagonist']",hack_and_slash,2024-08-05 12:10
1672500,GUNDAM BREAKER 4,"Aug 28, 2024",,,"NT$ 1,790.00","['Action', 'Hack and Slash', 'RPG', 'Robots', 'Action RPG', '3D', 'Mechs', 'Co-op', 'Anime', 'Character Customization']",hack_and_slash,2024-08-05 12:10
1361210,"Warhammer 40,000: Darktide","Nov 30, 2022",Mixed,"| 79,999 User Reviews","NT$ 1,149.00","['Action-Adventure', 'Looter Shooter', 'Horror', 'Combat', 'Warhammer 40K', 'FPS', 'Hack and Slash', 'PvE', 'Games Workshop', 'Shooter', 'Character Customization', 'First-Person', 'Co-op', 'Atmospheric', 'Zombies', 'Team-Based', 'Action', 'Survival Horror', 'Class-Based', 'War']",hack_and_slash,2024-08-05 12:10
204360,Castle Crashers®,"Sep 26, 2012",Overwhelmingly Positive,"| 87,962 User Reviews",NT$ 268.00,"['2D', 'Online Co-Op', 'Co-op', ""Beat 'em up"", 'Hack and Slash', 'Funny', 'Adventure', '4 Player Local', 'Local Co-Op', 'Multiplayer', 'Local Multiplayer', 'Action', 'Singleplayer', 'Medieval', 'Cartoony', 'Cute', 'Comedy', 'RPG', 'Arcade', 'Casual']",hack_and_slash,2024-08-05 12:10
588650,Dead Cells,"Aug 6, 2018",Overwhelmingly Positive,"| 132,570 User Reviews",NT$ 698.00,"['Adventure', 'Action Roguelike', 'Pixel Graphics', 'Metroidvania', '2D', 'Roguelike', 'Souls-like', 'Roguelite', 'Replay Value', 'Hack and Slash', 'Difficult', 'Platformer', 'Singleplayer', 'Roguevania', 'Action', 'Dark Fantasy', 'Procedural Generation', 'Atmospheric', 'Funny', 'Indie']",hack_and_slash,2024-08-05 12:10
2450450,MEGATON MUSASHI W: WIRED,"Apr 24, 2024",Very Positive,| 522 User Reviews,"NT$ 1,490.00","['Spectacle fighter', 'Hack and Slash', 'PvE', 'PvP', 'JRPG', 'Character Customization', 'Action-Adventure', 'Mechs', 'RPG', '2D', '3D', 'Third Person', 'Robots', 'Action', 'Anime', 'Sci-fi', 'Adventure', 'Online Co-Op', 'Singleplayer', 'Multiplayer']",hack_and_slash,2024-08-05 12:10
1335200,Action Taimanin,"Oct 6, 2020",Very Positive,"| 17,773 User Reviews",Free To Play,"['Sexual Content', 'Nudity', 'Mature', 'Hentai', 'Free to Play', 'NSFW', 'Female Protagonist', 'Anime', '3D', 'Action', 'Hack and Slash', 'RPG', 'Singleplayer', 'Action RPG', 'Fighting', 'Adventure', 'Third Person', 'Ninja', 'FPS', 'Multiplayer']",hack_and_slash,2024-08-05 12:10
1145360,Hades,"Sep 17, 2020",Overwhelmingly Positive,"| 245,394 User Reviews",NT$ 408.00,"['Action Roguelike', 'Roguelite', 'Hack and Slash', 'Indie', 'Mythology', 'Action', 'Roguelike', 'Great Soundtrack', 'Singleplayer', 'RPG', 'Story Rich', 'Dungeon Crawler', 'Replay Value', 'Isometric', 'Difficult', 'Action RPG', 'Hand-drawn', 'Atmospheric', 'Perma Death', 'Souls-like']",hack_and_slash,2024-08-05 12:10
2114740,Blasphemous 2,"Aug 24, 2023",Very Positive,"| 8,180 User Reviews",NT$ 449.00,"['Combat', 'Fantasy', 'Adventure', 'Metroidvania', 'Souls-like', '2D Platformer', 'Side Scroller', 'Unforgiving', 'Difficult', 'Hack and Slash', 'Pixel Graphics', '2D', 'Platformer', 'Action RPG', 'Horror', 'Action-Adventure', 'Lore-Rich', 'Story Rich', 'Nonlinear', 'Multiple Endings']",hack_and_slash,2024-08-05 12:10
1429500,Frontier Hunter: Erza’s Wheel of Fortune,"Jul 26, 2024",Very Positive,"| 1,067 User Reviews",NT$ 448.00,"['Metroidvania', 'JRPG', 'Side Scroller', '2D Platformer', 'Platformer', 'Female Protagonist', 'Anime', 'Souls-like', 'Hack and Slash', 'RPG', 'Exploration', 'Action', 'Action-Adventure', 'Action RPG', '2.5D', 'Cute', 'Character Customization', 'Fantasy', 'Open World', 'Dungeon Crawler']",hack_and_slash,2024-08-05 12:10
2552450,KINGDOM HEARTS III + Re Mind (DLC),"Jun 13, 2024",Very Positive,| 569 User Reviews,"NT$ 1,790.00","['Action', 'Adventure', 'RPG', 'Singleplayer', '3D', 'Action RPG', 'Action-Adventure', 'Emotional', 'Colorful', 'Atmospheric', 'Character Action Game', 'JRPG', 'Cute', 'Story Rich', 'Fantasy', 'Magic', 'Great Soundtrack']",hack_and_slash,2024-08-05 12:10
375480,Chronicon,"Aug 21, 2020",Very Positive,"| 8,307 User Reviews",NT$ 99.00,"['Loot', 'Action RPG', 'Hack and Slash', 'Dungeon Crawler', 'RPG', 'Pixel Graphics', 'Crafting', 'Indie', 'Procedural Generation', '4 Player Local', 'Action-Adventure', 'Local Co-Op', 'Action', '2D', 'PvE', 'Fantasy', 'Adventure', 'Singleplayer', 'Magic', 'Class-Based']",hack_and_slash,2024-08-05 12:10
2183650,MEGA MAN X DiVE Offline,"Sep 1, 2023",Very Positive,"| 1,018 User Reviews",NT$ 470.00,"['Action', '2D', 'Side Scroller', 'Singleplayer', 'RPG', 'Action RPG', 'Sci-fi', ""1990's"", 'Retro', 'Robots', 'Spectacle fighter', 'PvE', 'Character Customization', 'Anime', 'Platformer']",hack_and_slash,2024-08-05 12:10
1140620,CosmicBreak Universal,"Apr 7, 2021",Mixed,"| 1,273 User Reviews",Free To Play,"['Free to Play', 'Action', 'Massively Multiplayer', 'RPG', 'Adventure', 'Shooter', 'Character Action Game', '3D Fighter', 'Arena Shooter', 'Third-Person Shooter', 'Bullet Hell', 'Spectacle fighter', '3D', 'Third Person', 'Sci-fi', 'Mechs', 'Cyberpunk', 'Comic Book', 'Trading', 'Robots']",hack_and_slash,2024-08-05 12:10
610190,WARRIORS ALL-STARS,"Aug 30, 2017",Mostly Positive,| 605 User Reviews,NT$ 495.00,"['Action', 'Musou', 'Hack and Slash', 'Anime', 'Singleplayer', 'Female Protagonist']",hack_and_slash,2024-08-05 12:10
2719200,SAMURAI WARRIORS 4 DX,"May 14, 2024",Very Positive,| 188 User Reviews,"NT$ 1,590.00","['Action', 'Musou', 'Hack and Slash', 'Historical', 'Spectacle fighter', '3D', 'Third Person', 'War', '3D Platformer', 'Controller', 'Singleplayer', 'Online Co-Op', 'Multiplayer', 'Local Multiplayer', 'Local Co-Op', 'Co-op', 'Anime']",hack_and_slash,2024-08-05 12:10
730310,DYNASTY WARRIORS 9,"Feb 13, 2018",Mostly Negative,"| 6,369 User Reviews",NT$ 695.00,"['Action', 'Hack and Slash', 'Open World', 'Musou', 'Historical', 'Multiplayer', 'Action RPG', 'Singleplayer', 'Anime', 'Co-op', 'Great Soundtrack', 'Adventure', 'RPG', 'Third Person', ""Beat 'em up"", 'Online Co-Op', 'Sexual Content']",hack_and_slash,2024-08-05 12:10
485510,Nioh: Complete Edition,"Nov 7, 2017",Mostly Positive,"| 25,370 User Reviews",NT$ 342.00,"['Souls-like', 'Action', 'RPG', 'Difficult', 'Hack and Slash', 'Dark Fantasy', 'Ninja', 'Action RPG', 'Third Person', 'Singleplayer', 'JRPG', 'Co-op', 'Multiplayer', 'Historical', 'Loot', 'Fantasy', 'Adventure', 'Atmospheric', 'Nudity', 'Great Soundtrack']",hack_and_slash,2024-08-05 12:10
1549250,UNDECEMBER,"Oct 12, 2022",Mixed,"| 18,885 User Reviews",Free To Play,"['RPG', 'Hack and Slash', 'Multiplayer', 'Action RPG', 'Free to Play', 'Action', 'Dark Fantasy', 'Top-Down', 'Loot', 'Online Co-Op', 'Co-op', 'Singleplayer', 'Fantasy', 'Third Person', 'PvE', 'Character Customization', 'Cinematic', 'PvP', 'Realistic', 'Isometric']",hack_and_slash,2024-08-05 12:10
1672970,Minecraft Dungeons,"Sep 22, 2021",Very Positive,"| 10,876 User Reviews",NT$ 538.00,"['Dungeon Crawler', 'Hack and Slash', 'Adventure', 'Action', 'RPG', 'Action RPG', 'Action-Adventure', 'Exploration', 'Top-Down', 'Loot', 'Isometric', 'Arcade', 'Colorful', 'Voxel', 'Fantasy', 'Cute', 'Family Friendly', 'Atmospheric', 'Magic', 'Funny']",hack_and_slash,2024-08-05 12:10
1942280,Brotato,"Jun 23, 2023",Overwhelmingly Positive,"| 74,227 User Reviews",NT$ 76.00,"['Action Roguelike', 'Sci-fi', 'Survival', 'Bullet Hell', 'Roguelite', 'Singleplayer', 'Action', 'Hack and Slash', 'Arena Shooter', 'Arcade', 'Shooter', 'Top-Down Shooter', 'Controller', 'Casual', 'Combat', 'RPG', '2D', 'Post-apocalyptic', 'Funny', 'Procedural Generation']",hack_and_slash,2024-08-05 12:10
968790,DYNASTY WARRIORS 7: Xtreme Legends Definitive Edition,"Dec 6, 2018",Very Positive,"| 1,194 User Reviews",NT$ 295.00,"['Action', 'Musou', 'Hack and Slash', 'Historical', 'Great Soundtrack', 'Singleplayer', 'Anime', 'Co-op', 'Story Rich']",hack_and_slash,2024-08-05 12:10
2058190,Lost Judgment,"Sep 14, 2022",Very Positive,"| 4,507 User Reviews","NT$ 1,390.00","['Action', 'Adventure', ""Beat 'em up"", 'Action-Adventure', '3D Fighter', 'Cinematic', 'Hack and Slash', 'Realistic', 'Third Person', 'Crime', 'Conspiracy', 'Dark', 'Detective', 'Drama', 'Foreign', 'Investigation', 'Gambling', 'Martial Arts', 'Logic', 'Modern']",hack_and_slash,2024-08-05 12:10
1824220,Chivalry 2,"Jun 12, 2022",Very Positive,"| 30,669 User Reviews",NT$ 568.00,"['Massively Multiplayer', 'Medieval', 'Swordplay', 'Hack and Slash', 'Gore', 'Multiplayer', 'Historical', 'Action', 'PvP', 'First-Person', 'War', 'Combat', 'FPS', 'Military', '3D', 'Third Person', 'Atmospheric', 'Comedy', 'Wargame', '3D Fighter']",hack_and_slash,2024-08-05 12:10
631510,Devil May Cry HD Collection,"Mar 13, 2018",Very Positive,"| 8,593 User Reviews",NT$ 323.00,"['Action', 'Hack and Slash', 'Great Soundtrack', 'Character Action Game', 'Difficult', 'Classic', 'Singleplayer', 'Spectacle fighter', 'Demons', 'Violent', 'Stylized', 'Third Person', 'Gore', 'Story Rich', 'Atmospheric', 'Fast-Paced', 'Gothic', 'Adventure', ""Beat 'em up"", 'Anime']",hack_and_slash,2024-08-05 12:10
1718570,ASTLIBRA Revision,"Oct 13, 2022",Overwhelmingly Positive,"| 22,883 User Reviews",NT$ 378.00,"['Action RPG', '2D', 'Side Scroller', 'JRPG', 'Drama', 'Metroidvania', 'Time Travel', 'RPG', 'Fantasy', 'Spectacle fighter', 'Action', 'Dragons', 'Swordplay', 'Demons', 'Gothic', 'Futuristic', 'Modern', 'Mythology', 'Adventure', 'Supernatural']",hack_and_slash,2024-08-05 12:10
475150,Titan Quest Anniversary Edition,"Aug 31, 2016",Very Positive,"| 23,027 User Reviews",NT$ 93.00,"['RPG', 'Hack and Slash', 'Action RPG', 'Loot', 'Mythology', 'Multiplayer', 'Co-op', 'Singleplayer', 'Classic', 'Adventure', 'Isometric', 'Action', 'Fantasy', 'Top-Down', 'Open World', 'Atmospheric', 'Great Soundtrack', 'Story Rich', 'Dungeon Crawler', 'Level Editor']",hack_and_slash,2024-08-05 12:10
2833600,V Rising - Legacy of Castlevania Premium Pack,"May 8, 2024",Very Positive,| 214 User Reviews,NT$ 328.00,"['Survival', 'Open World', 'Base Building', 'Vampire', 'Multiplayer', 'Crafting', 'Online Co-Op', 'PvE', 'PvP', 'Building', 'Massively Multiplayer', 'Hack and Slash', 'Action', 'Adventure', 'Sandbox', 'Exploration', 'Action-Adventure', 'Singleplayer', 'Dark Fantasy', 'Co-op']",hack_and_slash,2024-08-05 12:10
2761610,Creator of Another World,"Apr 30, 2024",Very Positive,| 152 User Reviews,NT$ 310.00,"['RPG', 'Roguelike', 'Fantasy', 'Hack and Slash', '2D Platformer', '2D', 'Singleplayer', 'Indie', 'RPGMaker']",hack_and_slash,2024-08-05 12:10
219990,Grim Dawn,"Feb 25, 2016",Very Positive,"| 78,159 User Reviews",NT$ 408.00,"['Action RPG', 'Hack and Slash', 'Dark Fantasy', 'RPG', 'Loot', 'Dungeon Crawler', 'Co-op', 'Dark', 'Multiplayer', 'Singleplayer', 'Fantasy', 'Action', 'Adventure', 'Isometric', 'Atmospheric', 'Post-apocalyptic', 'Indie', 'Zombies', 'Kickstarter', 'Crowdfunded']",hack_and_slash,2024-08-05 12:10
329050,Devil May Cry 4 Special Edition,"Jun 23, 2015",Very Positive,"| 12,108 User Reviews",NT$ 243.00,"['Action', 'Hack and Slash', 'Character Action Game', 'Great Soundtrack', 'Singleplayer', 'Spectacle fighter', 'Third Person', 'Stylized', 'Difficult', 'Classic', 'Story Rich', 'Anime', 'Adventure', 'Atmospheric', ""Beat 'em up"", 'Replay Value', 'Controller', 'Female Protagonist', 'Remake', 'Demons']",hack_and_slash,2024-08-05 12:10
434650,Lost Castle / 失落城堡,"Sep 1, 2016",Very Positive,"| 17,787 User Reviews",NT$ 111.00,"['4 Player Local', 'Action Roguelike', ""Beat 'em up"", 'Side Scroller', 'Dungeon Crawler', 'Roguelite', 'Hack and Slash', 'Multiplayer', 'Roguelike', 'PvP', 'PvE', 'Difficult', 'Action RPG', '2D', 'RPG', 'Local Multiplayer', 'Multiple Endings', 'Colorful', 'Loot', 'Singleplayer']",hack_and_slash,2024-08-05 12:10
2867410,深渊与地下城,"May 9, 2024",Very Positive,| 186 User Reviews,Free To Play,"['RPG', 'Action', 'Adventure', 'Simulation', 'Racing', '2D Fighter', 'Action-Adventure', 'Action Roguelike', 'Action RPG', 'JRPG', '2D Platformer', 'Roguevania', 'Spectacle fighter', 'Combat Racing', 'Side Scroller', '2.5D', '2D', 'Pixel Graphics', 'Anime', 'Cartoon']",hack_and_slash,2024-08-05 12:10
1358700,STRANGER OF PARADISE FINAL FANTASY ORIGIN,"Apr 6, 2023",Very Positive,"| 2,385 User Reviews","NT$ 1,190.00","['Action', 'RPG', 'Adventure', 'Action RPG', 'JRPG', 'Spectacle fighter', '3D', 'Third Person', 'Atmospheric', 'Dark Fantasy', 'Dark', 'Fantasy', 'Multiplayer', 'Souls-like', 'PvP', 'Singleplayer', 'Online Co-Op', 'Story Rich', 'Violent', 'Hack and Slash']",hack_and_slash,2024-08-05 12:10
1382330,Persona® 5 Strikers,"Feb 23, 2021",Very Positive,"| 11,124 User Reviews","NT$ 1,790.00","['Anime', 'Hack and Slash', 'JRPG', 'Great Soundtrack', 'Adventure', 'Story Rich', 'Singleplayer', 'RPG', 'Action', 'Action-Adventure', 'Third Person', '3D', 'Musou', 'Action RPG', 'Colorful', 'Atmospheric', '3D Platformer', 'Funny', 'Simulation', '2D']",hack_and_slash,2024-08-05 12:10
2322010,God of War Ragnarök,"Sep 19, 2024",,,"NT$ 1,490.00","['Action', 'Adventure', 'RPG', 'Action-Adventure', 'Action RPG', 'Hack and Slash', '3D', 'Cinematic', 'Third Person', 'Atmospheric', 'Emotional', 'Drama', 'Mythology', 'Fantasy', 'Combat', 'Open World', 'Story Rich', 'Singleplayer', 'PvE', 'Gore']",hack_and_slash,2024-08-05 12:10
2071280,Ravenswatch,"Apr 6, 2023",Very Positive,"| 7,211 User Reviews",NT$ 488.00,"['Roguelike', 'Action', 'Co-op', 'Action Roguelike', 'Singleplayer', 'Indie', 'Roguelite', 'Difficult', 'Adventure', 'Multiplayer', 'Online Co-Op', 'Hack and Slash', 'RPG', 'Atmospheric', 'Early Access', 'Top-Down', 'Replay Value', 'Dark Fantasy', 'Isometric', 'Dark']",hack_and_slash,2024-08-05 12:10
552500,Warhammer: Vermintide 2,"Mar 8, 2018",Very Positive,"| 78,641 User Reviews",NT$ 570.00,"['Games Workshop', 'Dark Fantasy', 'Co-op', 'Online Co-Op', 'Hack and Slash', 'Gore', 'Multiplayer', 'Dwarf', 'Fantasy', 'PvE', 'First-Person', 'Elf', 'Roguelite', 'Combat', 'RPG', 'Action RPG', 'Atmospheric', 'Action', 'FPS', 'Adventure']",hack_and_slash,2024-08-05 12:10
3054610,Artifact Seeker: Resurrection,"Jul 26, 2024",Very Positive,| 207 User Reviews,NT$ 70.00,"['Action Roguelike', 'Bullet Hell', 'Survival', 'Roguelite', 'Indie', 'Choices Matter', 'Hack and Slash', 'Top-Down', 'Singleplayer', 'Arcade', 'Twin Stick Shooter', 'Controller', 'Dark Fantasy', 'PvE', 'Action', '3D', 'Action RPG', 'Story Rich', 'Procedural Generation', 'Casual']",hack_and_slash,2024-08-05 12:10
2144740,Ghostrunner 2,"Oct 26, 2023",Very Positive,"| 5,142 User Reviews",NT$ 990.00,"['Action', 'Cyberpunk', 'Runner', 'Hack and Slash', 'Fast-Paced', 'Swordplay', 'Difficult', 'First-Person', 'Vehicular Combat', 'Violent', 'Music', 'Adventure', 'Action-Adventure', 'Post-apocalyptic', 'Combat', 'Singleplayer', 'Motorbike', 'Ninja', 'Fighting', 'Strategy']",hack_and_slash,2024-08-05 12:10
2764370,Starward,"Apr 25, 2024",Mixed,| 893 User Reviews,Free To Play,"['Action', 'RPG', 'Female Protagonist', 'Singleplayer', '3D Fighter', 'Shooter', 'eSports', 'Spectacle fighter', 'Card Battler', 'Arena Shooter', 'Third-Person Shooter', '2D', 'Anime', '3D', 'Cartoon', 'Cute', 'Third Person', 'Space', 'Fantasy', 'Futuristic']",hack_and_slash,2024-08-05 12:10
322520,DYNASTY WARRIORS 8 Empires,"Feb 27, 2015",Mixed,"| 1,267 User Reviews",NT$ 537.00,"['Action', 'Character Customization', 'Hack and Slash', 'Strategy', 'Musou', 'RPG', 'Historical', 'Third Person', ""Beat 'em up"", 'Singleplayer', 'Anime', 'Great Soundtrack', 'Local Co-Op', 'Co-op', 'Female Protagonist']",hack_and_slash,2024-08-05 12:10
1147560,Skul: The Hero Slayer,"Jan 20, 2021",Very Positive,"| 45,537 User Reviews",NT$ 318.00,"['Indie', 'Action', 'Action Roguelike', 'Pixel Graphics', '2D', 'Roguelike', 'Roguelite', 'Singleplayer', 'Metroidvania', 'Platformer', 'Difficult', 'Side Scroller', 'Hack and Slash', 'Adventure', 'Villain Protagonist', 'Action-Adventure', 'Story Rich', 'Fantasy', 'Cute', 'Multiplayer']",hack_and_slash,2024-08-05 12:10
330020,Children of Morta,"Sep 3, 2019",Very Positive,"| 15,299 User Reviews",NT$ 94.00,"['Multiplayer', 'Roguelike', 'Pixel Graphics', 'Hack and Slash', 'Online Co-Op', 'Action Roguelike', 'RPG', 'Roguelite', 'Local Co-Op', 'Action', 'Dungeon Crawler', 'Story Rich', 'Singleplayer', 'Co-op', '2D', 'Action RPG', 'Isometric', 'Procedural Generation', 'Fantasy', 'Action-Adventure']",hack_and_slash,2024-08-05 12:10
2334730,Death Must Die,"Nov 14, 2023",Very Positive,"| 16,488 User Reviews",NT$ 138.00,"['Action Roguelike', 'Bullet Hell', 'Roguelite', 'Pixel Graphics', 'RPG', 'Hack and Slash', 'Action', '2D', 'Roguelike', 'Action RPG', 'Dark Fantasy', 'Isometric', 'Loot', 'Controller', 'Procedural Generation', 'Singleplayer', 'Fantasy', 'Inventory Management', 'Magic', 'Early Access']",hack_and_slash,2024-08-05 12:10
2015270,Rotwood,"Apr 24, 2024",Mostly Positive,"| 5,626 User Reviews",NT$ 198.00,"['Online Co-Op', 'Dungeon Crawler', 'PvE', 'Action Roguelike', 'Hack and Slash', 'Co-op', 'Action-Adventure', 'Roguelite', 'Exploration', 'Multiplayer', 'RPG', 'Action', 'Singleplayer', ""Beat 'em up"", 'Adventure', 'Replay Value', 'Action RPG', 'Medieval', '2D', 'Fantasy']",hack_and_slash,2024-08-05 12:10
2058180,Judgment,"Sep 14, 2022",Overwhelmingly Positive,"| 6,004 User Reviews",NT$ 890.00,"['Action', 'Adventure', ""Beat 'em up"", 'Action-Adventure', '3D Fighter', 'Cinematic', '3D', 'Hack and Slash', 'Third Person', 'Realistic', 'Crime', 'Conspiracy', 'Detective', 'Dark', 'Drama', 'Foreign', 'Gambling', 'Investigation', 'Martial Arts', 'Logic']",hack_and_slash,2024-08-05 12:10
2506610,The Riftbreaker: Heart of the Swamp,"Jun 21, 2024",Mixed,| 118 User Reviews,NT$ 188.00,"['Base Building', 'Strategy', 'Tower Defense', 'Survival', 'Adventure', 'RPG', 'Simulation', 'Hack and Slash', 'Crafting', 'Action', 'Resource Management', 'Sci-fi', 'Building', 'Action RPG', 'Exploration', 'Isometric', 'Loot', 'Sandbox', 'Mechs', 'Atmospheric']",hack_and_slash,2024-08-05 12:10
1468810,鬼谷八荒 Tale of Immortal,"May 26, 2023",Mixed,"| 189,030 User Reviews",NT$ 318.00,"['Management', 'Singleplayer', 'Simulation', 'Mythology', 'Tactical RPG', 'Sandbox', 'RPG', 'Action', 'Choose Your Own Adventure', 'Dating Sim', 'Adventure', 'Exploration', 'Hack and Slash', '2D', 'Story Rich', 'Action RPG', 'Procedural Generation', 'Action-Adventure', 'Hand-drawn', 'Strategy RPG']",hack_and_slash,2024-08-05 12:10
220440,DmC: Devil May Cry,"Jan 25, 2013",Very Positive,"| 17,479 User Reviews",NT$ 196.00,"['Action', 'Hack and Slash', 'Great Soundtrack', 'Spectacle fighter', 'Demons', 'Adventure', 'Third Person', 'Singleplayer', 'Character Action Game', 'Reboot', 'Controller', 'Gore', 'Stylized', ""Beat 'em up"", 'Atmospheric', 'Fast-Paced', 'Fantasy', 'Comedy', 'Story Rich', 'Platformer']",hack_and_slash,2024-08-05 12:10
943370,Bravery and Greed,"Nov 15, 2022",Mostly Positive,| 477 User Reviews,NT$ 131.00,"['Multiplayer', 'Roguelite', 'Hack and Slash', ""Beat 'em up"", 'Action Roguelike', 'Action', 'Roguelike', 'Perma Death', 'RPG', 'Action RPG', 'Dungeon Crawler', 'Pixel Graphics', 'Loot', 'PvE', 'PvP', 'Local Co-Op', 'Co-op', 'Online Co-Op', 'Platformer', 'Procedural Generation']",hack_and_slash,2024-08-05 12:10
460950,Katana ZERO,"Apr 18, 2019",Overwhelmingly Positive,"| 58,626 User Reviews",NT$ 160.00,"['Pixel Graphics', 'Action', 'Great Soundtrack', 'Story Rich', 'Platformer', 'Cyberpunk', '2D Platformer', 'Indie', '2D', 'Hack and Slash', 'Fast-Paced', 'Violent', 'Difficult', 'Singleplayer', 'Time Manipulation', 'Ninja', 'Gore', 'Retro', 'Noir', 'Sci-fi']",hack_and_slash,2024-08-05 12:10
1343240,Thymesia,"Aug 18, 2022",Very Positive,"| 6,117 User Reviews",NT$ 224.00,"['Souls-like', 'Difficult', 'Singleplayer', 'Dark Fantasy', 'Hack and Slash', 'Action RPG', 'Third Person', 'Atmospheric', 'Action', 'RPG', 'Dark', 'Fantasy', 'Gore', 'Gothic', 'Medieval', 'Horror', 'Combat', '3D', 'Post-apocalyptic', 'Fighting']",hack_and_slash,2024-08-05 12:10
794600,LET IT DIE,"Sep 26, 2018",Mostly Positive,"| 5,523 User Reviews",Free To Play,"['Free to Play', 'Action', 'Souls-like', 'Gore', 'Nudity', 'Sexual Content', 'Multiplayer', 'Roguelike', 'Singleplayer', 'Violent', 'Hack and Slash', 'Third Person', 'Difficult', 'Dark Comedy', 'Blood', 'Great Soundtrack', 'Funny', 'Asynchronous Multiplayer', 'Cyberpunk', 'Surreal']",hack_and_slash,2024-08-05 12:10
55150,"Warhammer 40,000: Space Marine - Anniversary Edition",,Very Positive,"| 12,734 User Reviews",NT$ 449.00,"['Warhammer 40K', 'Action', 'Third-Person Shooter', 'Sci-fi', 'Third Person', 'Multiplayer', 'Gore', 'Singleplayer', 'Shooter', 'Hack and Slash', 'Co-op', 'Games Workshop', 'Dystopian ', 'Atmospheric', 'Adventure', 'Futuristic', 'Online Co-Op', 'Story Rich', 'Controller', 'Great Soundtrack']",hack_and_slash,2024-08-05 12:10
269210,Hero Siege,"Jan 29, 2014",Mixed,"| 31,070 User Reviews",NT$ 152.00,"['Action RPG', 'Pixel Graphics', 'Action Roguelike', 'Hack and Slash', 'RPG', 'Multiplayer', 'Indie', 'Co-op', 'Action', 'Adventure', '2D', 'Roguelike', 'Roguelite', 'Top-Down', 'Local Co-Op', 'Bullet Hell', 'Fantasy', 'Controller', 'Difficult', 'Singleplayer']",hack_and_slash,2024-08-05 12:10
595740,SAMURAI WARRIORS: Spirit of Sanada,"May 23, 2017",Very Positive,| 495 User Reviews,"NT$ 1,980.00","['Action', 'Musou', 'Hack and Slash', 'Historical', 'Anime', 'Singleplayer']",hack_and_slash,2024-08-05 12:10
1150530,Wizard with a Gun,"Oct 17, 2023",Very Positive,"| 2,226 User Reviews",NT$ 408.00,"['Action', 'Adventure', 'Sandbox', 'Action-Adventure', 'Dungeon Crawler', 'Exploration', 'Roguelike', 'Hack and Slash', 'Top-Down Shooter', 'Roguelite', '2.5D', 'Cartoon', 'Colorful', 'Cute', 'Isometric', 'Stylized', 'Crafting', 'Third Person', 'Dark Fantasy', 'Multiplayer']",hack_and_slash,2024-08-05 12:10
1731070,Asterigos: Curse of the Stars,"Oct 11, 2022",Very Positive,"| 2,054 User Reviews",NT$ 324.00,"['Female Protagonist', 'Exploration', 'Souls-like', 'Action RPG', 'Story Rich', 'Action-Adventure', 'Rome', 'Mythology', 'Hack and Slash', 'Magic', 'Action', 'RPG', '3D', 'Medieval', 'Third Person', 'Metroidvania', 'Controller', 'Multiple Endings', 'Fantasy', 'Stylized']",hack_and_slash,2024-08-05 12:10
2218750,Halls of Torment,"May 24, 2023",Overwhelmingly Positive,"| 21,466 User Reviews",NT$ 130.00,"['Bullet Hell', 'Dark Fantasy', 'Roguelike', 'Action', 'RPG', 'Action RPG', 'Arcade', 'Hack and Slash', '2D Fighter', '2.5D', 'Isometric', '2D', 'Pixel Graphics', 'Top-Down', 'Atmospheric', 'Dark', 'Demons', 'Fantasy', 'Gothic', 'Medieval']",hack_and_slash,2024-08-05 12:10
2888830,DAISY THE SWIMMER,"Jul 23, 2024",Mixed,| 59 User Reviews,NT$ 100.00,"['Hack and Slash', 'Action-Adventure', 'Sexual Content', 'Third-Person Shooter', 'Underwater', 'Comedy', 'Relaxing', 'Hentai', 'Action', 'NSFW', 'Musou', 'Multiple Endings', 'Adventure', 'Female Protagonist', 'Emotional', 'Shooter', 'Realistic', '3D', 'Colorful', 'Third Person']",hack_and_slash,2024-08-05 12:10
1191260,Touken Ranbu Warriors,"May 24, 2022",Very Positive,| 147 User Reviews,"NT$ 1,790.00","['Historical', 'Anime', 'Singleplayer', 'Action', 'Hack and Slash', 'Musou', 'Story Rich', 'Adventure', 'Cute', 'Drama', 'Casual', 'Alternate History', 'Mystery', 'Fantasy', 'Action RPG', 'Spectacle fighter', 'Stylized', 'Swordplay', 'Lore-Rich', 'Great Soundtrack']",hack_and_slash,2024-08-05 12:10
710920,Darksiders Genesis,"Dec 5, 2019",Very Positive,"| 8,803 User Reviews",NT$ 172.00,"['Action', 'Adventure', 'Hack and Slash', 'Co-op', 'Multiplayer', 'Local Co-Op', 'Isometric', 'Top-Down', 'Action RPG', 'RPG', 'Dungeon Crawler', 'Loot', 'Gore', 'Singleplayer', 'Top-Down Shooter', 'Split Screen', 'Great Soundtrack', 'Fantasy', 'Puzzle', 'Twin Stick Shooter']",hack_and_slash,2024-08-05 12:10
1406850,The Legend of Tianding,"Nov 2, 2021",Overwhelmingly Positive,"| 2,774 User Reviews",NT$ 328.00,"['Adventure', 'Controller', 'RPG', 'Combat', 'Martial Arts', 'Side Scroller', ""Beat 'em up"", 'Hack and Slash', 'Spectacle fighter', 'Platformer', '2D', 'Comic Book', 'Historical', 'Multiple Endings', 'Story Rich', 'Linear', 'Action', 'Anime', 'Stylized', 'Singleplayer']",hack_and_slash,2024-08-05 12:10
914710,Cat Quest II,"Sep 24, 2019",Overwhelmingly Positive,"| 4,589 User Reviews",NT$ 89.00,"['Adventure', 'Exploration', 'Action RPG', 'Hack and Slash', 'RPG', 'Character Customization', 'Local Co-Op', 'Action', 'Cute', 'Cats', '2D', 'Co-op', 'Open World', 'Funny', 'Cartoony', 'Dog', 'Loot', 'Fantasy', 'Magic', 'Cozy']",hack_and_slash,2024-08-05 12:10
1249800,Xuan-Yuan Sword VII,"Oct 28, 2020",Mixed,"| 8,261 User Reviews",NT$ 396.00,"['RPG', 'Martial Arts', 'Historical', 'Singleplayer', 'Story Rich', 'Action RPG', 'Action', 'Adventure', 'Action-Adventure', 'Third Person', 'Hack and Slash', 'Open World', 'Atmospheric', 'Dungeon Crawler', 'Fantasy', 'Choices Matter', 'Great Soundtrack', 'Souls-like']",hack_and_slash,2024-08-05 12:10
495910,Dungeon Fighter Online,"Aug 9, 2016",Mixed,"| 5,346 User Reviews",Free To Play,"['Free to Play', 'Anime', 'RPG', ""Beat 'em up"", 'Character Customization', '2D Fighter', 'Story Rich', 'Fantasy', 'PvE', 'Massively Multiplayer', 'Action', 'Multiplayer', 'Hack and Slash', 'Side Scroller', 'Adventure', 'Fighting', 'Action RPG', 'Online Co-Op', 'Controller', 'Dungeon Crawler']",hack_and_slash,2024-08-05 12:10
1097430,Book of Yog Idle RPG,"Jul 30, 2022",Mixed,"| 6,351 User Reviews",Free To Play,"['Nudity', 'Story Rich', 'Singleplayer', 'Clicker', 'Dating Sim', 'JRPG', 'Action RPG', 'Simulation', 'Female Protagonist', 'Sexual Content', 'Hack and Slash', 'Free to Play', 'Loot', 'Idler', '3D', 'Romance', 'Casual', 'Action', 'Top-Down', 'Adventure']",hack_and_slash,2024-08-05 12:10
644830,The Surge 2,"Sep 23, 2019",Mostly Positive,"| 5,968 User Reviews",NT$ 169.00,"['Souls-like', 'RPG', 'Action', 'Open World', 'Sci-fi', 'Violent', 'Difficult', 'Singleplayer', 'Third Person', 'Cyberpunk', 'Multiplayer', 'Character Customization', 'Mechs', 'Gore', 'Hack and Slash', 'Action RPG', 'Robots', 'Female Protagonist', 'Nudity', 'Story Rich']",hack_and_slash,2024-08-05 12:10
3073420,Astral Ascent - Yamat the Breach Traveler,"Jul 29, 2024",Positive,| 34 User Reviews,NT$ 102.00,"['Indie', 'Action', 'Action Roguelike', 'Roguelite', 'Hack and Slash', 'Atmospheric', 'Replay Value', 'Difficult', 'Story Rich', 'Anime', 'Roguelike', 'Hand-drawn', 'Magic', 'Perma Death', 'Fantasy', 'Pixel Graphics', 'Co-op', 'Singleplayer', 'Platformer', 'Multiple Endings']",hack_and_slash,2024-08-05 12:10
606280,Darksiders III,"Nov 27, 2018",Mostly Positive,"| 10,008 User Reviews",NT$ 139.00,"['Hack and Slash', 'Action', 'Female Protagonist', 'Singleplayer', 'Adventure', 'Souls-like', 'RPG', 'Action-Adventure', 'Open World', 'Violent', 'Third Person', 'Story Rich', 'Dark Fantasy', 'Atmospheric', 'Post-apocalyptic', 'Puzzle', 'Fantasy', 'Gore', 'Difficult', 'Dark']",hack_and_slash,2024-08-05 12:10
1567020,The Dark Pictures Anthology: The Devil in Me,"Nov 18, 2022",Mixed,"| 2,471 User Reviews",NT$ 990.00,"['Choices Matter', 'Multiple Endings', 'Horror', 'Action-Adventure', 'Third Person', 'Story Rich', 'Narration', 'Hack and Slash', 'Psychological Horror', 'Realistic', 'Atmospheric', 'Crime', 'Drama', 'Mystery', 'Psychological', 'Survival', 'Adventure', 'Cinematic', 'Quick-Time Events', ""1990's""]",hack_and_slash,2024-08-05 12:10
677120,Heroes of Hammerwatch,"Mar 1, 2018",Very Positive,"| 6,962 User Reviews",NT$ 90.00,"['Roguelite', 'Action Roguelike', 'Pixel Graphics', 'Co-op', 'RPG', 'Multiplayer', 'Dungeon Crawler', 'Online Co-Op', 'Indie', 'Action', 'Adventure', '2D', 'Procedural Generation', 'Hack and Slash', 'Top-Down', 'Roguelike', 'Singleplayer', 'Bullet Hell', 'Action RPG', 'Fantasy']",hack_and_slash,2024-08-05 12:10
1139900,Ghostrunner,"Oct 27, 2020",Very Positive,"| 42,759 User Reviews",NT$ 888.00,"['Action', 'Cyberpunk', 'Fast-Paced', 'First-Person', 'Difficult', 'Swordplay', 'Singleplayer', 'Hack and Slash', 'Futuristic', 'Violent', 'Sci-fi', 'Great Soundtrack', 'Action-Adventure', 'Combat', 'Adventure', 'Fighting', 'Ninja', 'Post-apocalyptic', 'Strategy', 'Shooter']",hack_and_slash,2024-08-05 12:10
50620,Darksiders™,"Sep 23, 2010",Very Positive,"| 7,950 User Reviews",NT$ 888.00,"['Action', 'Adventure', 'Hack and Slash', 'Third Person', 'Singleplayer', 'Post-apocalyptic', 'Fantasy', 'Controller', 'Action RPG', 'Action-Adventure', 'Puzzle', 'Open World', 'RPG', 'Spectacle fighter', 'Gore', ""Beat 'em up"", '3D Platformer', 'Metroidvania', 'Character Action Game', 'Platformer']",hack_and_slash,2024-08-05 12:10
597820,BIOMUTANT,"May 25, 2021",Mixed,"| 12,121 User Reviews",NT$ 142.00,"['Open World', 'Action', 'RPG', 'Singleplayer', 'Adventure', 'Post-apocalyptic', 'Character Customization', 'Third Person', 'Hack and Slash', 'Fantasy', 'Atmospheric', 'Action RPG', 'Exploration', 'Martial Arts', 'Multiplayer', 'Cute', 'Story Rich', 'Sci-fi', 'Indie', 'Souls-like']",hack_and_slash,2024-08-05 12:10
642280,Grim Dawn - Ashes of Malmouth Expansion,"Oct 11, 2017",Very Positive,"| 1,335 User Reviews",NT$ 298.00,"['RPG', 'Action', 'Adventure', 'Hack and Slash', 'Indie', 'Action RPG', 'Loot', 'Co-op', 'Dark Fantasy', 'Lovecraftian', 'Dungeon Crawler', 'Isometric']",hack_and_slash,2024-08-05 12:10
1559390,Fate Seeker II,"Nov 22, 2021",Very Positive,"| 10,958 User Reviews",NT$ 599.00,"['RPG', 'Martial Arts', 'Action RPG', 'Puzzle', 'Exploration', 'Open World', 'Hack and Slash', 'Singleplayer', '3D', 'Third Person', 'Drama', 'Lore-Rich', 'Investigation', 'Story Rich', 'Historical', 'Sexual Content', 'Dating Sim', 'Nudity']",hack_and_slash,2024-08-05 12:10
899440,GOD EATER 3,"Feb 7, 2019",Very Positive,"| 6,835 User Reviews","NT$ 1,022.00","['Anime', 'Action', 'Character Customization', 'Hack and Slash', 'Multiplayer', 'Hunting', 'Co-op', 'JRPG', 'RPG', 'Online Co-Op', 'Singleplayer', 'Action RPG', 'Third Person', 'Post-apocalyptic', 'Great Soundtrack', 'Story Rich', 'Adventure', 'Female Protagonist', 'Sexual Content', 'Open World']",hack_and_slash,2024-08-05 12:10
1602080,Soulstice,"Sep 20, 2022",Mostly Positive,"| 1,176 User Reviews",NT$ 142.00,"['Hack and Slash', 'Spectacle fighter', 'Character Action Game', 'Action-Adventure', 'Female Protagonist', 'Third Person', 'Exploration', 'Dark Fantasy', '3D Platformer', ""Beat 'em up"", 'Action RPG', 'Swordplay', '3D', 'Story Rich', 'Horror', 'Lore-Rich', 'Controller', 'Fantasy', 'Action', 'Demons']",hack_and_slash,2024-08-05 12:10
2669360,ASTLIBRA Gaiden: The Cave of Phantom Mist,"Feb 13, 2024",Very Positive,"| 1,148 User Reviews",NT$ 188.00,"['RPG', 'Action RPG', 'Action', '2D', 'Side Scroller', 'Drama', 'JRPG', 'Metroidvania', 'Spectacle fighter', 'Fantasy', 'Time Travel', 'Dragons', 'Swordplay', 'Demons', 'Gothic', 'Adventure', 'Futuristic', 'Modern', 'Mythology', 'Supernatural']",hack_and_slash,2024-08-05 12:10
388410,Darksiders II Deathinitive Edition,"Nov 5, 2015",Mostly Positive,"| 13,262 User Reviews",NT$ 172.00,"['Action', 'Hack and Slash', 'Adventure', 'RPG', 'Open World', 'Singleplayer', 'Third Person', 'Fantasy', 'Story Rich', 'Puzzle', 'Great Soundtrack', 'Action RPG', 'Dark Fantasy', 'Parkour', 'Loot', 'Spectacle fighter', 'Gore', 'Controller', 'Multiplayer', 'Metroidvania']",hack_and_slash,2024-08-05 12:10
2494250,"Fate/Samurai Remnant - Additional Episode 3 ""Record's Fragment: Bailong and the Crimson Demon""","Jun 20, 2024",Positive,| 21 User Reviews,NT$ 343.00,"['RPG', 'Action', 'JRPG', 'Anime', 'Action RPG', 'Story Rich', 'Spectacle fighter', 'Magic', 'Historical', 'Drama', 'Multiple Endings', 'Singleplayer', 'Stylized', 'Violent', 'Gore', 'Musou', 'Hack and Slash', 'Visual Novel', 'Fantasy', 'Cute']",hack_and_slash,2024-08-05 12:10
2857890,Sacred X：Heavens Wonderland,"May 10, 2024",Mostly Positive,| 704 User Reviews,Free To Play,"['Adventure', 'Action', 'RPG', 'Simulation', 'Strategy', 'MMORPG', 'Action-Adventure', 'Action RPG', 'JRPG', 'Grand Strategy', '3D Platformer', 'Real Time Tactics', 'Action Roguelike', 'Exploration', 'Hack and Slash', 'Tactical RPG', '3D', 'Anime', 'Colorful', 'Realistic']",hack_and_slash,2024-08-05 12:10
2455060,Taboo Trial,"Aug 1, 2023",Very Positive,"| 1,424 User Reviews",NT$ 258.00,"['Female Protagonist', 'RPG', 'Sexual Content', 'Nudity', 'Action Roguelike', 'Indie', 'Action', 'Third Person', 'Roguelite', 'Hack and Slash', '3D', 'Adventure', 'Singleplayer', 'Fantasy', 'Roguelike', 'Combat', 'Action RPG', 'Action-Adventure', '3D Platformer', 'Anime']",hack_and_slash,2024-08-05 12:10
567630,Blood of Steel,"Oct 20, 2020",Mostly Positive,"| 6,656 User Reviews",Free To Play,"['Hack and Slash', 'RPG', 'Medieval', 'Free to Play', 'Multiplayer', 'War', 'Strategy', 'Action', 'PvP', 'Sandbox', 'Massively Multiplayer', 'Horses', 'Historical', 'Tactical', 'RTS', 'Swordplay', 'MOBA', 'Online Co-Op', 'Grand Strategy', 'Adventure']",hack_and_slash,2024-08-05 12:10
2494230,"Fate/Samurai Remnant - Additional Episode 1 ""Record's Fragment: Keian Command Championship""","Feb 9, 2024",Very Positive,| 54 User Reviews,NT$ 343.00,"['RPG', 'Action', 'JRPG', 'Anime', 'Action RPG', 'Story Rich', 'Spectacle fighter', 'Magic', 'Historical', 'Drama', 'Multiple Endings', 'Singleplayer', 'Stylized', 'Violent', 'Gore', 'Musou', 'Hack and Slash', 'Visual Novel', 'Fantasy', 'Cute']",hack_and_slash,2024-08-05 12:10
2507980,Meta-Ghost: The Breaking Show,"Apr 25, 2024",Mostly Positive,| 998 User Reviews,NT$ 238.00,"['Action Roguelike', 'Online Co-Op', 'Cyberpunk', 'Loot', 'Roguelike', 'Roguelite', 'Action', 'Multiplayer', 'Hack and Slash', 'RPG', 'Early Access', 'Action RPG', 'Robots', 'Co-op', 'Souls-like', 'Hand-drawn', 'Isometric', 'Sci-fi', 'Replay Value', 'Indie']",hack_and_slash,2024-08-05 12:10
1804460,Titan Quest: Eternal Embers,"Dec 3, 2021",Mixed,| 370 User Reviews,NT$ 187.00,"['RPG', 'Action', 'Gore', 'Loot', 'Hack and Slash']",hack_and_slash,2024-08-05 12:10
2180340,Mirror of Heaven,"Jun 2, 2024",Very Positive,| 817 User Reviews,NT$ 152.00,"['Roguelite', 'Action Roguelike', ""Beat 'em up"", 'Action-Adventure', 'Hack and Slash', 'Action', 'Dungeon Crawler', 'Martial Arts', 'Roguelike', 'Mythology', 'Top-Down', 'Swordplay', 'Dragons', 'Combat', 'RPG', 'Historical', 'Magic', '3D', 'Singleplayer', '2.5D']",hack_and_slash,2024-08-05 12:10
1352080,SMASH LEGENDS,"Apr 13, 2021",Mixed,"| 8,406 User Reviews",Free To Play,"['Multiplayer', 'Free to Play', 'PvP', 'MOBA', 'Fighting', '3D Fighter', 'Anime', 'Character Action Game', 'Action', 'Casual', 'Colorful', 'Online Co-Op', 'Sci-fi', 'Combat', 'Battle Royale', '3D', 'eSports', 'Co-op', 'Competitive', 'Strategy']",hack_and_slash,2024-08-05 12:10
1041720,Kingdoms of Amalur: Re-Reckoning,"Sep 8, 2020",Mostly Positive,"| 4,989 User Reviews",NT$ 224.00,"['RPG', 'Action', 'Fantasy', 'Singleplayer', 'Action RPG', 'Open World', 'Character Customization', 'Combat', 'Atmospheric', 'Hack and Slash', 'Third Person', 'Gore', 'Adventure', 'Fighting', 'Story Rich', 'Loot', 'Choices Matter', 'Magic', 'Female Protagonist', 'Remake']",hack_and_slash,2024-08-05 12:10
2512790,Skul: The Hero Slayer - Mythology Pack,"Nov 16, 2023",Very Positive,| 335 User Reviews,NT$ 82.00,"['Indie', 'Action', 'Action Roguelike', 'Pixel Graphics', '2D', 'Roguelite', 'Roguelike', 'Singleplayer', 'Platformer', 'Difficult', 'Side Scroller', 'Metroidvania', 'Hack and Slash', 'Adventure', 'Villain Protagonist', 'Action-Adventure', 'Story Rich', 'Fantasy', 'Cute', 'Multiplayer']",hack_and_slash,2024-08-05 12:10
593280,Cat Quest,"Aug 8, 2017",Overwhelmingly Positive,"| 6,764 User Reviews",NT$ 89.00,"['Adventure', 'RPG', 'Cats', 'Cute', 'Action', 'Hack and Slash', 'Indie', 'Open World', 'Singleplayer', 'Casual', 'Action RPG', 'Loot', 'Fantasy', 'Funny', '2D', 'Dragons', 'Multiplayer', 'Cozy', 'Wholesome', 'Co-op']",hack_and_slash,2024-08-05 12:10
445980,Wizard of Legend,"May 15, 2018",Very Positive,"| 16,281 User Reviews",NT$ 278.00,"['Action Roguelike', 'Pixel Graphics', 'Roguelike', 'Dungeon Crawler', 'Action', 'Magic', 'Local Co-Op', 'Multiplayer', 'Adventure', 'Roguelite', 'Co-op', 'Indie', 'Hack and Slash', 'Local Multiplayer', 'Difficult', '2D', 'Singleplayer', 'RPG', 'Procedural Generation', 'Fast-Paced']",hack_and_slash,2024-08-05 12:10
200710,Torchlight II,"Sep 20, 2012",Very Positive,"| 31,467 User Reviews",NT$ 93.00,"['RPG', 'Action RPG', 'Hack and Slash', 'Loot', 'Dungeon Crawler', 'Co-op', 'Fantasy', 'Online Co-Op', 'Multiplayer', 'Action', 'Adventure', 'Singleplayer', 'Indie', 'Moddable', 'Character Customization', 'Isometric', 'Replay Value', 'Steampunk', 'Atmospheric', 'Cartoon']",hack_and_slash,2024-08-05 12:10
312780,Way of the Samurai 4,"Jul 23, 2015",Mostly Positive,"| 1,643 User Reviews",NT$ 588.00,"['Action', 'JRPG', 'Choose Your Own Adventure', 'Historical', 'Action RPG', 'Hack and Slash', 'Open World', 'Character Customization', 'Multiple Endings', 'Sandbox', 'Exploration', 'RPG', 'Female Protagonist', 'Third Person', '3D', 'Funny', 'Swordplay', 'Choices Matter', 'Romance', 'Story Rich']",hack_and_slash,2024-08-05 12:10
897670,Grim Dawn - Forgotten Gods Expansion,"Mar 27, 2019",Very Positive,| 971 User Reviews,NT$ 278.00,"['RPG', 'Adventure', 'Indie', 'Action', 'Hack and Slash', 'Loot', 'Gore', 'Action RPG', 'Violent', 'Multiplayer', 'Dark Fantasy', 'Isometric']",hack_and_slash,2024-08-05 12:10
1952370,Oblivion Override,"Jan 25, 2024",Very Positive,"| 1,442 User Reviews",NT$ 200.00,"['Action Roguelike', 'Hack and Slash', 'Side Scroller', 'Robots', 'Ninja', 'Roguelike', 'Perma Death', 'Roguelite', 'Action', '2D', 'Singleplayer', 'Mechs', 'Post-apocalyptic', 'Sci-fi', 'Adventure', 'Controller', 'Futuristic', 'RPG', 'Combat', 'Cyberpunk']",hack_and_slash,2024-08-05 12:10
761600,Onimusha: Warlords,"Jan 15, 2019",Very Positive,"| 1,920 User Reviews",NT$ 244.00,"['Action', 'Violent', 'Hack and Slash', 'Classic', 'Singleplayer', 'Ninja', 'Third Person', 'Survival Horror', 'Dark Fantasy', 'Atmospheric', 'Horror', 'Demons', 'Anime', 'Action-Adventure', 'Swordplay', 'Difficult', 'Remake', 'Story Rich', 'Fantasy', 'Historical']",hack_and_slash,2024-08-05 12:10
1432050,Nobody Saves the World,"Jan 18, 2022",Very Positive,"| 4,772 User Reviews",NT$ 378.00,"['Singleplayer', 'Indie', 'Co-op', 'Multiplayer', 'Action', 'Adventure', 'Hack and Slash', 'Dungeon Crawler', '2D', 'RPG', 'Local Co-Op', 'Fantasy', 'Action RPG', 'Colorful', 'Exploration', 'Action-Adventure', 'Funny', 'Procedural Generation', 'Soundtrack', 'Hand-drawn']",hack_and_slash,2024-08-05 12:10
1104280,The Slormancer,"Apr 6, 2021",Mostly Positive,"| 3,914 User Reviews",NT$ 214.00,"['Hack and Slash', 'Action RPG', 'Dungeon Crawler', 'Loot', 'Pixel Graphics', 'RPG', '2D', 'Action-Adventure', 'Top-Down', 'Indie', 'Isometric', 'Early Access', 'Action', 'Fantasy', 'Class-Based', 'Adventure', 'Combat', 'Singleplayer', 'Controller', 'Soundtrack']",hack_and_slash,2024-08-05 12:10
606150,Moonlighter,"May 29, 2018",Very Positive,"| 14,090 User Reviews",NT$ 92.00,"['Hack and Slash', 'Pixel Graphics', 'Roguelite', 'Dungeon Crawler', 'Action Roguelike', 'Roguelike', 'RPG', 'Character Action Game', 'Action RPG', 'Procedural Generation', 'Management', 'Adventure', 'Controller', 'Exploration', 'Singleplayer', 'Action', 'Top-Down', 'Simulation', 'Fantasy', '2D']",hack_and_slash,2024-08-05 12:10
1094520,Sands of Salzaar,"Dec 16, 2021",Very Positive,"| 20,704 User Reviews",NT$ 268.00,"['Open World', 'RPG', 'Strategy', 'War', 'Indie', 'Adventure', 'Sandbox', 'Singleplayer', 'Character Customization', 'Hack and Slash', 'Action RPG', 'Story Rich', 'Top-Down', 'Early Access', 'Multiplayer', 'Martial Arts', 'Anime', 'Mature', 'Moddable', 'Action']",hack_and_slash,2024-08-05 12:10
1120810,Eastern Exorcist,"Jul 8, 2021",Very Positive,"| 5,993 User Reviews",NT$ 163.00,"['Action', 'RPG', 'Side Scroller', 'Adventure', '2D', 'Souls-like', 'Hack and Slash', 'Action RPG', 'Platformer', 'Strategy', 'Hand-drawn', 'Fantasy', 'Singleplayer', 'Magic', 'Violent', 'Indie', 'Martial Arts', 'Difficult', 'Metroidvania', 'Early Access']",hack_and_slash,2024-08-05 12:10
2201710,Three Kingdoms Zhao Yun,"Jan 18, 2024",Mixed,"| 3,433 User Reviews",NT$ 328.00,"['Action RPG', 'Drama', 'Hack and Slash', 'Historical', 'Martial Arts', 'Story Rich', 'RPG', 'Lore-Rich', 'Exploration', 'Singleplayer', 'War', 'Adventure', 'Action', 'Retro', 'Wargame', 'Multiple Endings', 'Open World', 'Third Person', 'Combat', 'Linear']",hack_and_slash,2024-08-05 12:10
1306630,Lost Ruins,"May 13, 2021",Very Positive,"| 4,113 User Reviews",NT$ 164.00,"['Anime', 'Pixel Graphics', 'Metroidvania', 'Action', 'Cute', 'Platformer', 'Adventure', 'Hack and Slash', '2D', 'Survival', 'Sexual Content', 'Dark', 'Sci-fi', 'Female Protagonist', 'Horror', 'Character Customization', 'Combat', 'Side Scroller', 'Singleplayer', 'Inventory Management']",hack_and_slash,2024-08-05 12:10
2212330,Your Only Move Is HUSTLE,"Feb 2, 2023",Overwhelmingly Positive,"| 20,216 User Reviews",NT$ 102.00,"['2D Fighter', 'Turn-Based Strategy', 'Action', 'Strategy', 'Spectacle fighter', '2D', 'Turn-Based Tactics', 'Pixel Graphics', 'Sandbox', 'Simulation', 'Side Scroller', 'Anime', 'Cinematic', 'Cartoon', 'Cartoony', 'Solitaire', 'Colorful', 'Minimalist', 'Hand-drawn', 'Cute']",hack_and_slash,2024-08-05 12:10
19680,Alice: Madness Returns,"Jun 17, 2011",Very Positive,"| 15,996 User Reviews",NT$ 269.00,"['3D Platformer', 'Horror', 'Female Protagonist', 'Hack and Slash', 'Dark Fantasy', 'Action-Adventure', 'Singleplayer', 'Gothic', 'Platformer', 'Third Person', 'Story Rich', 'Surreal', 'Psychological', 'Fantasy', 'Action', 'Noir', 'Based On A Novel', 'Atmospheric', 'Adventure', 'Supernatural']",hack_and_slash,2024-08-05 12:10
261110,Killer is Dead - Nightmare Edition,"May 23, 2014",Mostly Positive,"| 3,523 User Reviews",NT$ 58.00,"['Action', 'Hack and Slash', 'Surreal', 'Singleplayer', 'Stylized', 'Character Action Game', 'Gore', 'Spectacle fighter', 'Third Person', 'Adventure', 'Great Soundtrack', 'Atmospheric', 'Swordplay', 'Comedy', 'Story Rich', 'Dating Sim', 'Cyberpunk', ""Beat 'em up"", 'Sexual Content', 'Controller']",hack_and_slash,2024-08-05 12:10
741350,Titan Quest: Ragnarök,"Nov 17, 2017",Mostly Positive,"| 1,063 User Reviews",NT$ 93.00,"['RPG', 'Action', 'Hack and Slash', 'Action RPG', 'Singleplayer', 'Mythology', 'Loot', 'Multiplayer', 'Fantasy', 'Co-op', 'Adventure', 'Isometric', 'Atmospheric']",hack_and_slash,2024-08-05 12:10
1835240,Spiritfall,"Feb 28, 2024",Very Positive,"| 1,272 User Reviews",NT$ 222.00,"['Action Roguelike', '2D Fighter', '2D Platformer', 'Roguelite', 'Hack and Slash', 'Difficult', 'Platformer', 'Roguelike', 'RPG', '2D', 'Controller', 'Procedural Generation', 'Action', 'Cartoony', 'Fantasy', 'Cartoon', 'Singleplayer', 'Fighting', 'Combat', 'Survival']",hack_and_slash,2024-08-05 12:10
1341490,Hellsweeper VR,"Sep 21, 2023",Very Positive,| 302 User Reviews,NT$ 474.00,"['Hack and Slash', 'Action Roguelike', 'Shooter', 'Magic', 'VR', 'Bullet Time', 'Simulation', 'Combat', 'Dark', 'Souls-like', 'Roguelike', 'Co-op', 'Singleplayer', 'Multiplayer', 'Online Co-Op', 'Dark Fantasy', 'FPS', 'Roguelite', 'Martial Arts', 'RPG']",hack_and_slash,2024-08-05 12:10
2165390,Tales of Spark,"Feb 5, 2024",Very Positive,| 501 User Reviews,NT$ 248.00,"['RPG', 'Action', 'Hack and Slash', 'Adventure', 'Loot', 'Action RPG', 'Fantasy', 'Indie', 'Martial Arts', 'Historical', 'Drama', 'Singleplayer', 'Combat', 'Retro', 'Romance', 'Early Access', '3D', 'Top-Down', 'Isometric', 'Anime']",hack_and_slash,2024-08-05 12:10
1154040,SpellForce 3 Fallen God,"Nov 3, 2020",Very Positive,"| 1,177 User Reviews",NT$ 79.00,"['RPG', 'Strategy', 'RTS', 'City Builder', 'Strategy RPG', 'Fantasy', 'Co-op', 'Magic', 'Multiplayer', 'PvP', 'Atmospheric', 'Online Co-Op', 'Spectacle fighter', 'Singleplayer', 'Gore', 'Action RTS']",hack_and_slash,2024-08-05 12:10
992300,嗜血印 Bloody Spell,"Jan 26, 2022",Very Positive,"| 28,534 User Reviews",NT$ 350.00,"['Nudity', 'Female Protagonist', 'Action RPG', 'Hack and Slash', 'Martial Arts', '3D', 'Roguelike', 'Action', 'Roguelite', 'Sexual Content', 'Open World', 'Multiplayer', 'Online Co-Op', 'Singleplayer', 'RPG', 'Violent', 'Gore', '3D Vision', 'Indie', 'Adventure']",hack_and_slash,2024-08-05 12:10
1214650,SOUTH PARK: SNOW DAY!,"Mar 26, 2024",Mixed,"| 2,318 User Reviews",NT$ 244.00,"['Action', 'Adventure', 'Action RPG', 'Action-Adventure', 'Hack and Slash', 'Cartoon', 'Cartoony', 'Third Person', 'Comedy', 'Dark Comedy', 'Dark Humor', 'Fantasy', 'Funny', 'Magic', 'Memes', 'Mystery', 'Parody ', 'Satire', 'Combat', 'Controller']",hack_and_slash,2024-08-05 12:10
438490,GOD EATER 2 Rage Burst,"Aug 29, 2016",Very Positive,"| 3,216 User Reviews",NT$ 129.00,"['Anime', 'Action', 'Character Customization', 'RPG', 'Hunting', 'Co-op', 'Hack and Slash', 'JRPG', 'Multiplayer', 'Singleplayer', 'Great Soundtrack', 'Post-apocalyptic', 'Story Rich', 'Third Person', 'Online Co-Op', 'Atmospheric', 'Female Protagonist', 'Open World', 'Nudity', 'Mature']",hack_and_slash,2024-08-05 12:10
345350,LIGHTNING RETURNS™: FINAL FANTASY® XIII,"Dec 10, 2015",Mostly Positive,"| 3,595 User Reviews",NT$ 540.00,"['RPG', 'JRPG', 'Female Protagonist', 'Fantasy', 'Open World', 'Great Soundtrack', 'Singleplayer', 'Story Rich', 'Adventure', 'Anime', 'Action', 'Action RPG', 'Third Person', 'Character Customization', 'Hack and Slash', 'Atmospheric', 'Cute', 'Nudity', 'Exploration', 'Casual']",hack_and_slash,2024-08-05 12:10
629760,MORDHAU,"Apr 29, 2019",Very Positive,"| 90,430 User Reviews",NT$ 488.00,"['Medieval', 'Multiplayer', 'First-Person', 'Swordplay', 'Gore', 'PvP', 'Online Co-Op', 'Action', 'Fighting', 'PvE', 'Character Customization', 'Hack and Slash', 'Team-Based', 'Third Person', 'Realistic', 'Competitive', 'Historical', 'Indie', 'Survival', 'FPS']",hack_and_slash,2024-08-05 12:10
1489410,Alice Escaped!,"Jan 27, 2023",Very Positive,| 246 User Reviews,NT$ 328.00,"['Atmospheric', 'Platformer', 'Adventure', 'Metroidvania', 'Story Rich', 'Cute', '2D', 'Fantasy', 'Nature', 'Female Protagonist', 'Spectacle fighter', 'Action-Adventure', 'Difficult', 'Hack and Slash', 'Anime', 'Action', 'Colorful', 'Dark', 'Combat', 'Singleplayer']",hack_and_slash,2024-08-05 12:10
2162680,Doom Sweeper,"Jun 9, 2024",Mostly Positive,| 579 User Reviews,NT$ 86.00,"['Action Roguelike', 'Hack and Slash', 'Idler', 'Tower Defense', 'Roguelite', 'Roguelike', 'Strategy', 'RPG', 'Post-apocalyptic', '2D', 'Cute', 'Casual', 'Anime', 'Funny', 'Pixel Graphics', 'Action', 'Zombies', 'Cartoony', 'Military', 'Fantasy']",hack_and_slash,2024-08-05 12:10
525480,.hack//G.U. Last Recode,"Nov 3, 2017",Very Positive,"| 2,977 User Reviews",NT$ 139.00,"['RPG', 'JRPG', 'Anime', 'Singleplayer', 'Story Rich', 'Action RPG', 'Great Soundtrack', 'Action', 'Fantasy', 'Hack and Slash', 'Adventure', 'Classic', 'Open World', 'Remake', 'Sci-fi']",hack_and_slash,2024-08-05 12:10
2776500,Time Treker,"Jul 10, 2024",Mostly Positive,| 168 User Reviews,NT$ 138.00,"['Roguelite', 'Roguelike', 'Time Travel', 'Bullet Hell', 'Gun Customization', 'Hack and Slash', 'Shooter', 'Pixel Graphics', 'Action Roguelike', '2D', 'Casual', 'Twin Stick Shooter', 'Top-Down Shooter', ""Shoot 'Em Up"", 'Mechs', 'Action RPG', 'Action', 'Action-Adventure', 'Adventure', 'Sci-fi']",hack_and_slash,2024-08-05 12:10
1071200,Titan Quest: Atlantis,"May 9, 2019",Mixed,| 567 User Reviews,NT$ 79.00,"['Action', 'RPG', 'Gore', 'Hack and Slash', 'Action RPG']",hack_and_slash,2024-08-05 12:10
787850,Heroine Anthem Zero 2 : Scalescars Oath,"Feb 22, 2022",Very Positive,| 682 User Reviews,NT$ 344.00,"['Female Protagonist', 'RPG', '2D', 'Drama', 'Metroidvania', 'Anime', 'Exploration', 'Side Scroller', 'Hack and Slash', 'Platformer', 'Action RPG', 'Story Rich', 'Post-apocalyptic', '3D', 'Action', 'Sexual Content', 'Adventure', 'Singleplayer', 'Nudity', 'Indie']",hack_and_slash,2024-08-05 12:10
1297330,Olija,"Jan 28, 2021",Very Positive,| 644 User Reviews,NT$ 80.00,"['Fantasy', 'Action', 'Adventure', 'Indie', 'Action-Adventure', 'Character Action Game', 'Exploration', 'Platformer', '2D Platformer', 'Hack and Slash', 'Precision Platformer', 'Pixel Graphics', 'Side Scroller', '2D', 'Cinematic', 'Cartoony', 'Stylized', 'Colorful', 'Assassin', 'Atmospheric']",hack_and_slash,2024-08-05 12:10
2617310,ONE PIECE: PIRATE WARRIORS 4 Koby's Combat Chronicle & Soul Map 2,"Jan 11, 2024",Mostly Positive,| 13 User Reviews,NT$ 90.00,"['Action', 'Anime', 'Hack and Slash', ""Beat 'em up"", 'Fighting', 'Pirates', 'Split Screen', 'PvP', 'Arcade', 'Multiplayer', 'Co-op', 'Adventure', 'RPG', 'Musou', 'Local Co-Op', 'Comedy', 'Online Co-Op', 'Controller', 'Singleplayer', 'Open World']",hack_and_slash,2024-08-05 12:10
2409110,REAL WEB LEGENDS: Carter's Quest,"Aug 2, 2024",Positive,| 48 User Reviews,NT$ 214.00,"['RPG', 'Spectacle fighter', 'Action-Adventure', 'Action', 'Hack and Slash', '3D', ""1990's"", 'Open World', 'Story Rich', 'Stylized', 'Early Access', 'Fantasy', 'Indie', 'Magic', 'Medieval', 'Combat', 'Singleplayer']",hack_and_slash,2024-08-05 12:10
483840,Grim Dawn - Crucible Mode DLC,"Aug 3, 2016",Very Positive,| 534 User Reviews,NT$ 152.00,"['RPG', 'Action', 'Adventure', 'Indie', 'Hack and Slash', 'Loot', 'Dark Fantasy']",hack_and_slash,2024-08-05 12:10
302510,Ryse: Son of Rome,"Oct 10, 2014",Very Positive,"| 31,838 User Reviews",NT$ 65.00,"['Hack and Slash', 'Action', 'Quick-Time Events', 'Rome', 'Historical', 'Third Person', 'Singleplayer', 'Gore', 'Adventure', 'Linear', 'War', 'Atmospheric', 'Nudity', 'RPG', 'Open World', 'Multiplayer', 'Co-op', 'Benchmark', 'Short', 'Fantasy']",hack_and_slash,2024-08-05 12:10
1902710,Weird RPG,"Oct 1, 2022",Very Positive,"| 3,700 User Reviews",NT$ 124.00,"['RPG', 'Action', 'Action RPG', 'Singleplayer', 'Souls-like', 'Adventure', 'Top-Down', 'Isometric', 'Fantasy', 'Combat', '3D', 'Real Time Tactics', 'Loot', 'Hack and Slash']",hack_and_slash,2024-08-05 12:10
2457580,Fight Crab 2,"Feb 13, 2024",Very Positive,| 72 User Reviews,NT$ 268.00,"['Multiplayer', 'Party Game', 'Spectacle fighter', 'Local Multiplayer', 'Fighting', '3D Fighter', 'Third-Person Shooter', 'Action', 'Physics', 'Underwater', 'Sports', 'Arcade', 'Funny', 'eSports', 'Local Co-Op', 'Replay Value', 'Third Person', 'Co-op', 'Online Co-Op', 'Singleplayer']",hack_and_slash,2024-08-05 12:10
1432640,Devil May Cry 5 - Playable Character: Vergil,"Dec 15, 2020",Overwhelmingly Positive,"| 3,700 User Reviews",NT$ 112.00,"['Sexual Content', 'Nudity', 'Hentai', 'Dating Sim', 'Female Protagonist', 'Action', 'Mature', 'Great Soundtrack', 'Family Friendly', 'Violent', 'LGBTQ+', 'Demons', 'Hack and Slash', 'Anime', 'Spectacle fighter', 'FPS', 'Psychological Horror', 'Third Person', 'Singleplayer', 'Gore']",hack_and_slash,2024-08-05 12:10
638650,Sword Art Online Re: Hollow Fragment,"Aug 20, 2018",Mostly Positive,"| 1,711 User Reviews",NT$ 79.00,"['RPG', 'Anime', 'JRPG', 'Multiplayer', 'Hack and Slash', 'Singleplayer', 'Adventure', 'Open World', 'Online Co-Op', 'Action', 'Character Customization', 'Sexual Content', 'Action RPG', 'Visual Novel', 'Dating Sim', 'MMORPG', 'Dungeon Crawler']",hack_and_slash,2024-08-05 12:10
2868430,XiuzhenWorld / 修真世界,"Apr 30, 2024",Mostly Positive,| 423 User Reviews,NT$ 94.00,"['Idler', 'Open World', 'RPG', 'Mythology', 'Adventure', 'Loot', 'Automation', 'Creature Collector', 'Hack and Slash', 'Retro', 'Survival', 'Dragons', 'Combat', '3D', 'Souls-like', 'Fantasy', 'Magic', 'Martial Arts', 'Swordplay', 'Action-Adventure']",hack_and_slash,2024-08-05 12:10
378540,The Surge,"May 15, 2017",Mostly Positive,"| 7,270 User Reviews",NT$ 50.00,"['Souls-like', 'Action', 'RPG', 'Sci-fi', 'Third Person', 'Difficult', 'Singleplayer', 'Mechs', 'Violent', 'Hack and Slash', 'Robots', 'Open World', 'Exploration', 'Cyberpunk', 'Action RPG', 'Gore', 'Adventure', 'Horror', 'Futuristic', 'Atmospheric']",hack_and_slash,2024-08-05 12:10
1760190,Ghostrunner - Project_Hel,"Mar 3, 2022",Very Positive,| 493 User Reviews,NT$ 389.00,"['Action', 'Adventure', 'Violent', 'Gore', 'Parkour', 'Cyberpunk', 'Difficult', 'Fast-Paced', 'Hack and Slash', 'Fighting', 'Singleplayer', 'Action-Adventure', 'First-Person', 'Sci-fi', 'Combat', 'Post-apocalyptic', 'Futuristic', 'Story Rich', 'Swordplay', 'Science']",hack_and_slash,2024-08-05 12:10
1911360,Trinity Fusion,"Dec 15, 2023",Very Positive,| 444 User Reviews,NT$ 180.00,"['Action Roguelike', 'Roguelite', 'Metroidvania', 'Roguelike', 'Souls-like', 'Platformer', 'Action RPG', 'Hack and Slash', 'Action', '2.5D', 'Futuristic', 'Female Protagonist', 'Indie', 'Dark', 'RPG', 'Singleplayer', ""Beat 'em up"", 'Story Rich', 'Atmospheric', '3D']",hack_and_slash,2024-08-05 12:10
2669860,Elder Legacy,"Jul 26, 2024",Very Positive,| 486 User Reviews,NT$ 159.00,"['Open World', 'Narration', 'Action RPG', 'Sandbox', 'Choices Matter', 'Magic', 'Spectacle fighter', 'Historical', 'Co-op', 'Difficult', 'Action', 'Mythology', 'Building', 'Atmospheric', 'Survival', 'Third Person', 'Dark Fantasy', 'Souls-like', 'RPG', 'Fantasy']",hack_and_slash,2024-08-05 12:10
1581040,El Shaddai ASCENSION OF THE METATRON HD Remaster,"Sep 2, 2021",Very Positive,| 286 User Reviews,NT$ 400.00,"['Action', 'Singleplayer', 'Action RPG', 'Action-Adventure', 'Atmospheric', 'Mythology', 'Side Scroller', 'Fantasy', '3D', 'Cinematic', 'Spectacle fighter', 'Sci-fi', 'Supernatural', 'Cartoony', 'Hand-drawn', 'Psychedelic', 'Controller', 'Cyberpunk', 'Narration', '3D Platformer']",hack_and_slash,2024-08-05 12:10
41500,Torchlight,"Oct 27, 2009",Very Positive,"| 4,910 User Reviews",NT$ 79.00,"['RPG', 'Action RPG', 'Hack and Slash', 'Dungeon Crawler', 'Fantasy', 'Singleplayer', 'Loot', 'Indie', 'Moddable', 'Action', 'Adventure', 'Isometric', 'Magic', 'Cartoon', 'Exploration', 'Top-Down', 'Female Protagonist', 'Steampunk', 'Great Soundtrack', 'Co-op']",hack_and_slash,2024-08-05 12:10
2449140,ONE PIECE: PIRATE WARRIORS 4 The Battle of Onigashima Pack,"Sep 14, 2023",Mostly Negative,| 678 User Reviews,NT$ 360.00,"['Action', 'Anime', 'Hack and Slash', ""Beat 'em up"", 'Pirates', 'Fighting', 'Split Screen', 'PvP', 'Arcade', 'Adventure', 'Multiplayer', 'Co-op', 'Local Co-Op', 'RPG', 'Musou', 'Comedy', 'Online Co-Op', 'Controller', 'Singleplayer', 'Open World']",hack_and_slash,2024-08-05 12:10
32430,STAR WARS™ - The Force Unleashed™ Ultimate Sith Edition,"Dec 15, 2009",Mostly Positive,"| 7,317 User Reviews",NT$ 328.00,"['Action', 'Hack and Slash', 'Singleplayer', 'Third Person', 'Sci-fi', 'Adventure', 'Story Rich', 'Controller', 'Quick-Time Events', 'Great Soundtrack', ""Beat 'em up"", 'Space', 'Platformer', 'Multiple Endings', 'RPG', 'Classic', 'Difficult', 'Physics', 'Multiplayer', 'Atmospheric']",hack_and_slash,2024-08-05 12:10
3028300,Happy Souls,"Jun 19, 2024",Positive,| 44 User Reviews,NT$ 11.00,"['Metroidvania', 'Spectacle fighter', 'Mystery Dungeon', 'Adventure', 'Hack and Slash', 'Hidden Object', 'Puzzle', 'Action', 'Demons', 'Survival', 'Retro', 'Old School', 'Singleplayer']",hack_and_slash,2024-08-05 12:10
607880,Accel World VS. Sword Art Online Deluxe Edition,"Sep 12, 2017",Mostly Positive,| 878 User Reviews,NT$ 139.00,"['Anime', 'RPG', 'JRPG', 'Multiplayer', 'Action RPG', 'Action', 'Singleplayer', 'Open World', 'Hack and Slash', 'Memes', 'Nudity', 'Sexual Content', 'MMORPG', 'Dating Sim']",hack_and_slash,2024-08-05 12:10
289780,Requiem: Desiderium Mortis,"Mar 4, 2015",Mixed,| 849 User Reviews,Free To Play,"['Free to Play', 'Massively Multiplayer', 'RPG', 'Action', 'Gore', 'MMORPG', 'Horror', 'Multiplayer', 'Hack and Slash', 'Dark Fantasy', 'Sci-fi', 'Singleplayer', 'Blood', 'Action RPG', 'Violent', '3D', 'Noir', 'Psychedelic', 'Third Person', 'Dark']",hack_and_slash,2024-08-05 12:10
1679510,Plushie from the Sky,"May 6, 2024",Very Positive,| 248 User Reviews,NT$ 180.00,"['Action RPG', 'Action', 'Adventure', 'Souls-like', 'RPG', 'Cute', 'Anime', 'Action-Adventure', 'Funny', '3D Platformer', 'Hack and Slash', 'Third-Person Shooter', 'Female Protagonist', 'Surreal', 'Exploration', 'Third Person', 'Controller', 'Indie', 'Singleplayer', 'JRPG']",hack_and_slash,2024-08-05 12:10
424370,Wolcen: Lords of Mayhem,"Feb 13, 2020",Mixed,"| 61,362 User Reviews",NT$ 568.00,"['Hack and Slash', 'Action RPG', 'Isometric', 'RPG', 'Multiplayer', 'Action', 'Loot', 'Adventure', 'Indie', 'Co-op', 'Character Customization', 'Dark Fantasy', 'Dungeon Crawler', 'Singleplayer', 'Controller', 'Fantasy', 'Top-Down', 'Medieval', 'Online Co-Op', 'Difficult']",hack_and_slash,2024-08-05 12:10
3065220,Artifact Seeker - DLC 1: The Legacy of Mortia,"Jul 26, 2024",,,NT$ 70.00,"['Adventure', 'Action', 'RPG', 'Action-Adventure', 'Action Roguelike', 'Action RPG', '3D Platformer', 'Exploration', 'Hack and Slash', '3D Vision', 'Anime', 'Comic Book', 'Medieval', 'Loot', 'Drama', 'Indie', 'Free to Play', 'Fantasy', 'Story Rich', 'Singleplayer']",hack_and_slash,2024-08-05 12:10
456670,Hand of Fate 2,"Nov 7, 2017",Very Positive,"| 5,036 User Reviews",NT$ 438.00,"['RPG', 'Card Game', 'Roguelike Deckbuilder', 'Action', 'Deckbuilding', 'Roguelite', 'Indie', 'Action Roguelike', 'Singleplayer', 'Board Game', 'Fantasy', 'Roguelike', 'Dungeon Crawler', 'Hack and Slash', 'Choices Matter', 'Strategy', 'Third Person', 'Action RPG', 'Atmospheric', 'Female Protagonist']",hack_and_slash,2024-08-05 12:10
2735920,Hero Siege - Butcher Class,"Jan 12, 2024",Mixed,| 18 User Reviews,NT$ 152.00,"['RPG', 'Action Roguelike', 'Hack and Slash', 'Pixel Graphics', 'Indie', 'Roguelike', 'Multiplayer', 'Action', 'Adventure', 'Co-op', '2D', 'Local Co-Op', 'Roguelite', 'Massively Multiplayer', 'Top-Down', 'Action RPG', 'Bullet Hell', 'Singleplayer', 'Difficult', 'Controller']",hack_and_slash,2024-08-05 12:10
946030,Axiom Verge 2,"Aug 11, 2022",Very Positive,| 483 User Reviews,NT$ 159.00,"['Action', 'Adventure', 'Metroidvania', 'Platformer', 'Action-Adventure', '2D Platformer', 'Pixel Graphics', '2D', 'Side Scroller', 'Sci-fi', 'Female Protagonist', 'Indie', 'Hack and Slash', 'Nonlinear', 'Singleplayer', 'Story Rich']",hack_and_slash,2024-08-05 12:10
2391900,Champion Shift,"Jun 21, 2024",Very Positive,| 126 User Reviews,NT$ 89.00,"['Action Roguelike', 'Bullet Hell', 'Hack and Slash', 'Twin Stick Shooter', 'Roguelike', 'Roguelite', 'PvE', 'Action RPG', 'Online Co-Op', 'Arcade', 'Character Customization', 'RPG', '3D', 'Top-Down', 'Controller', 'Action', 'Colorful', 'Stylized', 'Fantasy', 'Mythology']",hack_and_slash,2024-08-05 12:10
928960,Godfall Ultimate Edition,"Apr 7, 2022",Mixed,"| 1,452 User Reviews",NT$ 569.00,"['Action', 'Action RPG', 'RPG', 'Hack and Slash', '3D', 'Third Person', 'Atmospheric', 'PvE', 'Co-op', 'Multiplayer', 'Online Co-Op', 'Singleplayer', 'Co-op Campaign', 'Loot', 'Cinematic', 'Combat', 'Fantasy', 'Adventure', 'Souls-like', 'Open World']",hack_and_slash,2024-08-05 12:10
1258780,B100X - Auto Dungeon RPG,"Jan 26, 2021",Very Positive,| 881 User Reviews,Free To Play,"['RPG', 'Casual', 'Strategy', 'Auto Battler', 'Strategy RPG', 'Visual Novel', 'Hidden Object', 'Exploration', 'CRPG', 'Turn-Based Tactics', 'Hack and Slash', 'Collectathon', 'Immersive Sim', 'Anime', 'Cute', 'Pixel Graphics', 'Old School', 'Dark Fantasy', 'Fantasy', 'Story Rich']",hack_and_slash,2024-08-05 12:10
2348610,Slime 3K: Rise Against Despot,"Nov 2, 2023",Very Positive,| 924 User Reviews,NT$ 61.00,"['Bullet Hell', 'Action Roguelike', 'Roguelite', 'Deckbuilding', 'Roguelike', '2D', ""Shoot 'Em Up"", 'Top-Down Shooter', 'Hack and Slash', 'Early Access', 'Shooter', 'Arcade', 'Action RPG', 'PvE', 'Top-Down', 'RPG', 'Action', 'Colorful', 'Pixel Graphics', 'Funny']",hack_and_slash,2024-08-05 12:10
215530,The Incredible Adventures of Van Helsing,"May 22, 2013",Very Positive,"| 7,306 User Reviews",NT$ 154.00,"['RPG', 'Hack and Slash', 'Action RPG', 'Action', 'Adventure', 'Indie', 'Loot', 'Co-op', 'Fantasy', 'Steampunk', 'Multiplayer', 'Dungeon Crawler', 'Singleplayer', 'Isometric', 'Dark Fantasy', 'Gothic', 'Vampire', 'Funny', 'Magic', 'Based On A Novel']",hack_and_slash,2024-08-05 12:10
1030210,Torchlight III,"Oct 13, 2020",Mixed,"| 10,062 User Reviews",NT$ 120.00,"['RPG', 'Adventure', 'Action', 'Hack and Slash', 'Loot', 'Action RPG', 'Dungeon Crawler', 'Online Co-Op', 'Isometric', 'Co-op', 'Multiplayer', 'Singleplayer', 'Fantasy', 'Controller', 'Steampunk', 'Early Access', 'Open World', 'Character Customization']",hack_and_slash,2024-08-05 12:10
381990,Dragon Saga,"Dec 22, 2015",Mixed,"| 1,390 User Reviews",Free To Play,"['Free to Play', 'Massively Multiplayer', 'MMORPG', 'Anime', 'RPG', 'Action', 'Multiplayer', 'Dragons', 'Adventure', 'Cute', 'Casual', 'PvP', 'Side Scroller', 'Racing', 'Hack and Slash']",hack_and_slash,2024-08-05 12:10
32500,STAR WARS™: The Force Unleashed™ II,"Dec 1, 2010",Mixed,"| 5,124 User Reviews",NT$ 328.00,"['Action', 'Singleplayer', 'Hack and Slash', 'Third Person', 'Sci-fi', 'Adventure', 'Controller', 'Story Rich', 'Fantasy', 'Space', 'RPG', 'Difficult', 'Atmospheric', 'Physics', 'Souls-like']",hack_and_slash,2024-08-05 12:10
960420,Hello Neighbor: Hide and Seek,"Dec 10, 2019",Very Positive,| 605 User Reviews,NT$ 122.00,"['Adventure', 'Horror', 'First-Person', 'Singleplayer', 'Stealth', 'Puzzle', 'Family Friendly', 'Story Rich', 'Difficult', 'Indie', 'Puzzle Platformer', '3D Platformer', 'Character Action Game', '3D', 'Cartoony', 'Colorful', 'Psychedelic', 'Emotional', 'Atmospheric', 'Logic']",hack_and_slash,2024-08-05 12:10
1273710,King of Crabs,"Sep 25, 2023",Mostly Positive,"| 8,828 User Reviews",Free To Play,"['Exploration', 'PvE', 'Hack and Slash', 'Top-Down Shooter', 'PvP', 'Battle Royale', 'Shooter', 'Arcade', 'Controller', 'Dark Humor', 'Realistic', 'Character Customization', 'Funny', '3D', 'Casual', 'Colorful', 'Family Friendly', 'Action', 'Nature', 'Survival']",hack_and_slash,2024-08-05 12:10
986040,The Unliving,"Oct 26, 2023",Mixed,| 636 User Reviews,NT$ 254.00,"['RPG', 'Action', 'Singleplayer', 'Adventure', 'Hack and Slash', 'Zombies', 'Villain Protagonist', 'Dungeon Crawler', 'Perma Death', 'Action Roguelike', 'Difficult', 'Roguelite', 'Action RPG', 'Isometric', 'Roguelike', 'Horror', 'Procedural Generation', 'Lore-Rich', 'Pixel Graphics', 'Hand-drawn']",hack_and_slash,2024-08-05 12:10
774241,Warhammer: Chaosbane,"May 31, 2019",Mixed,"| 2,877 User Reviews",NT$ 69.00,"['Singleplayer', 'PvE', 'RPG', 'Co-op Campaign', 'Hack and Slash', 'Action', 'Adventure', 'Action RPG', 'Isometric', 'Multiplayer', 'Dark Fantasy', 'Co-op', 'Dungeon Crawler', 'Top-Down', 'Violent', 'Character Customization', 'Online Co-Op', 'Demons', 'Local Multiplayer', 'Local Co-Op']",hack_and_slash,2024-08-05 12:10
2342150,Folk Hero,"Oct 19, 2023",Very Positive,| 115 User Reviews,NT$ 99.00,"['Hack and Slash', 'Roguelike', 'Controller', 'Pixel Graphics', 'Action-Adventure', 'Exploration', 'Co-op', 'Roguelite', 'Fantasy', 'Dungeon Crawler', 'Action', 'Local Multiplayer', 'Action RPG', 'Arcade', 'Adventure', 'Replay Value', 'Top-Down', 'Multiple Endings', '2D', 'Indie']",hack_and_slash,2024-08-05 12:10
2921600,Angvik 2,"Jun 18, 2024",Very Positive,| 129 User Reviews,NT$ 100.00,"['Action', 'Action Roguelike', '2D Platformer', 'Roguelite', 'Perma Death', 'Procedural Generation', 'Stylized', 'Hack and Slash', 'Cute', 'Platformer', 'Colorful', 'Cartoony', 'Character Customization', 'Class-Based', 'Fantasy', 'Sci-fi', 'Medieval', 'Magic', 'Cartoon', 'RPG']",hack_and_slash,2024-08-05 12:10
715680,Knight vs Giant: The Broken Excalibur,"Oct 5, 2023",Mostly Positive,| 118 User Reviews,NT$ 328.00,"['Roguelite', 'Roguelike', 'Action Roguelike', 'RPG', 'Dungeon Crawler', 'Action', '2.5D', 'Action RPG', '2D', 'Hack and Slash', 'Adventure', 'Procedural Generation', 'Action-Adventure', 'Fantasy', 'Singleplayer', 'Medieval', 'Exploration', 'Cartoony', 'Hand-drawn', 'Top-Down']",hack_and_slash,2024-08-05 12:10
1119840,Sands of Aura,"Oct 27, 2023",Mostly Positive,| 492 User Reviews,NT$ 408.00,"['Action RPG', 'Souls-like', 'Dungeon Crawler', 'Dark Fantasy', 'Stylized', 'Exploration', 'Difficult', 'Indie', 'Post-apocalyptic', 'Isometric', 'Hack and Slash', 'Action', 'RPG', 'Open World', 'Crafting', 'PvE', 'Singleplayer', 'Action-Adventure', 'Adventure', 'Early Access']",hack_and_slash,2024-08-05 12:10
12320,Sacred Gold,"Jul 9, 2008",Very Positive,"| 3,414 User Reviews",NT$ 69.00,"['RPG', 'Open World', 'Hack and Slash', 'Action', 'Classic', 'Fantasy', 'Action RPG', 'Singleplayer', 'Isometric', 'Adventure', 'Co-op', 'Multiplayer', 'Loot', 'Story Rich', 'Atmospheric', 'Dwarf', 'Nostalgia', 'Female Protagonist', 'Exploration', 'Dark Fantasy']",hack_and_slash,2024-08-05 12:10
1300920,Ghost of Dragon,"Oct 27, 2022",Mixed,| 744 User Reviews,NT$ 222.00,"['RPG', 'Indie', 'Adventure', 'Simulation', 'Early Access', 'Idler', 'Hack and Slash', 'Loot']",hack_and_slash,2024-08-05 12:10
1136020,Cannibal Cuisine,"May 20, 2020",Very Positive,| 99 User Reviews,NT$ 23.00,"['Cooking', 'Casual', 'Indie', 'Action', 'Co-op', 'Multiplayer', 'Online Co-Op', 'Hack and Slash', '4 Player Local', 'Local Co-Op', 'Arcade', 'Adventure', 'Simulation', 'Cartoon', 'Cartoony', 'Singleplayer', 'PvP', 'Funny', 'Colorful', 'Violent']",hack_and_slash,2024-08-05 12:10
2443090,Deathless,"Jul 29, 2024",Mixed,| 64 User Reviews,NT$ 169.00,"['Action Roguelike', 'Online Co-Op', 'Roguelite', 'Arcade', '3D', 'Roguelike', 'Action RPG', 'Controller', 'Arena Shooter', 'Singleplayer', 'Indie', 'Hack and Slash', 'Top-Down Shooter', 'Action', 'RPG', 'Co-op', 'Team-Based', 'Bullet Hell', 'Dark Fantasy', 'Score Attack']",hack_and_slash,2024-08-05 12:10
39200,Dungeon Siege II,"Aug 16, 2005",Mostly Positive,"| 2,264 User Reviews",NT$ 205.00,"['RPG', 'Fantasy', 'Action RPG', 'Hack and Slash', 'Singleplayer', 'Adventure', 'Party-Based RPG', 'Classic', 'Co-op', 'Action', 'Isometric', 'Dwarf', 'Dungeon Crawler', 'Real-Time with Pause', 'Multiplayer', 'Loot', 'Character Customization']",hack_and_slash,2024-08-05 12:10
2783610,Malignant Survivors,"Feb 13, 2024",Mixed,| 206 User Reviews,NT$ 45.00,"['RPG', 'Hack and Slash', 'Action RPG', 'Action-Adventure', 'Action', '3D', 'Top-Down', 'Dark Fantasy', 'Demons', 'Magic', 'Zombies', 'Atmospheric', 'Survival', 'Adventure', 'Dark', 'Singleplayer', 'Class-Based', 'Action Roguelike', 'Roguelike', 'Isometric']",hack_and_slash,2024-08-05 12:10
2449250,ONE PIECE: PIRATE WARRIORS 4 Yamato's Grand Tour Logbook & Soul Map 1,"Sep 14, 2023",Mixed,| 22 User Reviews,NT$ 90.00,"['Action', 'Adventure', 'Casual', 'Hack and Slash', 'Pirates', 'Fantasy', 'Co-op', 'Third Person', 'Local Co-Op', 'Multiplayer', 'Combat', 'Anime', 'Action-Adventure', ""Beat 'em up"", '3D Fighter', 'PvE']",hack_and_slash,2024-08-05 12:10
3015120,Cyber Assasin,"Jun 15, 2024",Positive,| 42 User Reviews,NT$ 11.00,"['Arena Shooter', 'Action', 'Spectacle fighter', ""Shoot 'Em Up"", 'Character Customization', 'Top-Down', '2D', 'Fantasy', 'Pixel Graphics', 'Tactical', 'Robots', 'Singleplayer']",hack_and_slash,2024-08-05 12:10
710030,Cinderella Escape 2 Revenge,"Oct 6, 2017",Very Positive,| 334 User Reviews,NT$ 99.00,"['Sexual Content', 'Nudity', 'Mature', 'Action', 'Female Protagonist', 'Indie', 'Anime', 'Character Customization', 'Violent', 'Singleplayer', 'Hack and Slash', ""Beat 'em up""]",hack_and_slash,2024-08-05 12:10
