TwitchÁõ¥Êí≠Âêç,GameName,GameID
7 Days to Die,7 Days to Die,251570
A Way Out,A Way Out,1222700
Abiotic Factor,Abiotic Factor,427410
Albion Online,Albion Online,761890
American Truck Simulator,American Truck Simulator,270880
Among Us,Among Us,945360
Assetto Corsa,Assetto Corsa,244210
Atlas,ATLAS,834910
Backpack Battles,Backpack Battles,2427700
Balatro,Balatro,2379780
Baldur's Gate 3,Baldur's Gate 3,1086940
Bang Bang Racing,Bang Bang Racing,207020
Beat Saber,Beat Saber,620980
Beauties! They're All After Me,Beauties! They're All After Me,2873760
Black Desert,Black Desert,582660
Bloons TD 6,Bloons TD 6,960090
Borderlands 2,Borderlands 2,49520
Borderlands 3,Borderlands 3,397540
Brawlhalla,Brawlhalla,291550
Chained Together,Chained Together,2567870
Champion Shift,Champion Shift,2391900
Cluckmech Oasis,Cluckmech Oasis,2453360
Conan Exiles,Conan Exiles,440900
Content Warning,Content Warning,2881650
Coral Island,Coral Island,1158160
Counter-Strike 2,Counter-Strike 2,730
Cult of the Lamb,Cult of the Lamb,1313140
Cuphead,Cuphead,268910
Cyberpunk 2077,Cyberpunk 2077,1091500
Dark and Darker,Dark and Darker,2016590
Dave the Diver,DAVE THE DIVER,1868140
Days Gone,Days Gone,1259420
Dead by Daylight,Dead by Daylight,381210
Dead Cells,Dead Cells,588650
Dead Island 2,Dead Island 2,934700
Deathless,Deathless,2443090
Deep Rock Galactic,Deep Rock Galactic,548430
Demonologist,Demonologist,1929610
Destiny 2,Destiny 2,1085660
DEVOUR,DEVOUR,1274570
Disney Dreamlight Valley,Disney Dreamlight Valley,1401590
Dota 2,Dota 2,570
Dwarf Fortress,Dwarf Fortress,975370
"Dwarves: Glory, Death and Loot","Dwarves: Glory, Death and Loot",2205850
Elden Ring,ELDEN RING,1245620
Endzone - A World Apart,Endzone - A World Apart,933820
Enshrouded,Enshrouded,1203620
Enter the Gungeon,Enter the Gungeon,311690
Escape the Backrooms,Escape the Backrooms,1943950
Euro Truck Simulator 2,Euro Truck Simulator 2,227300
Factorio,Factorio,427520
Fallout 76,Fallout 76,1151340
Farming Simulator 22,Farming Simulator 22,1248130
Football Manager 2024,Football Manager 2024,2252570
Forza Horizon 5,Forza Horizon 5,1551360
Garry's Mod,Garry's Mod,4000
Geometry Dash,Geometry Dash,322170
Grand Theft Auto V,Grand Theft Auto V,271590
Grounded,Grounded,962130
Hades,Hades,1145360
Hades II,Hades II,1145350
Halo Infinite,Halo Infinite,1240440
Halo: The Master Chief Collection,Halo: The Master Chief Collection,976730
Hearts of Iron IV,Hearts of Iron IV,394360
Hell Let Loose,Hell Let Loose,686810
Hogwarts Legacy,Hogwarts Legacy,990080
Hollow Knight,Hollow Knight,367520
House Flipper,House Flipper,613100
House Flipper 2,House Flipper 2,1190970
Hunt: Showdown,Hunt: Showdown,594650
It Takes Two,It Takes Two,1426210
JudgeSim,JudgeSim,2919660
Left 4 Dead 2,Left 4 Dead 2,550
Let's Minesweeper,Let's Minesweeper,2865580
Lethal Company,Lethal Company,1966720
Lies of P,Lies of P,1627720
Marvel Snap,MARVEL SNAP,1997040
Monster Hunter Rise,MONSTER HUNTER RISE,1446780
Monster Hunter: World,Monster Hunter: World,582010
Mortal Kombat 1,Mortal Kombat 1,1971870
Mount & Blade II: Bannerlord,Mount & Blade II: Bannerlord,261550
Murky Divers,Murky Divers,2963880
Naraka: Bladepoint,NARAKA: BLADEPOINT,1203220
NBA 2K24,NBA 2K24,2338770
No Man's Sky,No Man's Sky,275850
Nobody Wants to Die,Nobody Wants to Die,1939970
OCTOPATH TRAVELER II,OCTOPATH TRAVELER II,1971650
Once Human,Once Human,2139460
Out of the Park Baseball 25,Out of the Park Baseball 25,2384620
Oxygen Not Included,Oxygen Not Included,457140
Pacific Drive,Pacific Drive,1458140
Palia,Palia,2707930
Palworld,Palworld,1623730
PANICORE,PANICORE,2695940
Party Animals,Party Animals,1260320
Pax Dei,Pax Dei,1995520
Persona 5 Royal,Persona 5 Royal,1687950
PGA TOUR 2K23,PGA TOUR 2K23,1588010
Phasmophobia,Phasmophobia,739630
Portal 2,Portal 2,620
Project Zomboid,Project Zomboid,108600
PUBG: BATTLEGROUNDS,PUBG: BATTLEGROUNDS,578080
Pummel Party,Pummel Party,880940
Raft,Raft,648800
Raid: Shadow Legends,RAID: Shadow Legends,2333480
Ready or Not,Ready or Not,1144200
Red Dead Redemption 2,Red Dead Redemption 2,1174180
Resident Evil Village,Resident Evil Village,1196590
RimWorld,RimWorld,294100
Risk of Rain 2,Risk of Rain 2,632360
Roadwarden,Roadwarden,1155970
Rust,Rust,252490
Satisfactory,Satisfactory,526870
SCUM,SCUM,513710
Sky: Children of the Light,Sky: Children of the Light,2325290
Slay the Spire,Slay the Spire,646570
SnowRunner,SnowRunner,1465360
Sons of the Forest,Sons Of The Forest,1326470
Stardew Valley,Stardew Valley,413150
Still Wakes the Deep,Still Wakes the Deep,1622910
Stormgate,Stormgate,2012510
Subnautica,Subnautica,264710
Sun Haven,Sun Haven,1432860
Survival Nation,Survival Nation,2153780
Team Fortress 2,Team Fortress 2,440
Terraria,Terraria,105600
The Classrooms,The Classrooms,2099110
The Finals,THE FINALS,2073850
The First Descendant,The First Descendant,2074920
The Forest,The Forest,242760
The Witcher 3: Wild Hunt,The Witcher 3: Wild Hunt,292030
They Are Billions,They Are Billions,644930
Total War: WARHAMMER III,Total War: WARHAMMER III,1142710
Townsmen VR,Townsmen VR,749960
Undertale,Undertale,391540
V Rising,V Rising,1604030
Valheim,Valheim,892970
VRChat,VRChat,438100
War Thunder,War Thunder,236390
Warframe,Warframe,230410
"Warhammer 40,000: Darktide","Warhammer 40,000: Darktide",1361210
while True: learn(),while True: learn(),619150
World of Tanks,World of Tanks,1407200
World of Warships,World of Warships,552990
WWE 2K24,WWE 2K24,2315690
XCOM: Enemy Unknown,XCOM: Enemy Unknown,200510
Yakuza 0,Yakuza 0,638970
Yet Another Zombie Survivors,Yet Another Zombie Survivors,2163330
Yu-Gi-Oh! Master Duel,Yu-Gi-Oh! Master Duel,1449850
,F1¬Æ 24 VIP Podium Pass Pack,2994700
,FTL: Faster Than Light,212680
,LEGO¬Æ Star Wars‚Ñ¢ - The Complete Saga,32440
,OUTRIDERS,680420
,Rune Factory 3 Special,2243710
,The Raven - Legacy of a Master Thief,233370
,"Warhammer 40,000: Space Marine - Anniversary Edition",55150
,Counter-Strike,10
,Counter-Strike: Source,240
,Half-Life 2,220
,Dungeon Siege II,39200
,Earth 2160,1900
,Zuma Deluxe,3330
,Call of Duty: United Offensive,2640
,Commandos: Behind Enemy Lines,6800
,S.T.A.L.K.E.R.: Shadow of Chernobyl,4500
,BioShock‚Ñ¢,7670
,Frontlines‚Ñ¢: Fuel of War‚Ñ¢,9460
,Sacred Gold,12320
,Tom Clancy's Rainbow Six¬Æ 3 Gold,19830
,Left 4 Dead,500
,SPORE‚Ñ¢,17390
,Saints Row 2,9480
,Command & Conquer‚Ñ¢ Red Alert‚Ñ¢ 3,17480
,Plants vs. Zombies GOTY Edition,3590
,F-16 Multirole Fighter,32720
,F-22 Lightning 3,32730
,"STAR WARS‚Ñ¢ Battlefront II (Classic, 2005)",6060
,STAR WARS‚Ñ¢ Republic Commando‚Ñ¢,6000
,STAR WARS‚Ñ¢ Starfighter‚Ñ¢,32350
,Hearts of Iron III,25890
,Majesty Gold HD,25990
,STAR WARS‚Ñ¢ Knights of the Old Republic‚Ñ¢,32370
,Resident Evil 5,21690
,"STAR WARS‚Ñ¢ Dark Forces (Classic, 1995)",32400
,STAR WARS‚Ñ¢ Jedi Knight - Jedi Academy‚Ñ¢,6020
,STAR WARS‚Ñ¢ Jedi Knight - Mysteries of the Sith‚Ñ¢,32390
,STAR WARS‚Ñ¢ Jedi Knight II - Jedi Outcast‚Ñ¢,6030
,STAR WARS‚Ñ¢ Jedi Knight: Dark Forces II,32380
,Command & Conquer: Red Alert 3 - Uprising,24800
,STAR WARS‚Ñ¢: The Clone Wars - Republic Heroes‚Ñ¢,32420
,Torchlight,41500
,Command & Conquer 3 Tiberium Wars‚Ñ¢,24790
,Command & Conquer‚Ñ¢ 3: Kane‚Äôs Wrath,24810
,STAR WARS‚Ñ¢ - The Force Unleashed‚Ñ¢ Ultimate Sith Edition,32430
,Command & Conquer‚Ñ¢ 4 Tiberian Twilight,47700
,STAR WARS‚Ñ¢ Empire at War - Gold Pack,32470
,Hearts of Iron III: Semper Fi,42900
,VVVVVV,70300
,Darksiders‚Ñ¢,50620
,Sid Meier's Civilization¬Æ V,8930
,STAR WARS‚Ñ¢: The Force Unleashed‚Ñ¢ II,32500
,Total War: SHOGUN 2,201270
,Revenge of the Titans,93200
,LEGO¬Æ Star Wars‚Ñ¢ III - The Clone Wars‚Ñ¢,32510
,Sanctum,91600
,Alice: Madness Returns,19680
,The Binding of Isaac,113200
,Dungeon Defenders,65800
,Saints Row: The Third,55230
,Alan Wake,108710
,Realm of the Mad God Exalt,200210
,The Witcher 2: Assassins of Kings Enhanced Edition,20920
,The Walking Dead,207610
,Battle vs Chess,211050
,STAR WARS‚Ñ¢ Knights of the Old Republic‚Ñ¢ II - The Sith Lords‚Ñ¢,208580
,To the Moon,206440
,Jet Set Radio,205950
,Torchlight II,200710
,Castle Crashers¬Æ,204360
,Defender's Quest: Valley of the Forgotten (DX edition),218410
,Baldur's Gate: Enhanced Edition,228280
,DmC: Devil May Cry,220440
,Tomb Raider,203160
,Resident Evil 6,221040
,BioShock Infinite,8870
,Age of Empires II (Retired),221380
,Sacred Citadel,207930
,Don't Starve,219740
,Anomaly 2,236730
,Sanctum 2,210770
,Resident Evil Revelations,222480
,The Incredible Adventures of Van Helsing,215530
,Gunpoint,206190
,Remember Me,228300
,Company of Heroes 2,231430
,DCS World Steam Edition,223750
,"Papers, Please",239030
,Europa Universalis IV,236850
,PAYDAY 2,218620
,Borderlands 2: Ultimate Vault Hunter Upgrade Pack 2,224180
,Outlast,238320
,Tom Clancy‚Äôs Splinter Cell Blacklist,235600
,Arma 3,107410
,Euro Truck Simulator 2 - Going East!,227310
,NARUTO SHIPPUDEN: Ultimate Ninja STORM 3 Full Burst HD,234670
,Earth 2150 Trilogy,253880
,PAYDAY 2: Armored Transport,264610
,Baldur's Gate II: Enhanced Edition,257350
,Earth 2140,253860
,Desperados: Wanted Dead or Alive,260730
,Dark Fall: The Journal,260690
,PAYDAY 2: Gage Weapon Pack #01,267380
,OMSI 2: Steam Edition,252530
,Violett Remastered,257830
,The Walking Dead: Season Two,261030
,Kingdom Rush  - Tower Defense,246420
,Hero Siege,269210
,PAYDAY 2: Gage Weapon Pack #02,275590
,Banished,242920
,Resident Evil 4 (2005),254700
,One Finger Death Punch,264200
,South Park‚Ñ¢: The Stick of Truth‚Ñ¢,213670
,Hive,251210
,Influent Language Learning Game,274980
,Goat Simulator,265930
,PAYDAY 2: Gage Mod Courier,259381
,Millie,294230
,Age of Mythology: Extended Edition,266840
,PAYDAY 2: Gage Sniper Pack,259380
,DYNASTY WARRIORS 8: Xtreme Legends Complete Edition,278080
,BattleBlock Theater¬Æ,238460
,100% Orange Juice,282800
,Frederic: Resurrection of Music,301190
,RollerCoaster Tycoon¬Æ: Deluxe,285310
,World of Guns: Gun Disassembly,262410
,Killer is Dead - Nightmare Edition,261110
,ibb & obb,95400
,Watch_Dogs‚Ñ¢,243470
,Arma 3 Karts,288520
,Expansion - Europa Universalis IV: Wealth of Nations,279620
,Splatter - Zombiecalypse Now,281920
,Rise of Nations: Extended Edition,287450
,PAYDAY 2: The Big Bank Heist,306690
,Momodora III,302790
,Warface: Clutch,291480
,PAYDAY 2: Gage Shotgun Pack,311050
,Zombie Solitaire,311850
,Expansion - Europa Universalis IV: Res Publica,279623
,The Room,288160
,Sacred 3,247950
,Euro Truck Simulator 2 - High Power Cargo Pack,304214
,Detective Grimoire,272600
,Five Nights at Freddy's,319510
,Stronghold Crusader 2,232890
,DG2: Defense Grid 2,221540
,The Vanishing of Ethan Carter,258520
,PAYDAY 2: Hotline Miami,323500
,Sleeping Dogs: Definitive Edition,307690
,Ryse: Son of Rome,302510
,Borderlands: The Pre-Sequel,261640
,Robowars,285090
,Expansion - Europa Universalis IV: Art of War,310031
,Icewind Dale: Enhanced Edition,321800
,Arma 3 Helicopters,304380
,The Binding of Isaac: Rebirth,250900
,FOTONICA,253290
,Assassin's Creed¬Æ Unity,289650
,This War of Mine,282070
,Gems of War - Puzzle RPG,329110
,If My Heart Had Wings,326480
,The Jackbox Party Pack,331670
,The Talos Principle,257510
,Microsoft Flight Simulator X: Steam Edition,314160
,NEKOPARA Vol. 1,333600
,Cat Goes Fishing,343780
,Resident Evil,304240
,Saints Row: Gat out of Hell,301910
,Gear Up,214420
,Transformice,335240
,Darkest Dungeon Soundtrack,345800
,Resident Evil Revelations 2,287290
,Expansion - Europa Universalis IV: El Dorado,338160
,DYNASTY WARRIORS 8 Empires,322520
,THE KING OF FIGHTERS 2002 UNLIMITED MATCH,222440
,Five Nights at Freddy's 3,354140
,Requiem: Desiderium Mortis,289780
,PAYDAY 2: The OVERKILL Pack,348090
,This War of Mine: War Child Charity,348040
,Cities: Skylines,255710
,Hotline Miami 2: Wrong Number,274170
,Assetto Corsa - Dream Pack 1,347990
,Automation - The Car Company Tycoon Game,293760
,PAYDAY 2: The Butcher's BBQ Pack,358150
,DEAD OR ALIVE 5 Last Round: Core Fighters,311730
,Freestyle 2: Street Basketball,339610
,Elite Dangerous,359320
,RUNNING WITH RIFLES,270150
,Arma 3 Marksmen,332350
,Car Mechanic Simulator 2015,320300
,Kerbal Space Program,220200
,STAR WARS‚Ñ¢ - X-Wing Alliance‚Ñ¢,361670
,STAR WARS‚Ñ¢ - X-Wing Special Edition,354430
,STAR WARS‚Ñ¢ X-Wing vs TIE Fighter - Balance of Power Campaigns‚Ñ¢,361690
,STAR WARS‚Ñ¢: TIE Fighter Special Edition,355250
,Clicker Heroes,363970
,Euro Truck Simulator 2 - Scandinavia,304212
,PAYDAY 2: The Alesso Heist,366660
,BeamNG.drive,284160
,Tabletop Simulator,286160
,Expansion - Europa Universalis IV: Common Sense,338163
,Alone in the Dark: Illumination‚Ñ¢,275060
,Batman‚Ñ¢: Arkham Knight,208650
,Devil May Cry 4 Special Edition,329050
,METAL SLUG,366250
,Trove,304050
,Way of the Samurai 4,312780
,Hacknet,365450
,Viridi,375950
,GRANDIA II HD Remaster,330390
,Universe Sandbox,230290
,Mega Man Legacy Collection,363440
,Fran Bow,362680
,METAL GEAR SOLID V: THE PHANTOM PAIN,287700
,Splendor,376680
,Concrete Jungle,400160
,Euro Truck Simulator 2 - Cabin Accessories,388470
,Prison Architect,233450
,Assetto Corsa - Dream Pack 2,404430
,Keep Talking and Nobody Explodes,341800
,Downwell,360740
,Human Resource Machine,375820
,Planetbase,403190
,RPG Maker MV,363890
,Viscera Cleanup Detail,246900
,Age of Empires II (2013): The African Kingdoms,355950
,Darksiders II Deathinitive Edition,388410
,Call of Duty¬Æ: Black Ops III,311210
,Mini Metro,287980
,Assassin's Creed¬Æ Syndicate,368500
,Expansion - Europa Universalis IV: The Cossacks,373370
,Tom Clancy's Rainbow Six¬Æ Siege,359550
,The Isle,376210
,LIGHTNING RETURNS‚Ñ¢: FINAL FANTASY¬Æ XIII,345350
,Battle Chess: Game of Kings‚Ñ¢,200150
,Assetto Corsa - Dream Pack 3,423630
,Dragon Saga,381990
,Feed and Grow: Fish,429050
,Dragon's Dogma: Dark Arisen,367500
,Darkest Dungeon¬Æ,262060
,Resident Evil 0,339340
,Bit Blaster XL,433950
,The Witness,210970
,Age of Mythology EX: Tale of the Dragon,355960
,Rabi-Ribi,400910
,Romance of the Three Kingdoms XIII,363150
,Rusty Lake Hotel,435120
,NARUTO SHIPPUDEN: Ultimate Ninja STORM 4,349040
,XCOM¬Æ 2,268500
,Firewatch,383870
,Men of Valor,411330
,Street Fighter V,310950
,Toy Soldiers: Complete,262120
,Danganronpa: Trigger Happy Havoc,413410
,Plague Inc: Evolved,246620
,Governor of Poker 3,436150
,Car Mechanic Simulator 2015 - Mercedes-Benz,434910
,Grim Dawn,219990
,Xuan-Yuan Sword: The Gate of Firmament,427030
,STAR WARS‚Ñ¢ Galactic Battlegrounds Saga,356500
,STAR WARS‚Ñ¢ Rebellion,441550
,Ultimate Chicken Horse,386940
,Sheltered,356040
,NOBUNAGA'S AMBITION: Sphere of Influence - Ascension,375450
,STAR WARS‚Ñ¢: Rogue Squadron 3D,455910
,Rabi-Ribi - Digital Artbook,431621
,DARK SOULS‚Ñ¢ III,374320
,Twilight Struggle,406290
,METAL SLUG 2,366260
,ARCADE GAME SERIES: DIG DUG,403400
,Danganronpa 2: Goodbye Despair,413420
,SpeedRunners,207140
,Don't Starve Together,322330
,‰æ†ÂÆ¢È£é‰∫ë‰º†(Tale of Wuxia),377530
,Car Mechanic Simulator 2015 - Performance DLC,361843
,Stellaris,281990
,Who's Your Daddy?!,427730
,Assetto corsa - Japanese Pack,467980
,Fishing Planet: Sport Casting Bass Pack,423364
,Fishing Planet: Sport Float Pack,423366
,Fishing Planet: Sport Heavy Casting Pack,423363
,Fishing Planet: Sport Outfit Pack,423367
,Fishing Planet: Sport Ultralight Panfish Pack,423368
,Planar Conquest,449300
,This War of Mine: The Little Ones,481090
,Umbrella Corps,390340
,Arma 3 Apex,395180
,Replica,496890
,Poly Bridge,367450
,Assetto Corsa - Red Pack,493190
,Car Mechanic Simulator 2015 - Maserati,434901
,Death Road to Canada,252610
,Human Fall Flat,477160
,Kingdom Rush Frontiers - Tower Defense,458710
,Ratz Instagib,338170
,This Is the Police,443810
,Tricky Towers,437920
,Grim Dawn - Crucible Mode DLC,483840
,Overcooked,448510
,Dungeon Fighter Online,495910
,Kingdom: New Lands,496300
,Worms W.M.D,327030
,Fishing Planet Anniversary Pack,496431
,Fishing Planet: Lucky Start Pack,496432
,Assetto Corsa -Tripl3 Pack,509350
,GOD EATER 2 Rage Burst,438490
,Titan Quest Anniversary Edition,475150
,ARK: Scorched Earth - Expansion Pack,512540
,Lost Castle / Â§±ËêΩÂüéÂ†°,434650
,Iron Sea Defenders,431750
,STEINS,412830
,Car Mechanic Simulator 2015 - DeLorean,507070
,Giant Machines 2017,402750
,Expansion - Europa Universalis IV: Rights of Man,486570
,Crush Crush,459820
,Rusty Lake: Roots,532110
,Sid Meier‚Äôs Civilization¬Æ VI,289070
,My Summer Car,516750
,Assetto Corsa - Porsche Pack I,526060
,Orwell: Keeping an Eye On You,491950
,The Elder Scrolls V: Skyrim Special Edition,489830
,Shadowverse CCG,453480
,House of the Dying Sun,283160
,Call of Duty¬Æ: Infinite Warfare,292730
,World of Tanks Blitz,444200
,Planet Coaster,493340
,SHENZHEN I/O,504210
,Assetto Corsa - Porsche Pack II,540710
,Watch_Dogs¬Æ 2,447040
,Cities: Skylines - Natural Disasters,515191
,Euro Truck Simulator 2 - Vive la France !,531130
,Arizona Sunshine¬Æ,342180
,GUILTY GEAR Xrd REV 2,520440
,Sally Face - Episode One,541570
,Car Mechanic Simulator 2015 - Bentley,434900
,Empire of Angels IV,562470
,LoveKami -Divinity Stage-,547340
,Assetto Corsa - Porsche Pack III,540711
,The Walking Dead: A New Frontier,536220
,Heroine Anthem Zero -Sacrifice-,537990
,UNO,470220
,Detention,555220
,Messiah,577980
,Element TD,578350
,Resident Evil 7 Biohazard,418370
,theHunter: Call of the Wild‚Ñ¢,518790
,Car Mechanic Simulator 2015 - Total Modifications,361840
,Night in the Woods,481510
,911 Operator,503560
,City Climber,538840
,Hollow Knight - Official Soundtrack,598190
,Pavlov,555160
,PAYDAY 2: Gage Russian Weapon Pack,612900
,Battle Brothers,365360
,Rain World,312520
,Mighty Party,575720
,Expansion - Europa Universalis IV: Mandate of Heaven,538020
,Crawl,293780
,Car Mechanic Simulator 2015 - Car Stripping,623150
,Outlast 2,414700
,What Remains of Edith Finch,501300
,Little Nightmares,424840
,"Warhammer 40,000: Dawn of War III",285190
,Euro Truck Simulator 2 - Heavy Cargo Pack,531131
,The Surge,378540
,Arma 3 Jets,601670
,Assetto Corsa - Ready To Race Pack,619680
,Cities: Skylines - Mass Transit,547502
,Portal Knights,374040
,The Elder Scrolls¬Æ Online,306130
,SAMURAI WARRIORS: Spirit of Sanada,595740
,LoveKami -Useless Goddess-,626510
,TEKKEN 7,389730
,Ultimate Epic Battle Simulator,616560
,Darkest Dungeon¬Æ: The Crimson Court,580100
,Fly Simulator,655790
,Twins of the Pasture,649580
,Cursed Treasure 2,643960
,The Letter - Horror Visual Novel,460430
,Romance of the Three Kingdoms VII with Power Up Kit,628030
,Car Mechanic Simulator 2018,645630
,Car Mechanic Simulator 2018 - Dodge DLC,672271
,Car Mechanic Simulator 2018 - Mazda DLC,672270
,Slime Rancher,433340
,The Long Dark,305620
,Cat Quest,593280
,Mega Man Legacy Collection 2,495050
,Darkwood,274520
,Euro Truck Simulator 2 - XF Tuning Pack,461249
,The Escapists 2,641990
,Polygoneer,684680
,Robocraft,301520
,NARUTO SHIPPUDEN: Ultimate Ninja STORM 2,543870
,NARUTO: Ultimate Ninja STORM,495140
,ARK: Survival Evolved,346110
,Fishing Planet,380600
,Prison Boss VR,673600
,Romance of the Three Kingdoms VIII with Power Up Kit,628040
,WARRIORS ALL-STARS,610190
,X-Morph: Defense,408410
,Arma 3 Laws of War,571710
,Startide,598500
,Accel World VS. Sword Art Online Deluxe Edition,607880
,Rabi-Ribi - Is the order a DLC?,532021
,Divinity: Original Sin 2 - Definitive Edition,435150
,Assetto Corsa - Ferrari 70th Anniversary Pack,675590
,Niche - a genetics survival game,440650
,BLUE REFLECTION,658260
,RAID: World War II,414740
,Stick Fight: The Game,674940
,Total War: WARHAMMER II,594570
,Cinderella Escape 2 Revenge,710030
,Grim Dawn - Ashes of Malmouth Expansion,642280
,Chinese PaladinÔºöSword and Fairy,695630
,Gold Mining Simulator,451340
,Granado Espada,663090
,SAS: Zombie Assault 4,678800
,South Park‚Ñ¢: The Fractured But Whole‚Ñ¢,488790
,Romance of the Three Kingdoms IX with Power Up Kit,628050
,Car Mechanic Simulator 2018 - Jeep DLC,717490
,Fishing Planet: Gars&Glory Pack,591984
,Darkest Dungeon¬Æ: The Shieldbreaker,702540
,RUNNING WITH RIFLES: PACIFIC,616850
,Assassin's Creed¬Æ Origins,582160
,MudRunner,675010
,.hack//G.U. Last Recode,525480
,Hand of Fate 2,456670
,Nioh: Complete Edition,485510
,Chinese PaladinÔºöSword and Fairy 6,696360
,Expansion - Europa Universalis IV: Cradle of Civilization,721340
,CarX Drift Racing Online,635260
,Fishing Planet: Sport Topwater Night Pack,591983
,Titan Quest: Ragnar√∂k,741350
,Yu-Gi-Oh! Duel Links,601510
,Black Mirror,581300
,Arma 3 Tac-Ops Mission Pack,744950
,NOBUNAGA'S AMBITION: Taishi,628890
,Easy Red,741670
,Euro Truck Simulator 2 - Italia,558244
,Nine Parchments,471550
,Getting Over It with Bennett Foddy,240720
,Romance of the Three Kingdoms X with Power Up Kit,628060
,SpellForce 3 Reforced,311290
,Car Mechanic Simulator 2018 - Plymouth DLC,754920
,March of Empires,702320
,ARK: Aberration - Expansion Pack,708770
,Euro Truck Simulator 2 - Special Transport,558245
,Gorogoa,557600
,A Sky Full of Stars ‰ª∞ÊúõÂ§úÁ©∫ÁöÑÊòüËæ∞,745960
,Fire Pro Wrestling World,564230
,Real Pool 3D - Poolians,670290
,Rusty Lake Paradise,744190
,Romance of the Three Kingdoms XI with Power Up Kit,628070
,Romance of the Three Kingdoms XII with Power Up Kit,628080
,Celeste,504230
,Railway Empire,503940
,Car Mechanic Simulator 2018 - Bentley REMASTERED DLC,783150
,Tangledeep,628770
,We Were Here Too,677160
,DYNASTY WARRIORS 9,730310
,CHRONO TRIGGER¬Æ,613830
,Into the Breach,590380
,Puyo Puyo‚Ñ¢Tetris¬Æ,546050
,Heroes of Hammerwatch,677120
,Car Mechanic Simulator 2018 - Lotus DLC,754923
,Northgard,466560
,Demolish & Build 2018,577670
,The Wizards - Enhanced Edition,586950
,Warhammer: Vermintide 2,552500
,Devil May Cry HD Collection,631510
,Kerbal Space Program: Making History Expansion,283740
,Pizza Connection 3,588160
,Through the Ages,758370
,Barro,618140
,Car Mechanic Simulator 2018 - Pagani DLC,754921
,KovaaK's,824270
,War Robots,767560
,Will To Live Online,707010
,Lobotomy Corporation | Monster Management Simulation,568220
,Arma 3 Tanks,798390
,Dead In Vinland,573120
,Tower of Time,617480
,CarX Drift Racing Online - CarX Police,842050
,For The King,527230
,Holyday City: Reloaded,728730
,Frostpunk,323190
,Puzzle With Your Friends,620650
,Adventure of a Lifetime,820730
,Escape First,850450
,Dragon Cliff,758190
,Wizard of Legend,445980
,Clue/Cluedo: Classic Edition,794800
,FAST BEAT LOOP RACER GT | Áí∞ÁãÄË≥ΩËªäGT,633110
,The friends of Ringo Ishikawa,846110
,Ancestors Legacy,620590
,Stellaris: Distant Stars Story Pack,844810
,DARK SOULS‚Ñ¢: REMASTERED,570940
,Warstone TD,562500
,Moonlighter,606150
,Street Fighter 30th Anniversary Collection,586200
,Cultist Simulator,718670
,Car Mechanic Simulator 2018 - Ford DLC,868280
,Jurassic World Evolution,648350
,Wreckfest,228380
,Don't Starve Together: Original Survivors Victorian Chest,840760
,Fishing Planet: Golden Dragon Pack,730614
,Darkest Dungeon¬Æ: The Color Of Madness,735730
,Last Resort Island,820910
,The Crew‚Ñ¢ 2,646910
,Guts and Glory - Original Soundtrack,889440
,Treasure Hunter Claire,828070
,Mega Man X Legacy Collection,743890
,Mega Man X Legacy Collection 2,743900
,NEKOPARA Extra,899970
,This Is the Police 2,785740
,Overcooked! 2,728880
,Hollow Knight - Gods & Nightmares,916000
,Squad 44,736220
,Your Diary +,761700
,The Walking Dead: The Final Season,866800
,Graveyard Keeper,599140
,Sword Art Online Re: Hollow Fragment,638650
,7 Billion Humans,792100
,Cadria Item Shop,883860
,SCUM Supporter Pack,919680
,The Messenger,764790
,Two Point Hospital,535930
,Wizard101,799960
,World of Warships ‚Äî Smith Pack,934650
,Liftoff¬Æ: FPV Drone Racing,410340
,Euro Truck Simulator 2 - Krone Trailer Pack,933610
,60 Parsecs!,646270
,Three Kingdoms 2019 ÈòøËææ‰∏âÂõΩÂøó2019 Ê®™Áâà,910320
,Cube Escape: Paradox,909080
,Cube Escape: Paradox - Chapter 2,909150
,CrossCode,368340
,Maitetsu:Pure Station,880950
,LET IT DIE,794600
,Dark Deception,332950
,Chinese Parents,736190
,American Truck Simulator - Oregon,800370
,Assassin's Creed¬Æ Odyssey,812140
,Car Mechanic Simulator 2018 - Porsche DLC,947930
,WARRIORS OROCHI 4,831560
,Kingdom Rush Origins - Tower Defense,816340
,Return of the Obra Dinn,653530
,SOULCALIBUR VI,544750
,Frostpunk Original Soundtrack,966350
,Cities: Skylines - Industries,715194
,The Ditzy Demons Are in Love With Me,802870
,Project Hospital,868360
,KartKraft‚Ñ¢,406350
,ARK: Extinction - Expansion Pack,887380
,Thief Simulator,704850
,Ê≤≥Ê¥õÁæ§‰ø†ÂÇ≥ (Ho Tu Lo Shu Ôºö The Books of Dragon),952860
,Bad North: Jotunn Edition,688420
,STAR WARS‚Ñ¢ Episode I Racer,808910
,Wallpaper Engine,431960
,Age of History II,603850
,Darksiders III,606280
,Euro Truck Simulator 2 - Beyond the Baltic Sea,925580
,Simmiland,932850
,Swords and Sandals Pirates,957440
,X4: Foundations,392160
,Atelier Meruru ~The Apprentice of Arland~ DX,936190
,Atelier Rorona ~The Alchemist of Arland~ DX,936160
,Atelier Totori ~The Adventurer of Arland~ DX,936180
,Mutant Year Zero: Road to Eden,760060
,DYNASTY WARRIORS 7: Xtreme Legends Definitive Edition,968790
,Kenshi,233860
,Kingdom Two Crowns,701160
,Insurgency: Sandstorm,581320
,Car Mechanic Simulator 2018 - Dodge Modern DLC,987050
,World of Warplanes - I-16-29 Pack,1001291
,Kunoichi Botan,986020
,My Time at Portia,666140
,Onimusha: Warlords,761600
,ÈöêÂΩ¢ÂÆàÊä§ËÄÖ The Invisible Guardian,998940
,A Dance of Fire and Ice,977950
,Resident Evil 2,883710
,Dark Deception Complete,1022850
,PC Building Simulator,621060
,ACE COMBAT‚Ñ¢ 7: SKIES UNKNOWN,502500
,Rabi-Ribi - Cocoa Mode & Before Next Adventure,1015050
,Spike Volleyball,738550
,ASTRONEER,361420
,GOD EATER 3,899440
,The Stillness of the Wind,828900
,Degrees of Separation,809880
,Liftoff¬Æ - Night Fever,1020100
,Pacify,967050
,Touhou Luna Nights,851100
,Expansion - Hearts of Iron IV: Man the Guns,815460
,Pogostuck: Rage With Your Friends,688130
,Car Mechanic Simulator 2018 - Maserati REMASTERED DLC,1019540
,Dawn of Man,858810
,ÊúÄÂêéÁöÑ47Â∞èÊó∂ - The Last 47 Hours,1010870
,Devil May Cry 5,601150
,The Caligula Effect: Overdose,889600
,Baba Is You,736260
,Workers & Resources: Soviet Republic - Soundtrack,1049900
,Sekiro‚Ñ¢: Shadows Die Twice - GOTY Edition,814380
,DEAD OR ALIVE Xtreme Venus Vacation,958260
,Nelke & the Legendary Alchemists ~Ateliers of the New World~,886820
,Grim Dawn - Forgotten Gods Expansion,897670
,Tropico 6,492720
,Unheard - Voices of Crime,942970
,SUPER DRAGON BALL HEROES WORLD MISSION,798510
,Feather,545040
,Phoenix Wright: Ace Attorney Trilogy,787480
,One Finger Death Punch 2,980300
,Anno 1800,916440
,Driftland: The Magic Revival,718650
,Forager,751780
,Katana ZERO,460950
,Paper Dolls: Original / Á∫∏‰∫∫,1051310
,Swords and Sandals Classic Collection,1055430
,Gensokyo Defenders,1019920
,Arma 3 Creator DLC: Global Mobilization - Cold War Germany,1042220
,MORDHAU,629760
,"STAR WARS‚Ñ¢ Battlefront (Classic, 2004)",1058020
,Taboos: Cracks,1060670
,Legal Dungeon,1013750
,Titan Quest: Atlantis,1071200
,Car Mechanic Simulator 2018 - RAM DLC,754922
,A Plague Tale: Innocence,752590
,Iron Marines,931280
,Atelier Lulua ~The Scion of Arland~,1045620
,Otaku's Adventure,937170
,Pathologic 2,505230
,Total War: THREE KINGDOMS,779340
,Blood Card,930780
,Minion Masters,489520
,Banner of the Maid,994730
,SpellForce 3 Soul Harvest,817540
,Assetto Corsa Competizione,805550
,Gato Roboto,916730
,Kerbal Space Program: Breaking Ground Expansion,982970
,Warhammer: Chaosbane,774241
, Lords Mobile: Last Fighter,1041320
,Reventure,900270
,Stellaris: Ancient Relics Story Pack,1045980
,Cooking Simulator,641320
,MotoGP‚Ñ¢19,984780
,OCTOPATH TRAVELER‚Ñ¢,921570
,Borderlands 2: Commander Lilith & the Fight for Sanctuary,872280
,American Truck Simulator - Washington,1015160
,Ideology in Friction,1011940
,Bloodstained: Ritual of the Night,692850
,"The Princess, the Stray Cat, and Matters of the Heart",1010600
,Ironsight,783770
,Muse Dash,774171
,Steel Division 2,919640
,War Thunder - US Starter Pack,1108450
,Black Squad,550650
,EARTH DEFENSE FORCE 5,1007040
,Streets of Rogue,512900
,Dead Frontier 2,744900
,Summer Catchers,908050
,Detective Girl of the Steam City,1012030
,People Playground,1118200
,60 Seconds! Reatomized,1012880
,Arma 3 Contact,1021790
,Songbird Symphony,909820
,Car Mechanic Simulator 2018 - Rims DLC,1125210
,ÊúàÂúÜ‰πãÂ§ú (Night of Full Moon),769560
,CUSTOM ORDER MAID 3D2 It's a Night Magic,1097580
,Tina: Swordswoman of the Scarlet Prison,1015770
,ÈõÄÂß¨/Âß´È∫ªÈõÄ,1084520
,Â†¥Â§ñ‰∫∫Áîü,1120370
,ARK: Genesis Season Pass,1113410
,Age of Empires: Definitive Edition,1017900
,Remnant: From the Ashes,617290
,Frostpunk: The Rifts,1125020
,The Lord of the Rings: Adventure Card Game - Definitive Edition,509580
,Princess Project,1106080
,Mostly Intense Monster Defense,1116430
,Children of Morta,330020
,Green Hell,815370
,Gears 5,1097840
,Police Stories,539470
,The Surge 2,644830
,Cat Quest II,914710
,Flotsam,821250
,Mindustry,1127400
,Seek Girl ‚Ö°,1149660
,School Years,1125480
,Love Esquire - RPG/Dating Sim/Visual Novel,849740
,Trine 4: The Nightmare Prince,690640
,War Selection,1022450
,Radio Commander,871530
,We Were Here Together,865360
,Tower Hunter: Erza's Trial,844850
,GRANDIA HD Remaster,1034860
,Digimon Story Cyber Sleuth: Complete Edition,1042550
,Tangle Tower,359510
,Cooking Simulator - Cooking with Food Network,1168680
,Richman10,1162520
,Fisher Online,1094780
,Atelier Ryza: Ever Darkness & the Secret Hideout,1121560
,Fishing Planet: Deluxe Pack,730617
,Fishing Planet: Golden Pack,730618
,Planet Zoo,703080
,Cities: Skylines - Content Creator Pack: Modern City Center,1148020
,"The Princess, the Stray Cat, and Matters of the Heart 2",1128260
,Master Of Pottery,1160490
,Age of Empires II: Definitive Edition,813780
,Fantasy Blacksmith,959520
,I wanna be the Creator,913550
,Fishing Planet: Sport Bottom Pack,1000717
,Fishing Planet: Sport Carp Pack,1000718
,Fishing Planet: Sport Feeder Pack,1000716
,Stay Out,1180380
,Darksiders Genesis,710920
,Euro Truck Simulator 2 - Road to the Black Sea,1056760
,Uncharted Ocean,1158690
,DRAGON QUEST BUILDERS‚Ñ¢ 2,1072420
,Hello Neighbor: Hide and Seek,960420
,theHunter: Call of the Wild‚Ñ¢ - Cuatro Colinas Game Reserve,1179710
,Blocks!: Julius Caesar,1162670
,Transport Fever 2,1066780
,Necesse,1169040
,OhShape,1098100
,West Sweety,1186400
,Hand Simulator: Survival,924140
,My Little Blacksmith Shop,980940
,Ê∏ØË©≠ÂØ¶ÈåÑParanormalHK,1178490
,Monster Hunter World: Iceborne,1118010
,The White Door,1145960
,Atelier Ayesha: The Alchemist of Dusk DX,1152300
,Atelier Escha & Logy: Alchemists of the Dusk Sky DX,1152310
,Atelier Shallie: Alchemists of the Dusk Sea DX,1152320
,Car Mechanic Simulator 2018 - Mercedes-Benz DLC,1215050
,DRAGON BALL Z: KAKAROT,851850
,ROMANCE OF THE THREE KINGDOMS XIV,872410
,Frostpunk: The Last Autumn,1146960
,Utawarerumono: Mask of Deception,1149550
,Utawarerumono: Mask of Truth,1151440
,Coffee Talk,914800
,Through the Darkest of Times,1003090
,Divine Miko Koyori,1147450
,Dead Cells: The Bad Seed,1204130
,Azur Lane Crosswave,1150080
,Florence,1102130
,Theme Park Simulator: Rollercoaster Paradise,1202780
,Wolcen: Lords of Mayhem,424370
,Liz ~The Tower and the Grimoire~,1078330
,Path of Giants,1181400
,[Chilla's Art] The Convenience Store | Â§úÂã§‰∫ã‰ª∂,1228520
,Besiege,346010
,NEOVERSE,994220
,Tank Mechanic Simulator,407130
,RimWorld - Royalty,1149640
,Expansion - Hearts of Iron IV: La R√©sistance,1158100
,Barro F,1239260
,Marco & The Galaxy Dragon,1202540
,OshiRabu: Waifus Over Husbandos,1233270
,Black Mesa,362890
,"Yes, Your Grace",1115690
,Avorion,445220
,Ori and the Will of the Wisps,1057090
,Hidden Through Time,524910
,State of Decay 2: Juggernaut Edition,495420
,Stellaris: Federations,1140001
,TT Isle of Man 2 Ducati 900 - Mike Hailwood 1978,1189870
,TT Isle of Man 2 Pro Newcomer Pack,1189871
,TT Isle of Man: Ride on the Edge 2,1082180
,Half-Life: Alyx,546560
,Car Mechanic Simulator 2018 - Chrysler DLC,1265620
,Grand Theft Auto IV: The Complete Edition,12210
,Idle Champions of the Forgotten Realms,627690
,Assemble with Care,1202900
,Biped,1071870
,Cities: Skylines - Sunset Harbor,1146930
,ONE PIECE: PIRATE WARRIORS 4,1089090
,KUUKIYOMI: Consider It,1221540
,Resident Evil 3,952060
,VALKYRIE CONNECT,1222800
,Conqueror's Blade,835570
,Knock on the Coffin Lid,1232580
,KARDS - The WW2 Card Game,544810
,Blush Blush,777130
,112 Operator,793460
,TROUBLESHOOTER: Abandoned Children,470310
,Mini Healer,955740
,XCOM¬Æ: Chimera Squad,882100
,Remnant: From the Ashes - Swamps of Corsus,1245150
,Streets of Rage 4,985890
,STRIKERS 1945,1261960
,Shop Titans,1258080
,Wintermoor Tactics Club,917840
,BE-A Walker,864160
,Hydroneer,1106840
,Dream Date,1256610
,Green Project,1274490
,Golf With Your Friends,431240
,Cannibal Cuisine,1136020
,Monster Train,1102190
,Sid Meier's Civilization¬Æ VI: Maya & Gran Colombia Pack,1253990
,Total War: WARHAMMER II - The Warden & The Paunch,1209120
,Cultist Simulator: The Exile,1259930
,Fly Punch Boom!,1051960
,Poly Bridge 2,1062160
,Ruins Seeker,1078280
,Sea of Thieves: 2024 Edition,1172620
,Music - Hearts of Iron IV: Allied Speeches Pack,1317250
,Need for Speed‚Ñ¢ Heat,1222680
,Need for Speed‚Ñ¢ Heat - Keys to the Map,1281881
,Need for Speed‚Ñ¢ Heat - McLaren F1 Black Market Delivery,1281880
,Need for Speed‚Ñ¢ Rivals,1262600
,Need for Speed‚Ñ¢ Rivals Timesaver Pack,1282190
,Unit Pack - Hearts of Iron IV: Allied Armor,1317230
,Command & Conquer‚Ñ¢ Remastered Collection,1213210
,shapez,1318690
,Expansion - Europa Universalis IV: Emperor,1259360
,HopBound,1332890
,Cooking Simulator - Cakes and Cookies,1227350
,Master Magistrate,1066630
,Persona 4 Golden,1113000
,Summer Memories,1227890
,Adabana Odd Tales,1094820
,ATRI -My Dear Moments-,1230140
,Detroit: Become Human,1222140
,Need for Speed‚Ñ¢ Most Wanted,1262560
,Need for Speed‚Ñ¢ Most Wanted Complete DLC Bundle,1262572
,Need for Speed‚Ñ¢ Most Wanted Terminal Velocity Pack,1271371
,Outer Wilds,753640
,The Sims‚Ñ¢ 4,1222670
,The Sims‚Ñ¢ 4 City Living,1235731
,The Sims‚Ñ¢ 4 Discover University,1235722
,The Sims‚Ñ¢ 4 Get To Work,1235734
,The Sims‚Ñ¢ 4 Laundry Day Stuff,1235761
,The Sims‚Ñ¢ 4 Outdoor Retreat,1235741
,The Sims‚Ñ¢ 4 Parenthood,1235745
,The Sims‚Ñ¢ 4 Seasons,1235733
,The Sims‚Ñ¢ 4 Spooky Stuff,1235759
,The Sims‚Ñ¢ 4 Vintage Glamour Stuff,1235751
,Titanfall¬Æ 2,1237970
,Legend Creatures(‰º†Â•áÁîüÁâ©),1191840
,SpongeBob SquarePants: Battle for Bikini Bottom - Rehydrated,969990
,theHunter: Call of the Wild‚Ñ¢ - Silver Ridge Peaks,1316840
,Paper Dolls 2 Á∫∏‰∫∫Ë¥∞,1334040
,Bhop PRO,1308950
,Wobbly Life,1211020
,Rust - Sunburn Pack,1353060
,Nexomon,1191580
,Neon Abyss,788100
,STORY OF SEASONS: Friends of Mineral Town,978780
,ÈõÄÈ≠ÇÈ∫ªÂ∞á(MahjongSoul),1329410
,American Truck Simulator - Idaho,1209470
,War Thunder - British Starter Pack,1368801
,Ëø∑Èõæ‰πãÂ§è-The Vigilant Villa,1254900
,STAR WARS‚Ñ¢: The Old Republic‚Ñ¢,1286830
,Neon Abyss - Lovable Rogues Pack,1262000
,CARRION,953490
,Sid Meier's Civilization¬Æ VI: Ethiopia Pack,1270540
,ÊàëÊù•Ëá™Ê±üÊπñ From Jianghu,1058770
,Destroy All Humans!,803330
,Travellers Rest,1139980
,Spirit Island,1236720
,FAIRY TAIL,1233260
,Phantasy Star Online 2 New Genesis,1056640
,Ë°óÊú∫ÊçïÈ±ºArcade Fishing,1254360
,UnderMine,656350
,The Henry Stickmin Collection,1089980
,Zero Hour,1359090
,One Way: The Elevator,1347420
,Angel Legion,1333350
,Crosshair X,1366800
,Microsoft Flight Simulator 40th Anniversary Edition,1250410
,Frostpunk: On The Edge,1147010
,Othello Let's Go,1256490
,Chronicon,375480
,Zoo 2: Animal Park,1352330
,RPG Maker MZ,1096900
,Transport INC,936500
,Seek Girl V,1393410
,Crusader Kings III,1158310
,Barro F - Cars Pack,1415640
,Craftopia,1307550
,DEEMO -Reborn-,1282210
,Paradise Killer,1160220
,AeternoBlade,1234120
,Kingdoms of Amalur: Re-Reckoning,1041720
,Wingspan,1054490
,Songs of Wuxia,1186460
,My Vow to My Liege,1146970
,When The Past Was Around,1164050
,Unrailed!,1016920
,Untitled Goose Game,837470
,Mafia: Definitive Edition,1030840
,Root,965580
,Sid Meier's Civilization¬Æ VI: Byzantium & Gaul Pack,1284470
,Captain Tsubasa: Rise of New Champions,1163550
,Train Station Renovation,914010
,Action Taimanin,1335200
,The Survivalists,897450
,Cardpocalypse,904400
,Torchlight III,1030210
,Cube Escape Collection,1292940
,Age of Empires III: Definitive Edition,933110
,Country Pack - Hearts of Iron IV: Battle for the Bosporus,1348660
,I am an Air Traffic Controller 4,1348390
,Kingdom Rush Vengeance - Tower Defense,1367550
,Noita,881100
,Êò†Â§¢ Dream,1345750
,Blood of Steel,567630
,Battlefield‚Ñ¢ V,1238810
,Unspottable,1243960
,Witch It,559650
,Iwaihime,1372300
,Succubus Affection,1328890
,Ghostrunner,1139900
,Xuan-Yuan Sword VII,1249800
,Stellaris: Necroids Species Pack,1341520
,The Walking Dead: The Telltale Definitive Series,1449690
,Maitetsu:Last Run!!,1434480
,SpellForce 3 Fallen God,1154040
,Apex Legends‚Ñ¢,1172470
,Chicken Police - Paint it RED!,1084640
,Superliminal,1049410
,Need for Speed‚Ñ¢ Hot Pursuit Remastered,1328660
,Destiny 2: Beyond Light Pack,1314563
,Sakuna: Of Rice and Ruin,1356670
,Huuma Mina: The Secret of Immortality (Censored),1441300
,Cooking Simulator - Pizza,1400460
,Heroes of the Three Kingdoms,1437820
,Heroes of the Three Kingdoms 2,1437830
,Heroes of the Three Kingdoms 3,1437840
,Heroes of the Three Kingdoms 4,1437850
,Heroes of the Three Kingdoms 5,1437860
,Heroes of the Three Kingdoms 6,1437870
,Heroes of the Three Kingdoms 7,1437880
,The Sims‚Ñ¢ 4 Snowy Escape Expansion Pack,1368572
,Assetto Corsa Competizione - 2020 GT World Challenge Pack,1449260
,Aurora,1422610
,Shenmue III,878670
,Sid Meier's Civilization¬Æ VI: Babylon Pack,1388850
,~Be a maid in the Demon World~ The Secret Caf√© of the Demon Angel Hero.,1377550
,Amazing Cultivation Simulator,955900
,Worms Rumble,1186040
,Creeper World 4,848480
,Haven,983970
,Phoenix Point,839770
,Suzerain,1207650
,Ultimate Zombie Defense,1035510
,Puzzle Together Multiplayer Jigsaw Puzzles,1478220
,100 hidden eternals,1480120
,Seek Girl ‚Ö¶,1464930
,The Game of Life 2,1455630
,Devil May Cry 5 - Playable Character: Vergil,1432640
,Devil May Cry 5 - Super Vergil Unlock,1432642
,RUNNING WITH RIFLES: EDELWEISS,1210750
,Fireworks Mania - An Explosive Simulator,1079260
,Love n Dream: Virtual Happiness,1426110
,Hand Simulator: Horror,1027820
,Ratropolis,1108370
,OMORI,1150690
,dogpet,1499300
,Summer Memories+ - Expansion DLC,1390150
,Kingdom Heroes 8,875210
,Skul: The Hero Slayer,1147560
,RagingBlasters,1464550
,Tiny Lands,1354910
,Utawarerumono: Prelude to the Fallen,1151450
,Age of Empires II: Definitive Edition - Lords of the West,1389240
,Atelier Ryza 2: Lost Legends & the Secret Fairy,1257290
,B100X - Auto Dungeon RPG,1258780
,Dead Cells: Fatal Falls,1451460
,Main Assembly,1078920
,NIMBY Rails,1134710
,Curious Expedition 2,1040230
,Journey To The Savage Planet,973810
,Journey to the Savage Planet - Hot Garbage,1503200
,Olija,1297330
,Sid Meier's Civilization¬Æ VI: Vietnam & Kublai Khan Pack,1436950
,Ambrosia,1078350
,Cyber Manhunt,1216710
,Nioh 2 ‚Äì The Complete Edition,1325200
,Leap of Love - Safe Edition,1507980
,Xuan-Yuan Sword 2,1508740
,Xuan-Yuan Sword: Dance of the Maple Leaves,1508750
,Ê≠£ÂÆóÂè∞ÊπæÂçÅÂÖ≠Âº†È∫ªÂ∞Ü3,1508670
,Ê≠£ÂÆóÂè∞ÁÅ£ÂçÅÂÖ≠ÂºµÈ∫ªÂ∞á,1508650
,Ê≠£ÂÆóÂè∞ÁÅ£ÂçÅÂÖ≠ÂºµÈ∫ªÂ∞á2,1508660
,For The King: Lost Civilization Adventure Pack,1433560
,Suicide Countdown: 7 Days,1528130
,CarX Drift Racing Online - Season Pass,1535220
,Hellish Quart,1000360
,LastCloudia,1499560
,Minit Fun Racer,1503530
,False Myth,1257200
,Persona¬Æ 5 Strikers,1382330
,CrossCode: A New Home,1517030
,Rhythm Doctor,774181
,Terminus: Zombie Survivors,1534980
,Loop Hero,1282730
,The Life and Suffering of Sir Brante,1272160
,Forza Horizon 4,1293830
,Fireworks Simulator: Realistic,1552730
,Draw & Guess,1483870
,VTube Studio,1325860
,Mundaun,720350
,Mr. Prepper,761830
,Industry Idle - Expansion Pack 1,1577540
,100 hidden mushrooms,1573750
,Machinika: Museum,1507190
,Overcooked! All You Can Eat,1243830
,Puyo Puyo‚Ñ¢ Tetris¬Æ 2,1259790
,The Legend of Heroes: Sen no Kiseki III,1450080
,Danger Scavenger,1169740
,Mech Mechanic Simulator,1044980
,Sid Meier's Civilization¬Æ VI: Portugal Pack,1478300
,Record of Lodoss War-Deedlit in Wonder Labyrinth-,1203630
,Soul Dossier,1520470
,Narita Boy,1069530
,ROUNDS,1557740
,Totally Accurate Battle Simulator,508440
,Element TD 2 - Tower Defense,1018830
,IdleOn - The Idle RPG,1476970
,Your Chronicle,1546320
,The Slormancer,1104280
,CosmicBreak Universal,1140620
,DRAMAtical Murder,1481080
,Before Your Eyes,1082430
,Cozy Grove,1458100
,Euro Truck Simulator 2 - Iberia,1209460
,Scars of Summer,1405470
,Age of Empires III: Definitive Edition - United States Civilization,1581450
,Hired Ops,374280
,SMASH LEGENDS,1352080
,Knight Squad 2,1048660
,Stellaris: Nemesis,1522090
,Sword and Fairy,1546570
,Sword and Fairy 2,1538460
,Sword and Fairy 3,1536070
,Sword and Fairy 3 Ex,1536080
,FALL IN LABYRINTH,1441840
,Atelier Firis: The Alchemist and the Mysterious Journey DX,1502980
,Atelier Lydie & Suelle: The Alchemists and the Mysterious Paintings DX,1502990
,Atelier Sophie: The Alchemist of the Mysterious Book DX,1502970
,Expansion - Europa Universalis IV: Leviathan,1416420
,Root: The Riverfolk Expansion,1586100
,112 Operator - Pandemic Outbreak,1412761
,CryoFall,829590
,Total War: ROME REMASTERED,885970
,Island Farmer - Jigsaw Puzzle,1564560
,Seek Girl ‚Öß,1509090
,Arma 3 Creator DLC: S.O.G. Prairie Fire,1227700
,PICO PARK,1509960
,The Invisible Hand,628200
,Retro Machina,1127970
,Dieselpunk Wars,952240
,Lost Ruins,1306630
,Soulworker,1377580
,Subnautica: Below Zero,848450
,SnowRunner - Clasico Pack,1533011
,Lacuna ‚Äì A Sci-Fi Noir Adventure,1364100
,Uncharted Waters IV HD Version,1424800
,Saints Row¬Æ: The Third‚Ñ¢ Remastered,978300
,Capcom Arcade StadiumÔºö19XX - The War Against Destiny -,1556725
,BIOMUTANT,597820
,Capcom Arcade Stadium,1515950
,SCUM Supporter Pack 2,1643210
,Conan Exiles: Isle of Siptah,1206200
,Jetborne Racing,1397650
,Fallen girl - Black rose and the fire of desire,1546010
,Gaia Project,1516400
,hexurb,1407890
,Ghosts 'n Goblins Resurrection,1375400
,Operation: Tango,1335790
,"Save Me, Sakuya-san!",1639610
,Astalon: Tears of the Earth,1046400
,Music - Hearts of Iron IV: Songs of the Eastern Front,1579992
,Unit Pack - Hearts of Iron IV: Eastern Front Planes,1579991
,Garbage,1253710
,Tunguska: The Visitation - Enhanced Edition,1601970
,Car Mechanic Simulator VR,1088770
,Motesolo : No Girlfriend Since Birth,1414180
,Alchemist Adventure,521620
,GUILTY GEAR -STRIVE-,1384160
,Hot Pot For One,1385650
,Minute of Islands,1049710
,Dead by Daylight - Resident Evil Chapter,1634040
,Wildermyth,763890
,Arma 3 Creator DLC: CSLA Iron Curtain,1294440
,Sword and Fairy 4,1621680
,Sword and Fairy 5,1569930
,Sword and Fairy 5 prequel,1545290
,ENDER LILIES: Quietus of the Knights,1369630
,Labyrinth City: Pierre the Maze Detective,1421790
,Planet Zoo: Africa Pack,1647620
,Super Magbot,1205170
,BeeFense BeeMastered,1640930
,Fortification: tower defence,1383760
,Legend of Mana,1175830
,World of Tanks ‚Äî French Express Pack,1662503
,World of Tanks ‚Äî Seafaring Viking Pack,1662504
,Hmmsim Metro,1591420
,Eastern Exorcist,1120810
,Monster Hunter Stories 2: Wings of Ruin,1277400
,OhShape - Caravan Palace Music Pack,1675930
,UndercoverAgent,1648590
,Dying Light,239140
,Ragnarock,1345820
,Streets Of Rage 4 - Mr. X Nightmare,1585820
,Wonhon: A Vengeful Spirit,1294340
,Mini Motorways,1127500
,RimWorld - Ideology,1392840
,Sweet House,1659800
,Edge Of Galaxy,1199180
,Song of Farca,1435670
,The Sims‚Ñ¢ 4 Cottage Living Expansion Pack,1458150
,"Warhammer 40,000: Battlesector",1295500
,Orcs Must Die! 3,1522820
,Metro Sim Hustle,882250
,Cyber Manhunt - Home Sweet Home,1682230
,Tribes of Midgard,858820
,FINAL FANTASY,1173770
,FINAL FANTASY II,1173780
,FINAL FANTASY III,1173790
,GrandChase,985810
,The Great Ace Attorney Chronicles,1158850
,Cooking Simulator VR,1358140
,Paint the Town Red,337320
,Tiny Light,1346740
,Age of Empires III: DE - The African Royals,1581451
,Age of Empires II: Definitive Edition - Dawn of the Dukes,1557210
,Library Of Ruina,1256670
,Star Chef 2: Cooking Game,1612810
,Car Mechanic Simulator 2021,1190000
,Car Mechanic Simulator 2021 - Electric Car DLC,1685721
,Car Mechanic Simulator 2021 - Nissan DLC,1685720
,Glitchpunk,1459960
,Chasing Tails ~A Promise in the Snow~,1555110
,Road 96 üõ£Ô∏è,1466640
,Xuan-Yuan Sword: The Scar of Sky,1638220
,Aliens: Fireteam Elite,1549970
,Behind the Frame: The Finest Scenery,1634150
,Super Animal Royale,843380
,Seed of the Dead: Sweet Home,1566390
,Tormented Souls,1367590
,KeyWe,1242980
,OPUS: Echo of Starsong - Full Bloom Edition,1504500
,Uncrashed : FPV Drone Simulator,1682970
,BRAVELY DEFAULT II,1446650
,El Shaddai ASCENSION OF THE METATRON HD Remaster,1581040
,American Truck Simulator - Wyoming,1415692
,FINAL FANTASY IV,1173800
,BloodRayne Betrayal: Fresh Bites,1550260
,Tales of Arise,740130
,The Rewinder,1161170
,ATOM RPG Trudograd,1139940
,Gas Station Simulator,1149620
,Timberborn,1062090
,Eastward,977880
,Crysis Remastered,1715130
,Severed Steel,1227690
,World War Z,699130
,Minecraft Dungeons,1672970
,Zombie Gunship Survival,1597480
,Euro Truck Simulator 2 - Volvo Construction Equipment,1704460
,Medieval Dynasty,1129580
,ÊÅãÁà±ÂÖ≥Á≥ª/Romance,1618230
,In Sound Mind,1119980
,Outer Wilds - Echoes of the Eye,1622100
,Them and Us,915600
,Ëã±ÈõÑÈªÑÊòè-ÊñáÂ≠ó‰∏âÂõΩÂøó&ÊõπË¥ºÊ®°ÊãüÂô®,1754720
,eFootball‚Ñ¢ 2024,1665460
,Impostor Factory,1182620
,Rebirth:Beware of Mr.Wang,1517960
,Legion TD 2 - Multiplayer Tower Defense,469600
,Touhou Monster TD ~ ÂπªÊÉ≥‰π°Â¶ñÊÄ™Â°îÈò≤,1671350
,Touhou Mystia's Izakaya,1584090
,Variables 2,1570760
,Turing Complete,1444480
,Goose Goose Duck,1568590
,Planet Zoo: North America Animal Pack,1747960
,Age of Darkness: Final Stand,1426450
,The Last Campfire,990630
,Back 4 Blood,924970
,Poppy Playtime,1721470
,Ark Mobius: Censored Edition,1731520
,The Riftbreaker,780310
,Demon Slayer -Kimetsu no Yaiba- The Hinokami Chronicles,1490890
,Ninki Seiyuu: How to Make a Pop Voice Actress,1777750
,Escape Simulator,1435790
,Inscryption,1092790
,War Mongrels,1101790
,Car Mechanic Simulator 2021 - Jaguar DLC,1748990
,Corpse Party (2021),1273260
,Lay a Beauty to Rest: The Darkness Peach Blossom Spring,1506980
,Rustler - Murder Madness,1628870
,Sword and Fairy 7,1543030
,Marvel's Guardians of the Galaxy,1088850
,Super Robot Wars 30,898750
,Age of Empires IV: Anniversary Edition,1466860
,Steel Crew,905970
,‰ªôÁª£ÂâëÁºòÂΩï,1786670
,The Legend of Tianding,1406850
,Unpacking,1135690
,Prison Simulator,842180
,Forza Horizon 5 Treasure Map,1613285
,Saimin Gakush≈´: Secret Desire,1788100
,BLUE REFLECTION: Second Light,1423600
,Car Mechanic Simulator 2018 - Hot Rod Custom Cars,1710610
,Forza Horizon 5 VIP,1613283
,Jurassic World Evolution 2,1244460
,FINAL FANTASY V,1173810
,Ship Graveyard Simulator,1286880
,Car Mechanic Simulator 2021 - Porsche Remastered DLC,1773801
,Epic Chef,1312960
,Russian Fishing 4,766570
,The Elder Scrolls V: Skyrim Anniversary Upgrade,1746860
,Kingdom Two Crowns: Norse Lands,1708680
,LoveChoice,939400
,Curious Expedition 2 - Highlands of Avalon,1690330
,DYSMANTLE,846770
,3 Minute Heroes,1475460
,Motorcycle Mechanic Simulator 2021,1078760
,AIKAGI,1655190
,Arma 3 Creator DLC: Western Sahara,1681170
,Forza Horizon 5 2019 SUBARU STI S209,1764060
,Gunfire Reborn,1217060
,Battlefield‚Ñ¢ 2042,1517290
,Car Mechanic Simulator 2021 - Pagani Remastered DLC,1773800
,Fate Seeker II,1559390
,Stellaris: Aquatics Species Pack,1749080
,Expansion - Hearts of Iron IV: No Step Back,1348661
,Rustler - Vinci,1628880
,Cute Honey: Bunny Girl,1740000
,Tied by your Red,1716480
,Fishing Planet: Congo Discovery Pack,1200349
,Liftoff¬Æ: Micro Drones,1432320
,Age of Empires III: Definitive Edition - Mexico Civilization,1817370
,Brass: Birmingham,1287920
,Century: Age of Ashes,918570
,Fights in Tight Spaces,1265820
,Rubber Bandits,1206610
,WorldBox - God Simulator,1206560
,Lost: Find,1801650
,Titan Quest: Eternal Embers,1804460
,Destiny 2: Bungie 30th Anniversary Pack,1656370
,Destiny 2: Triumphant Silver Bundle,1745440
,Rune Factory 4 Special,1580240
,After the Fall¬Æ,751630
,GTFO,493520
,Mon Bazou,1520370
,Oxygen Not Included - Spaced Out!,1452490
,Sands of Salzaar,1094520
,Toram Online,1827180
,DYNASTY WARRIORS 9 Empires,1341200
,Dead Cells: The Queen and the Sea,1580050
,Easy Red 2,1324780
,Internet Cafe Simulator 2,1563180
,VenusBlood HOLLOW International,1788780
,Bound by Love,1770390
,ÂπªÊÉ≥‰∏âÂõΩÂøó,1457620
,ÂπªÊÉ≥‰∏âÂõΩÂøó2,1457630
,ÂπªÊÉ≥‰∏âÂõΩÂøó4,1457650
,ÂπªÊÉ≥‰∏âÂõΩÂøó4Â§ñ‰º†,1457660
,CBUNI Monica Gold Fan Pack,1851980
,Moon Dancer,1790250
,Nobody Saves the World,1432050
,ÊöñÈõ™ Warm Snow,1296830
,Expeditions: Rome,987840
,Forza Horizon 5 2018 Ferrari FXX-K Evo,1824142
,HITMAN 3 - Deluxe Pack,1829591
,HITMAN 3 Access Pass: HITMAN 2 Expansion,1829590
,HITMAN World of Assassination,1659040
,NEEDY STREAMER OVERLOAD,1451940
,Word Game,1109570
,Hidden Deep,976890
,Cities: Skylines - Airports,1726380
,ÂóúË°ÄÂç∞ Bloody Spell,992300
,Cyber Manhunt - Hello World,1840550
,KamiYaba: Destiny on a Dicey Deadline,1856480
,Car Mechanic Simulator 2021 - Land Rover DLC,1748991
,Dying Light 2 Stay Human: Reloaded Edition,534380
,Cyberpunk Girls,1867280
,Crusader Kings III: Royal Court,1303182
,Diplomacy is Not an Option,1272320
,Empire Takeover,1723790
,World of Warplanes,790710
,The WILDS,1028590
,Yotsume God -Reunion-,1399240
,THE KING OF FIGHTERS XV,1498570
,Êñ∞‰∏âÂúã Êº¢ÂÆ§Âæ©Ëàà,1840440
,Heroine Anthem Zero 2 : Scalescars Oath,787850
,FINAL FANTASY VI,1173820
,Monster Hunter Rise - Hunter Voice: Mood Swings,1852255
,Atelier Sophie 2: The Alchemist of the Mysterious Dream,1621310
,Chronicon - Ancient Beasts,1599010
,Romance of the Three Kingdoms Hadou,1837970
,ELEX II,900040
,FAR: Changing Tides,1570010
,Risk of Rain 2: Survivors of the Void,1607890
,Car Mechanic Simulator 2018 - USA Classics 60s DLC,1851590
,Ghostrunner - Project_Hel,1760190
,Core Keeper,1621690
,Northend Tower Defense,1669170
,Fishing Planet: World Cats Cup Pack,1804842
,The Legend of The Sacred Stone EX,1886830
,TUNIC,553420
,ANNO: Mutationem,1368030
,ITORAH,1132910
,Hunt: Showdown - Meridian Turncoat,1887100
,Oblivity - Find your perfect Sensitivity,1389990
,Caf√© Stella and the Reaper's Butterflies,1829980
,Refactor,1664670
,DEATH STRANDING DIRECTOR'S CUT,1850570
,Stardom,1512720
,Stardom 3,1611410
,ÊòéÊòüÂøóÈ°ò2,1542280
,ÊòéÊòüÂøóÈ°ò2000,1642580
,Car Mechanic Simulator 2018 - Wheeler Dealers DLC,1851591
,Train Station Renovation - Germany DLC,1610540
,Godfall Ultimate Edition,928960
,Stacklands,1948280
,WorkPlaceRhapsody-Beach,1927070
,Car Mechanic Simulator 2021 - Hot Rod Remastered DLC,1931780
,Ib,1901370
,Planet Zoo: Wetlands Animal Pack,1934140
,SUPER ROBOT WARS 30 - Expansion Pack,1823802
,Rush Rally Origins,1728660
,D≈çky≈´sei: Bangin' Summer,1689910
,Teardown,1167630
,Peglin,1296610
,Prehistoric Kingdom,666150
,The Stanley Parable: Ultra Deluxe,1703340
,Age of Empires II: Definitive Edition - Dynasties of India,1869820
,Dorfromantik,1455840
,THE HOUSE OF THE DEAD: Remake,1694600
,Á•ûÈÉΩ‰∏çËâØÊé¢ Underdog Detective,1681970
,The Gunk,1087760
,Á•ñÁéõÂ∞ëÂ•≥/Zuma Girls,1808780
,Car Mechanic Simulator 2021 - Lotus Remastered DLC,1981550
,Citizen Sleeper,1578650
,Poppy Playtime - Chapter 2,1817490
,The Inheritance of Crimson Manor,1553120
,Underdog Detective-Episode 6 to 17,1937520
,"Warhammer 40,000: Chaos Gate - Daemonhunters",1611910
,Wingspan: European Expansion,1741470
,Elemental War 2,1063020
,Paper Bride 2 Zangling Village,1879380
,Magical Girl Celesphonia,1786790
,We Were Here Forever,1341290
,Stellaris: Overlord,1889490
,Plants vs. Zombies‚Ñ¢ Garden Warfare 2: Deluxe Edition,1922560
,Little Witch in the Woods,1594940
,Outward Definitive Edition,794260
,Curious Expedition 2 - Shores of Taishi,1751920
,Taiko Risshiden V DX,1842810
,Keplerth,747200
,Car Mechanic Simulator 2018 - Vans & Campers DLC,1966190
,Touken Ranbu Warriors,1191260
,Sniper Elite 5,1029690
,Manny Boxing VR,803020
,Captain of Industry,1594320
,Police Shootout,1279240
,Yakiniku simulator,2001570
,Escape Simulator: Steampunk DLC,1942100
,Meteor World Actor: Badge & Dagger,1819160
,The Quarry,1577120
,Chivalry 2,1824220
,The Guild 3,311260
,American Theft 80s,1321450
,European Air War,514130
,Frozenheim,1134100
,Neon White,1533420
,Starship Troopers: Terran Command,1202130
,Teenage Mutant Ninja Turtles: Shredder's Revenge,1361510
,The Sims‚Ñ¢ 4 Werewolves Game Pack,1776780
,Êúà„Å´ÂØÑ„Çä„Åù„ÅÜ‰πôÂ•≥„ÅÆ‰ΩúÊ≥ï,1776970
,Hands of Necromancy,1898610
,Inside the Backrooms,1987080
,xiuzhen idle,1649730
,Êáí‰∫∫‰øÆ‰ªô‰º†2,1266630
,Tiny Tina's Wonderlands,1286680
,Online Sparkler,1965390
,SurrounDead,1645820
,Little Noah: Scion of Paradise,1883260
,Cuphead - The Delicious Last Course,1117850
,Monster Hunter Rise: Sunbreak,1880360
,SCUM: Danny Trejo Character Pack,1990860
,Placid Plastic Duck Simulator,1999360
,DRAGON BALL XENOVERSE 2 - Legend Patrol Pack,2023140
,DRAGON BALL XENOVERSE 2 Conton City Vote Pack,1999190
,Klonoa Phantasy Reverie Series,1730680
,Sword and Fairy Inn 2,1918680
,Monument Valley 2: Panoramic Edition,1927740
,Monument Valley: Panoramic Edition,1927720
,WARRIORS OROCHI 3 Ultimate Definitive Edition,1879330
,Necrosmith,1949190
,Urbek City Builder,1411740
,Dinkum,1062520
,Legends of Kingdom Rush,1904860
,PowerWash Simulator,1290000
,‰Ω†Â∑≤ÁªèÁåúÂà∞ÁªìÂ±Ä‰∫ÜÂêó,1788850
,House Party,611790
,Kanjozoku Game „É¨„Éº„Çµ„Éº Online Street Racing & Drift,2073470
,The Riftbreaker: Metal Terror,1945600
,Food Girls - Bubbles' Drink Stand,1211960
,Forza Horizon 5: Hot Wheels,1613280
,Stray,1332010
,NOBUNAGA'S AMBITION: Awakening,1336980
,Battle Teams 2,1969870
,Capcom Arcade 2nd Stadium,1755910
,Sky in your eyes,1980890
,The Manga Works,1921770
,Car Mechanic Simulator 2021 - Mazda Remastered DLC,2085260
,ERROR143,2066550
,The Legend of Heroes: Kuro no Kiseki,1811950
,Everdell,1722840
,Richman 4,2059810
,Richman: Clasic,2027920
,The Sims‚Ñ¢ 4 High School Years Expansion Pack,1816550
,Yacht Mechanic Simulator,1263620
,Hidden Sin 8,2050720
,Kiwi Clicker - Juiced Up,1980530
,Re-Volt,287310
,Apostle: Rebellion,1419750
,Book of Yog Idle RPG,1097430
,Â±±Ôºö‰∏¥ÁïåÂπ∏Â≠òËÄÖ,1787500
,Asphalt Legends Unite,1815780
,The Mortuary Assistant,1295920
,American Truck Simulator - Montana,1811080
,GigaBash,1546400
,PlateUp!,1599600
,Great Deceiver,2060000
,Pocket League Story,1923690
,Farthest Frontier,1044720
,Force of Warships: Battleship Games,1991860
,Just Go,1862520
,Last Night of Winter,1651610
,È≠îÂ∞éËÅñÊà∞:È¢®Ëâ≤ÂπªÊÉ≥,2020480
,„Éò„Éñ„É≥„Éê„Éº„É≥„Ç∫„É¨„ÉÉ„Éâ,1973710
,Axiom Verge 2,946030
,Cult of the Lamb: Cultist Pack,2015880
,Stranded Deep,313120
,Marvel‚Äôs Spider-Man Remastered,1817070
,Revenge of the Orcs: Flag of Conquest,2004980
,CarX Drift Racing Online - Sayaka Shimoda,2096530
,Across the Obelisk,1385380
,Way of the Hunter,1288320
,Thymesia,1343240
,Touhou: Lost Branch of Legend,1140150
,Ultimate Fishing Simulator 2,1136380
,Expansion Starter Pack - Guild Wars 2: Heart of Thorns‚Ñ¢ and Path of Fire‚Ñ¢,1996840
,Guild Wars 2,1284210
,Guild Wars 2: End of Dragons‚Ñ¢ Expansion,2008610
,World of Tanks ‚Äî Premium & Gold: Light Pack,2108510
,Islets,1669420
,PAC-MAN WORLD Re-PAC,1859470
,The Bridge Curse Road to Salvation,1611430
,BROK the InvestiGator,949480
,TAMAKAGURA: Tales of Turmoil,2096400
,Gunfire Reborn - Visitors of Spirit Realm,2111850
,Dead by Daylight - Resident Evil: PROJECT W Chapter,2102730
,Destroy All Humans! 2 - Reprobed,1266700
,Tinykin,1599020
,Galaxy Life,1927780
,Liftoff¬Æ - Slipstream,2019790
,Neophyte,1409530
,Dream Three Kingdoms 2,2009390
,JoJo's Bizarre Adventure: All-Star Battle R,1372110
,Lost Light,1797880
,The Imperial Gatekeeper,1933650
,NBA 2K23,1919590
,RiichiCity - ACG mahjong games,1954420
,Steelrising,1283400
,HimeYoku: A Sacrifice of Lust and Grace,2126870
,Immersion Pack - Europa Universalis IV: Lions of the North,2012010
,Isonzo,1556790
,VARIOUS DAYLIFE,1897050
,Elven Assassin,503770
,Food Truck Simulator,1160920
,Judgment,2058180
,Lost Judgment,2058190
,The Wandering Village,1121640
,ÂãáËÄÖÈ¨•ÊÉ°ÈæçX„ÄÄË¶∫ÈÜíÁöÑ‰∫îÁ®ÆÊóè„ÄÄOFFLINE,1358750
,Boo Men,1715730
,Curious Expedition 2 - Robots of Lux,1751921
,Metal: Hellsinger,1061910
,Trombone Champ,1059990
,Car Mechanic Simulator 2021 - Aston Martin DLC,2112230
,Rogue: Genesia,2067920
,Construction Simulator,1273400
,Soulstice,1602080
,Arcanium: Rise of Akhan,1056840
,Potion Permit,1337760
,Slime Rancher 2,1657630
,Pocket Stables,1918530
,BLACK WITCHCRAFT,1557410
,Dome Keeper,1637320
,Expansion - Hearts of Iron IV: By Blood Alone,1880650
,Foxhole,505460
,Despot's Game: Dystopian Battle Simulator,1227280
,Yokai Art: Night Parade of One Hundred Demons,1812060
,Ê¥ªÂ≠óÂºïÊìé,2124470
,Yusetsu,1956600
,Weird RPG,1902710
,Sker Ritual - Draigs Terror,2155330
,Sker Ritual - Friends in the Darkness,2155340
,Asterigos: Curse of the Stars,1731070
,Home Run High,2084720
,LEGO¬Æ Bricktales,1898290
,UNDECEMBER,1549250
,Alina of the Arena,1668690
,ASTLIBRA Revision,1718570
,DRAGON BALL: THE BREAKERS,1276760
,TRIANGLE STRATEGY,1850510
,Scorn,698670
,Age of Empires III: Definitive Edition ‚Äì Hero Cosmetic Pack ‚Äì Kunoichi,2154361
,Age of Empires III: Definitive Edition ‚Äì Hero Cosmetic Pack ‚Äì Vol. 1,2154362
,Nitro Kid,1709050
,The Valiant,959860
,Richman 11,2074800
,Vampire Survivors,1794680
,"Warhammer 40,000: Shootas, Blood & Teef",1324530
,New Tales from the Borderlands,1454970
,RimWorld - Biotech,1826140
,TROUBLESHOOTER: Abandoned Children - Crimson Crow,2168550
,ÂπªÂ°î,2147450
,Settlement Survival,1509510
,Last Command,1487270
,Victoria 3,529340
,Ghost of Dragon,1300920
,Sackboy‚Ñ¢: A Big Adventure,1599660
,Call of Duty¬Æ,1938090
,Call of Duty¬Æ: Modern Warfare¬Æ II,1962660
,CHAQS,2183200
,The Past Within,1515210
,AI: Art Impostor,2154230
,Astro Colony,1614550
,Soulstone Survivors,2066020
,A Little to the Left,1629520
,Car Mechanic Simulator 2021 - Drag Racing DLC,2112231
,Garfield Lasagna Party,2008410
,Police Simulator: Patrol Officers,997010
,Summoners War: Chronicles,2167580
,ÈõÄÁöáÈ∫ªÈõÄ,1973970
,Bravery and Greed,943370
,Floodland,1336180
,JR EAST Train Simulator,2111630
,JR EAST Train Simulator: Chuo Line Rapid Service (Takao to  Tokyo) E233-0 series,2216300
,Call of Duty¬Æ: Warzone‚Ñ¢,1962663
,Cardfight!! Vanguard Dear Days,1881420
,Monochrome Mobius: Rights and Wrongs Forgotten,1962430
,The Crew 2 - Porsche Cayman GT4 2016 Starter Pack,2183880
,Crysis 2 Remastered,2096600
,Crysis 3 Remastered,2096610
,Marvel‚Äôs Spider-Man: Miles Morales,1817190
,The Dark Pictures Anthology: The Devil in Me,1567020
,Gungrave G.O.R.E,1630110
,Ship of Fools,1286580
,Back to the Scene,1397070
,Rush Rally 3,2020860
,Tennis Club Story,2054810
,The Knight Witch,1872680
,Legion TD 2 - Desert Ridge Campaign,2162190
,Beach Invasion 1944,2209680
,Element TD 2 - Mazing Expansion,2177070
,MODERN NAVAL COMBAT,1309780
,Warlords Under Siege,2091500
,Cafe Owner Simulator,1498140
,The Long Dark: Tales from the Far Territory,2091330
,Assassin's Creed Valhalla,2208920
,GigaBash - Godzilla 4 Kaiju Pack,2161720
,Knights of Honor II: Sovereign,736820
,Chained Echoes,1229240
,Choo-Choo Charles,1766740
,To Be or Not to Be,2190290
,The Scarlet Demonslayer,2123140
,Potion Craft: Alchemist Simulator,1210320
,Sker Ritual - Goon Brenn,2237020
,Sker Ritual - The Quiet Ones,2237021
,Melatonin,1585220
,Prime of Flames,1937750
,Vampire Survivors: Legacy of the Moonspell,2230760
,Sakura Hime 3,1996210
,X-Plane 12,2014780
,Miss Neko 3,2022180
,Depersonalization,1477070
,Otome * Domain,2153330
,Holy Paladin Cynthia,2073570
,Âè≤Â∞èÂùëÁöÑËä±ÂâçÊúà‰∏ã,2242590
,ÂØåÁî≤Â§©‰∏ã3,2258590
,Luck be a Landlord,1404850
,Â§©Â§ñÊ≠¶Êûó (Traveler of Wuxia),2088160
,Touge Shakai,2113900
,Flash Party,1799370
,Glimmer in Mirror,1035760
,Into The Flames,1222300
,Fantasia Sango Mysteria,1597460
,Sailing Era,2161440
,Territory: Farming and Fighting,1455910
,Tom Clancy‚Äôs The Division¬Æ 2,2221490
,Xuan-Yuan Sword V,1728520
,Xuan-Yuan Sword: The Cloud of Han,1870140
,Xuan-Yuan Sword: The Clouds Faraway,1870150
,SimRail - The Railway Simulator,1422130
,ËßÖÈïøÁîü,1189490
,Demons Roots,1933660
,Korea Dynasty (Ï°∞ÏÑ†Î©îÌÉÄÏã§Î°ù),2216600
,WW2 Rebuilder,1573280
,A Space for the Unbound,1201270
,Fraymakers,1420350
,Lunar Mirror,1910790
,Persona 3 Portable,1809700
,Rain World: Downpour,1933390
,Nope Nope Nope Nurses,2261240
,Chronicon - The Mechanist,2206120
,Ultimate Admiral: Dreadnoughts,1069660
,Car Mechanic Simulator 2021 - Mercedes-Benz Remastered DLC,2112232
,Dread Templar,1334730
,Watch Dogs¬Æ: Legion,2239550
,Alice Escaped!,1489410
,Dead Space,1693980
,SpongeBob SquarePants: The Cosmic Shake,1282150
,Deliver Us Mars,1345890
,Your Only Move Is HUSTLE,2212330
,SpellForce: Conquest of Eo,1581770
,Windmills,1803760
,Broken Universe - Tower Defense,1487680
,Tower Tactics: Liberation,1709900
,Boxing Gym Story,1947950
,Noobs Want to Live,1737340
,Hunting Labyrinth,2165380
,Operation: Harsh Doorstop,736590
,Tower Escape,2009860
,Dreams in the Witch House,1902850
,Loretta,1592540
,Raid on Taihoku,1901950
,Â§©‰∏ãÈú∏Âúñ,2304030
,Flashback,2252960
,My Dream Setup,2200780
,Alchemia Story,2208530
,Chef Life: A Restaurant Simulator,1122340
,Company of Heroes 3,1677280
,Pocky & Rocky Reshrined,2200580
,Sun Down Survivors,2308360
,Limbus Company,1973530
,Destiny 2: Lightfall,1945340
,Lumencraft,1713810
,Scars Above,1196090
,Ruined Kingdom,2206490
,Escape First Alchemist ‚öóÔ∏è,2094320
,Meg's Monster,1783360
,Yihongyuan,1802980
,Wo Long: Fallen Dynasty,1448440
,Lunar Mirror:The Pavilion of Desire,2157680
,Dead Cells: Return to Castlevania,2101430
,Uncharted Waters Origin,1574360
,Call of Duty¬Æ: Modern Warfare¬Æ,2000950
,Call of Duty¬Æ: Vanguard,1985820
,Contraband Police,756800
,PARANORMASIGHT: The Seven Mysteries of Honjo,2106840
,Sker Ritual - Siren's Song,2323211
,Sker Ritual - Stranger Danger,2323210
,Boneraiser Minions,1944570
,FATAL FRAME / PROJECT ZERO: Mask of the Lunar Eclipse,2130460
,Looking Up I See Only A Ceiling,1742930
,The Last Spell,1105670
,Big Ambitions,1331550
,SHUFFLE! Episode 2 ~Kami ni mo Akuma ni mo Nerawareteiru Otoko~,2321180
,Lovelorn sanatorium ‚Ö¢,2307120
,Barotrauma,602960
,Stellaris: First Contact Story Pack,2277860
,Crafty Survivors,2137760
,No:Worse,2124070
,Richman 6,2185840
,Richman 7,2185850
,Richman 8,2185870
,Arena StoryÔΩûRouge And Princess KnightÔΩû,2257840
,Black & White,1998450
,EasyMMD,2344030
,Apewar,2306590
,Atelier Ryza 3: Alchemist of the End & the Secret Key,1999770
,Car Mechanic Simulator 2021 - Ford Remastered DLC,2282030
,Resident Evil 4,2050650
,Yukiiro Sign,2307160
,The Last of Us‚Ñ¢ Part I,1888930
,Forza Horizon 5 Rally Adventure,1613281
,Across The Obelisk: The Wolf Wars,2325780
,DREDGE,1562430
,GunSoul Girl 2,1948700
,"Operation: Harsh Doorstop ""Supporter Edition""",1307180
,Root: The Underworld Expansion,2253060
,Sword and Fairy Inn,2285650
,Tainted Grail: The Fall of Avalon,1466060
,The Great War: Western Front‚Ñ¢,2109370
,Yao-Guai Hunter,1915510
,Road 96: Mile 0,2095340
,MINDHACK,1727210
,Moviehouse ‚Äì The Film Studio Tycoon,1576280
,Wall World,2187290
,Ravenswatch,2071280
,STRANGER OF PARADISE FINAL FANTASY ORIGIN,1358700
,All-In-One Sports VR,1514840
,Kunado Chronicles,1934910
,The Library of Babel,1822030
,Basketball Club Story,2102490
,Tropical Resort Story,2119680
,Lightracer Spark,2094270
,Wildfrost,1811990
,Total War: WARHAMMER III - Forge of the Chaos Dwarfs,2059190
,Vampire Survivors: Tides of the Foscari,2313550
,Mega Man Battle Network Legacy Collection Vol. 1,1798010
,Mega Man Battle Network Legacy Collection Vol. 2,1798020
,Disney Speedstorm,1537830
,Expansion - Europa Universalis IV: Domination,2223660
,ÁÅµÂ¢ü,1986010
,Assetto Corsa Competizione - 2023 GT World Challenge Pack,2328720
,Coffee Talk Episode 2: Hibiscus & Butterfly,1663220
,Deepening Fire,1642790
,Combat Master: Season 2,2281730
,Volcano Princess,1669980
,Amanda the Adventurer,2166060
,Roots of Pacha,1245560
,Desta: The Memories Between,2009650
,Dungeon Drafters,1824580
,LIVE A LIVE,2014380
,The Forgotten Concluder,2159730
,Unboxing the Cryptic Killer,2069040
,Paper Bride 4 Bound Love,2286770
,Staffer Case: A Supernatural Mystery Adventure,2128480
,Q REMASTERED,2246110
,Age of Wonders 4,1669000
,Wildermyth - Armors and Skins,2139130
,Darkest Dungeon¬Æ II,1940340
,Infinite Tao,2151580
,ÈÄÜÂÖâËø∑ÈÄî Lost in Darklight,2251020
,Stellaris: Galactic Paragons,2380030
,Torchlight: Infinite,1974050
,Mechabellum,669330
,SCUM Female Hair Pack,2321800
,SCUM Luis Moncada Character Pack,2371620
,ÂØåÁî≤Â§©‰∏ã4,2400280
,Tamayura Mirai,1960830
,Age of Empires II: Definitive Edition - Return of Rome,2141580
,Super Bunny Man,673750
,Castle Of Alchemists,1724770
,V Rising - Sinister Evolution Pack,2358430
,Car For Sale Simulator 2023,2248760
,Hero's Land,2349820
,Adorable Witch5 : Lingering,2271980
,Kuroinu Redux,2348170
,Old Coin Pusher Friends 2,2281360
,Country Bumpkin Yutaka,2287980
,Bread & Fred,1607680
,"Warhammer 40,000: Boltgun",2005010
,Halls of Torment,2218750
,Bat Boy,1709350
,Do Not Feed the Monkeys 2099,1964040
,Railway Empire 2,1644320
,Erophone:Re,1832740
,Sker Ritual - Devil's Sacrifice,2434171
,Sker Ritual - Smuggler's Fortune,2434170
,È¨ºË∞∑ÂÖ´Ëçí Tale of Immortal,1468810
,The Riftbreaker: Into The Dark,2108630
,Â∏åÊúõ‰πãÂÖâ1ÔºöÁÅµËèåÊ∂ÖÊßÉ,2256600
,MOBILE SUIT GUNDAM BATTLE OPERATION 2,1367080
,Poly Bridge 3,1850160
,STASIS: BONE TOTEM,1426010
,Gunfire Reborn - Artisan and Magician,2430400
,Street Fighter‚Ñ¢ 6,1364780
,Street Fighter‚Ñ¢ 6 - Year 1 Character Pass,2224460
,We Love Katamari REROLL+ Royal Reverie,1730700
,Frontier Hunter - DLC : Costume Pack Season 3,2383090
,Mobius‚Äô Radio Waves,2144260
,miniBONG,2411910
,Easy Red 2: Normandy,2317930
,Espresso Tycoon,1543280
,20 Minutes Till Dawn,1966900
,Riders Republic,2290180
,SimpleTD,2442830
,White Night Dream,2336590
,Nyaruru Fishy Fight,1478160
,Creature Lab,1309990
,Metro Simulator 2,1787480
,Layers of Fear,1946700
,Tom Clancy‚Äôs Rainbow Six¬Æ Extraction,2379390
,ÂãæÂÖ´È∫ªÂ∞Ü(J8 Mahjong),2372380
,[Chilla's Art] Night Security | Â§úÈñìË≠¶ÂÇô,2367230
,Aimlabs,714010
,Farm Keeper,2458940
,Convenience Stories,2119650
,Trepang2,1164940
,Forever Skies,1641960
,The Bookwalker: Thief of Tales,1432100
,Brotato,1942280
,NUKITASHI,2399220
,The Leviathan's Fantasy,1994370
,Doomsday: Last Survivors,2439510
,Kingdom Eighties,1956040
,A Little to the Left: Cupboards & Drawers,2343790
,STORY OF SEASONS: A Wonderful Life,2111170
,DAVE THE DIVER Digital Extra,2492320
,Car Mechanic Simulator 2021 - Dodge | Plymouth | Chrysler Remastered DLC,2464230
,Journey to the West,1449070
,Spirit Island - Horizons of Spirit Island,2419040
,FRONT MISSION 1st: Remake,2399730
,Ghost Trick: Phantom Detective,1967430
,Atelier Marie Remake: The Alchemist of Salburg,2138090
,Exoprimal,1286320
,Touhou: New World,2150660
,Catch & Cook: Fishing Adventure,2354940
,Jagged Alliance 3,1084160
,Cats Hidden in Paris,2313250
,Cats Hidden in Paris - Extra Level,2426940
,Sticky Business,2303350
,Temporian,2229920
,Ember Knights,1135230
,The Book of Warriors,2111860
,‰∏âÂúãÁ´ãÂøóÂÇ≥3,2467190
,Gunsmith Simulator,1101120
,Let's! Revolution!,2111090
,"YEAH! YOU WANT ""THOSE GAMES,"" RIGHT? SO HERE YOU GO! NOW, LET'S SEE YOU CLEAR THEM!",2348100
,Á•ûÊõ≤,2430100
,Eternal Return,1049590
,Private Property,1481700
,The Sims‚Ñ¢ 4 Horse Ranch Expansion Pack,1990600
,GoreBox,2027330
,È≠îÂ•≥ÁöÑÂ§úÂÆ¥,2458530
,Arma 3 Creator DLC: Spearhead 1944,1175380
,REMNANT II¬Æ,1282100
,Stacklands: Cursed Worlds,2446110
,"Warhammer 40,000: Chaos Gate - Daemonhunters - Execution Force",2421890
,Âè¨Âî§‰πãÁéã (Supreme Summoner),2491360
,Portal Dungeon,1679220
,Vampire Hunters,2206270
,Xuan-Yuan Sword: Mists Beyond the Mountains,1638230
,End of Edge,2450570
,Let's School,1937500
,Unnamed Space Idle,2471100
,Witch's Rhythm Puzzle,2359170
,Super Box Delivery: Beyond the Horizon,2379850
,The Shell Part I: Inferno,2258770
,Undaunted Normandy,1853630
,All-In-One Summer Sports VR,2074750
,Cats Hidden in Italy,2313240
,Forest Golf Planner,2119670
,Landnama,2339040
,Venba,1491670
,Taboo Trial,2455060
,Age of Empires III: Definitive Edition (Base Game),2477660
,Axon TD: Uprising - Tower Defense,2296550
,Thronefall,2239150
,Baldur's Gate 3 - Digital Deluxe Edition DLC,2378500
,SCUM Charms Pack,2517160
,SCUM Weapon Skins Pack,2517170
,Greedland,2218400
,WHITE ALBUM: Memories like Falling Snow,2432110
,BOKURA,1801110
,Overwatch¬Æ 2,2357570
,Tales & Tactics,1652250
,ÂØåÁî≤Â§©‰∏ã5,2490910
,Black Skylands,1143810
,Forza Horizon 5 Italian Exotics Car Pack,2507010
,Moving Out 2,1641700
,Across The Obelisk: Sands of Ulminin,2511580
,Ship Graveyard Simulator 2,2201940
,BOOK OF HOURS,1028310
,Only Up: With Friends,2522520
,Cardboard Town,2198070
,Golf It!,571740
,The Texas Chain Saw Massacre,1433140
,Eris Dysnomia,2377420
,Crusader Kings III: Wards & Wardens,2313541
,Guild Wars 2: Secrets of the Obscure‚Ñ¢ Expansion,2450010
,WrestleQuest,1867510
,ARMORED CORE‚Ñ¢ VI FIRES OF RUBICON‚Ñ¢,1888160
,Blasphemous 2,2114740
,Hadean Tactics,1260590
,RIDE 5,1650010
,Saints Row,742420
,Bee Island,2345020
,Marauder of Dystopia: The weakest go to the wall,2386350
,Samurai Vandalism,1551670
,Sunkenland,2080690
,Last Resort,2535810
,Victoria 3: Dawn of Wonder,2411230
,Dead by Daylight - Alien Chapter Pack,2515990
,Sea of Stars,1244090
,Brave Nine,2442230
,The Matchless Kungfu,1696440
,Borderlands Game of the Year Enhanced,729040
,Chess Survivors,2065000
,Seven Nights Ghost,2382250
,Teenage Mutant Ninja Turtles: Shredder's Revenge - Dimension Shellshock,2348930
,Total War: WARHAMMER III - Shadows of Change,2325830
,Trine 5: A Clockwork Conspiracy,1436700
,MEGA MAN X DiVE Offline,2183650
,Chants of Sennaar,1931770
,Chillquarium,2276930
,The Sims‚Ñ¢ 4 Modern Luxe Kit,2397791
,Void Crew,1063420
,Fae Farm,2230110
,Sprout Valley,1964820
,Car Mechanic Simulator 2021 - China DLC,2546830
,Sailing Era: Edge of the World,2401890
,Gunbrella,1580180
,Heretic's Fork,2181610
,Dance Dash,2005050
,ONE PIECE: PIRATE WARRIORS 4 The Battle of Onigashima Pack,2449140
,ONE PIECE: PIRATE WARRIORS 4 Yamato's Grand Tour Logbook & Soul Map 1,2449250
,We Were Here Expeditions: The FriendShip,2296990
,Fading Afternoon,1687000
,Wandering Sword,1876890
,DERE Vengeance,2566430
,Spirited Thief,1709870
,ATC4: Airport OSAKA [RJOO],2314640
,Moonstone Island,1658150
,Renfield: Bring Your Own Blood,2354600
,Castle Empire,2566270
,Frontier Hunter - DLC : Hairstyle Pack,2559460
,Hellsweeper VR,1341490
,PAYDAY 3,1272080
,Resident Evil 4 - Separate Ways,2109300
,3D Chess Online,2590580
,Cyberpunk 2077: Phantom Liberty,2138330
,King of Crabs,1273710
,Ancient Warfare: The Han Dynasty,1423330
,Train Sim World¬Æ 4,2362300
,VenusBlood GAIA International,2347740
,Escape From Mystwood Mansion,2292650
,Underground Blossom,2291850
,Fights in Tight Spaces - Weapon of Choice,1867120
,MY HERO ONE'S JUSTICE 2,1058450
,Fate/Samurai Remnant,1902690
,Saleblazers,1419850
,Tank War Shooting Simulator,2603450
,Maumau and the Labyrinth,2288080
,Jelly Express,1945260
,Battle Shapers,1421290
,Station to Station,2272400
,Muse Dash - Muse Plus,2593750
,Thief Simulator 2,1332720
,Knight vs Giant: The Broken Excalibur,715680
,My Little Universe,2328750
,Expansion - Hearts of Iron IV: Arms Against Tyranny,2183930
,Forza Horizon 5 Super Speed Car Pack,2614920
,Forza Motorsport,2440510
,Forza Motorsport Race Day Car Pack,2557410
,Forza Motorsport VIP,2557400
,Forza Motorsport Welcome Pack,2557420
,Tribe: Primitive Builder,1059900
,Lords of the Fallen,1501750
,Nope Nope Nope Nope Nurses,2474940
,Dungeon's Legion,2287970
,Cafe Master Story,2427100
,Outpath,2237970
,Wizard with a Gun - Gunmancer Pack,2563910
,Diablo¬Æ IV,2344520
,Legendary Creatures 2,2233790
,Wizard with a Gun,1150530
,Love Is All Around,2322560
,Pandemic Train,1379600
,AirportSim,1715280
,Euro Truck Simulator 2 - West Balkans,2004210
,Folk Hero,2342150
,Hexarchy,1356810
,Way of the Hunter - Steyr Arms Pack,2584760
,WORLD OF HORROR,913740
,Call of Duty¬Æ: Modern Warfare¬Æ II - Pumpkin Patch: Pro Pack,2534810
,Farmer's Life,1137750
,Yog-Sothoth‚Äôs Yard,2194530
,That Time I Got Reincarnated as a Succubus,2215650
,XenoWorld ~The Rondeau of Astra~,2227860
,Book of Yog-All Saints' Day Pack,2644290
,Cities: Skylines II,949230
,METAL GEAR & METAL GEAR 2: Solid Snake,2131680
,Scene Investigators,1159830
,AQUARIUM,2515070
,ARK: Survival Ascended,2399830
,Ghostrunner 2,2144740
,The Unliving,986040
,ÁÅ´ÁÑ∞ÂæÅÁ®ã,2492430
,Dragonheir: Silent Gods,2203070
,Sands of Aura,1119840
,Taimanin Asagi,2430160
,NecroAttackÔºÅ,2490160
,Age of Empires II: Definitive Edition - The Mountain Royals,2555420
,Headbangers: Rhythm Royale,1761620
,Jusant,1977170
,For The King II,1676840
,Magicraft,2103140
,My Time at Sandrock,1084600
,My Time at Sandrock - Builder's Beach and Ball Clothing Pack,2181522
,My Time at Sandrock - Cute Critter Furniture Pack,2595760
,My Time at Sandrock - Far East Furniture Pack,2595750
,My Time at Sandrock - Interior Decorator Pack,2595740
,My Time at Sandrock - Pet Pack: Lil Gecko,2595730
,RoboCop: Rogue City,1681430
,Slime 3K: Rise Against Despot,2348610
,Back to the Dawn,1735700
,Iron Marines Invasion,2187920
,KunKunNight,2642890
,"Ranch Simulator: Build, Hunt, Farm",1119730
,UsoNatsu ~The Summer Romance Bloomed From A Lie~,1575980
,Football Manager 2024 In-game Editor,2473420
,Immersion Pack - Europa Universalis IV: King of Kings,2502910
,Racine,1793170
,Ratopia,2244130
,AETHERIS,1786010
,Kuroinu 2 Redux,2544760
,Nickelodeon All-Star Brawl 2,2017080
,Nickelodeon All-Star Brawl 2 Costume Pack,2587100
,Nickelodeon All-Star Brawl 2 Season Pass,2587090
,Roboquest,692890
,Stronghold: Definitive Edition,2140020
,GigaBash - Ultraman 4 Characters Pack,2574860
,Saturnalia,916350
,Colony Ship: A Post-Earth Role Playing Game,648410
,Dungeons 4,1643310
,SANABI,1562700
,Call of Duty¬Æ: Modern Warfare¬Æ III,2519060
,Portal Dungeon - Character Pack - Duck,2631370
,Age of Empires IV:  The Sultans Ascend,1959430
,Astral Ascent,1280930
,Backpack Hero,1970580
,Death Must Die,2334730
,Liminal Border Part I,2552410
,Refind Self: The Personality Test Game,2514960
,Remnant II¬Æ - The Awakened King,2384073
,Cats Hidden in Maple Hollow üçÇ,2551170
,Life Makeover,2626940
,Little ShrimpÔºöLegend Reborn,2511570
,Starship Troopers: Terran Command - Raising Hell,2139990
,The Last Faith,1274600
,Anvil Saga,1587540
,Bopl Battle,1686940
,Hero's Adventure: Road to Passion,1948980
,Hira Hira Hihiru,2314820
,Skul: The Hero Slayer - Mythology Pack,2512790
,Stellaris: Astral Planes,2534090
,Warhammer Age of Sigmar: Realms of Ruin,1844380
,Demon Slayer Shion,2420620
,Car Mechanic Simulator 2021 - BMW DLC,2601200
,Pro Basketball Manager 2024,2328780
,Snail Simulator,1500740
,CarX Drift Racing Online - SL80 Sayaka Special,2638160
,My Time at Sandrock - Summer Heat Collection 1,2181528
,RIDE 5 - Dreamer's Garage Pack,2315230
,Easy Red 2: Ardennes 1940 & 1944,2617770
,Cats and Seek - Extra Level,2672100
,Cats and Seek : Osaka,2672090
,Suika Shapes,2686690
,"JR EAST Train Simulator: Nambu Line (Kawasaki to Tachikawa) E233-8000 series Nambu Branchi Line (Hamakawasaki to Shitte) 205-1000 series Tsurumi Line (Tsurumi to Ogimachi,Okawa,Umi-Shibaura) 205-1100 series",2696300
,Last Train Home,1469610
,The Exit 8,2653790
,Rock Simulator 2,1949770
,TEVI,2230650
,Time Walker: Dark World,2093910
,Apocalypse Party,2351560
,Fishing Planet: Club Enthusiast Pack,1804849
,HoloParade,2647230
,Sker Ritual - Bloody Night,2715950
,SteamWorld Build,2134770
,Â§ßËØùÊàòÂõΩOnline,2534830
,Make Way,1445790
,Soulash 2,2399160
,Company of Heroes 3: Hammer & Shield Expansion Pack,2068342
,Forza Horizon 5 Fast X Car Pack,2676380
,Praise Dead,2459180
,Destroyer: The U-Boat Hunter,1272010
,A Date with Death,2415010
,A Date with Death - Expansion DLC,2696090
,Arizona Sunshine¬Æ 2,1540210
,FINAL FANTASY VII EVER CRISIS,2484110
,"Warhammer 40,000: Rogue Trader",2186680
,"Warhammer 40,000: Rogue Trader - Deluxe Pack",2682660
,"Warhammer 40,000: Rogue Trader - Season Pass",2687230
,"Warhammer 40,000: Rogue Trader - Voidfarer Pack",2682670
,SUSHI SOUL UNIVERSE,2562460
,Darkest Dungeon¬Æ II: The Binding Blade,2598510
,"Across the Obelisk: Amelia, the Queen",2666340
,Build Master: MarsVille,2366120
,Planet Zoo: Eurasia Animal Pack,2675740
,‰πùÈúÑÈ£é‰∫ëÂΩï Legends Of The Divine Land,2358100
,(the) Gnorp Apologue,1473350
,Fae Farm: Coasts of Croakia,2673180
,Guardians of Holme,2086850
,Kingdom Rush Vengeance - Hammerhold Campaign,2695220
,SCUM Dance Pack,2651750
,SCUM Male Hair Pack,2651740
,WITCH ON THE HOLY NIGHT,2052410
,ERROR143 Day 5,2230570
,My Slow Life with the Princess Knight and Her Devoted Handmaiden,1934900
,Otome Riron to Sono Shuuhen -√âcole de Paris-,2567190
,Trinity Fusion,1911360
,Âπ∏Â≠òËÄÖÂ∞ëÂ•≥/Survivor Girls,2679200
,Cats Huddled Together Êå§Âú®‰∏ÄËµ∑ÁöÑÁå´Áå´‰ª¨,2675630
,100 Asian Cats,2667970
,100 Asian Cats - Extra Content,2733930
,Only Up 2,2653170
,Vampire Survivors: Emergency Meeting,2690330
,Beach Invasion 1945 - Pacific,2390480
,Nebel Geisterj√§ger ~ The First Lamb,2644010
,ONE.,2432100
,Snowbreak: Containment Zone,2668080
,Simple CEO,2704510
,Winter Memories,2495450
,ASTRAL TALE-ÊòüÁïåÁ•ûË©±,2591210
,Car Mechanic Simulator 2021 - Rims DLC,2721070
,Summoners War,2426960
,Noxious Weeds,2429310
,Momodora: Moonlit Farewell,1747760
,ONE PIECE: PIRATE WARRIORS 4 Koby's Combat Chronicle & Soul Map 2,2617310
,ONE PIECE: PIRATE WARRIORS 4 One Piece Film: Red Anime Song Pack,2469232
,Hero Siege - Butcher Class,2735920
,Cult of the Lamb: Sinful Pack,2646130
,ÈïñË°åÂ§©‰∏ã,2743650
,No Case Should Remain Unsolved,2676840
,The Last Flame,1830970
,Fling to the Finish,1054430
,The Sims‚Ñ¢ 4 Goth Galore Kit,2727380
,Three Kingdoms Zhao Yun,2201710
,Kebab Chefs! - Restaurant Simulator,1001270
,The Universim,352720
,Yi Xian: The Cultivation Card Game,1948800
,Remnant Records,1916310
,Êó†ÁïèËà∞ÈòüÔºöÁÇÆÁÅ´Êàò‰∫âÔºàNoah City:Rise of the conquerorÔºâ,2676820
,Apollo Justice: Ace Attorney Trilogy,2187220
,Atelier Resleriana: Forgotten Alchemy and the Polar Night Liberator,2594920
,Like a Dragon: Infinite Wealth,2072450
,Like a Dragon: Infinite Wealth - Assorted Outfit Bundle,2562830
,Like a Dragon: Infinite Wealth - Master Vacation Bundle,2562820
,Like a Dragon: Infinite Wealth - Special Job Set,2562860
,Oblivion Override,1952370
,SCUM Vehicle Skins Pack,2651720
,Kagura Genesis: Kuon's Story,2668840
,Minimalist Tower Defense,2617400
,Paper Lily - Chapter 1,2220360
,Remnant Records - Supporter Pack,2781130
,Supporter Pack of Minimalist Tower Defense,2786790
,Tomorrow's Love Puzzle,2726890
,TryAndLove,2715590
,Poppy Playtime - Chapter 3,2555190
,ÊàëÁöÑÂπªÊÉ≥‰π°-Á•ûÂâëËΩ©ËæïÔºàXuan Yuan SwordÔºâ,2804350
,ÊåÇÂß¨ÊÅ∂È≠î IDLE DEVILS,2226700
,Eastward - Octopia,2305370
,Love n Life: Lucky Teacher,2445340
,Murders on the Yangtze River,1746030
,Granblue Fantasy: Relink,881020
,Kalpa of Sword,2739600
,Last Train Home ‚Äì Legion Tales,2617710
,Âè§ÈæôÈ£é‰∫ëÂΩï,2340650
,Suicide Squad: Kill the Justice League,315210
,ÂèçËΩ¨21ÂÖã,2685620
,Love Is All Around-Love In The Room,2670930
,Tales of Spark,2165390
,TalesOfSpark - Dragon-Horse Spirit,2818000
,ÈªÑÊØõÊºÇÊµÅËÆ∞,2535770
,Exotica: Petshop Simulator,2138580
,Vampire: The Masquerade - Justice,2431700
,River Town Factory,2281410
,WitchHand,2420880
,HELLDIVERS‚Ñ¢ 2,553850
,"Fate/Samurai Remnant - Additional Episode 1 ""Record's Fragment: Keian Command Championship""",2494230
,100 Ninja Cats,2776810
,100 Ninja Cats - Extra Content,2815970
,Cats Hidden in Georgia,2485180
,Touhou Mystia's Izakaya DLC5 Pack - Makai & Lunar Capital,2399331
,ASTLIBRA Gaiden: The Cave of Phantom Mist,2669360
,Fight Crab 2,2457580
,Malignant Survivors,2783610
,News Tower,1649950
,SpellForce: Conquest of Eo - Demon Scourge,2681600
,Stronghold: Definitive Edition - Swine's Bay Campaign,2727990
,Ultros,2386310
,Ball-it Hell,1335940
,BlazBlue Entropy Effect,2273430
,Deep Rock Galactic: Survivor,2321470
,Deep Rock Galactic: Survivor - Supporter Pack,2782850
,XELAN FORCE,2690610
,Chromosome Evil 2,2529770
,Goat Simulator 3,850190
,Gunship + Gunship 2000,2766090
,Nickelodeon All-Star Brawl 2 Mr. Krabs Brawl Pack,2750040
,Railway Empire 2 - Journey To The East,2517380
,"Warhammer 40,000: Battlesector - T'au",2583910
,NUKITASHI 2,2614070
,ÂêûÈ£üÂ§©Âú∞2ÔºöË™ïÁîüReborn,2396910
,Europa Universalis IV: Sounds from the Community - Kairi Soundtrack Part III,2591320
,Furnish Master,2004080
,Supermarket Simulator,2670630
,Vanity Fair: The Pursuit,2758000
,Feed the Cups,2336220
,Last Epoch,899770
,Myth of Empires,1371580
,Myth of Empires - Dongzhou Map,2817410
,Myth of Empires - Musical Instruments Pack,2817400
,Bootstrap Island,1942110
,Escape Simulator: Magic DLC,2419810
,LurkBait Twitch Fishing,2767520
,Yohane the Parhelion - NUMAZU in the MIRAGE -,2459750
,WITHOUT YOU,2793690
,Cats and Seek : Dino Park,2729000
,Tunguska: Slaughterhouse,2692830
,Dark Elf Historia,2492730
,Forza Horizon 5 European Automotive Car Pack,2814020
,"PowerWash Simulator ‚Äì Warhammer 40,000 Special Pack",2593910
,Primitive Society Simulator,1876880
,The Lost Village - (Fantasy) Ê¨°ÂÖÉÂÖ•‰æµÊâ©Â±ïÂåÖ,2850340
,Minami Lane,2678990
,Spiritfall,1835240
,Astral Party,2622000
,ÊµÅ‰∫°ÈªØÈÅì,2855560
,Crusader Kings III: Legends of the Dead,2671060
,Night of the Dead - Civilian Combatant Pack,2778020
,Night of the Dead - White Collar Civilian Pack,2778030
,Only Up !,2842590
,Classified: France '44,2085370
,The Outlast Trials,1304930
,Warface: Clutch ‚Äî Engineer Starter Pack,2807060
,Warface:¬†Clutch ‚Äî Rifleman Starter Pack,2807040
,100 March Cats,2845260
,100 March Cats - Artbook,2867640
,100 March Cats - Extra Content,2867630
,Hairdresser Simulator,1330560
,Paramnesia: Escape Together,1879400
,REVEIL,809060
,Command & Conquer Red Alert‚Ñ¢ 2 and Yuri‚Äôs Revenge‚Ñ¢,2229850
,"Command & Conquer Red Alert‚Ñ¢, Counterstrike‚Ñ¢ and The Aftermath‚Ñ¢",2229840
,Command & Conquer Renegade‚Ñ¢,2229890
,Command & Conquer‚Ñ¢ and The Covert Operations‚Ñ¢,2229830
,Command & Conquer‚Ñ¢ Generals,2229870
,Command & Conquer‚Ñ¢ Generals Zero Hour,2732960
,Command & Conquer‚Ñ¢ Tiberian Sun‚Ñ¢ and Firestorm‚Ñ¢,2229880
,Country Pack - Hearts of Iron IV: Trial of Allegiance,2695150
,Dungeon Keeper‚Ñ¢ 2,2616460
,Liminal Border Part II,2730350
,Snufkin: Melody of Moominvalley,1808680
,Taxi Life: A City Driving Simulator,1351240
,Time to Morp,977510
,Wizard with a Gun - Bounty Hunter Pack,2493641
,SUMMERHOUSE,2533960
,United Penguin Kingdom,2635350
,Ship Graveyard Simulator 2 - Steel Giants DLC,2504670
,Stellar Settlers: Space Base Builder,2628570
,Proud To Love,2744150
,Saving Mrs. Hinako,2626240
,Dune: Imperium,1689500
,Age of Empires II: Definitive Edition - Victors and Vanquished,2805510
,SCUM Raymond Cruz Character Pack,2841840
,Outcast - A New Beginning,1013140
,Portal Dungeon - Character Pack - Hamster,2860320
,Alone in the Dark,1310410
,Shumo,2746910
,Warhammer Age of Sigmar: Realms of Ruin - Gaunt Summoner,2744280
,"Warhammer Age of Sigmar: Realms of Ruin - Kurdoss Valentian, The Craven King",2744270
,Gas Station Simulator - Tidal Wave DLC,2600880
,Horizon Forbidden West‚Ñ¢ Complete Edition,2420110
,Tchia,1496590
,Climber Animals: Together,2744880
,Dragon's Dogma 2,2054970
,Kakuriyo Village ~Moratorium of Adolescence~,2326590
,Miss Neko: Pirates,2695270
,Reverse Collapse: Code Name Bakery,1127700
,Reverse Collapse: Code Name Bakery-Deluxe Edition Upgrade Pack,2849110
,TerraTech Worlds,2313330
,[Chilla's Art] Shinkansen 0 | Êñ∞ÂππÁ∑ö 0Âè∑,2793370
,Living With Sister: Monochrome Fantasy,2429860
,ENDER MAGNOLIA: Bloom in the Mist,2725260
,Journey to the West Survivor,2450100
,Lost:Antinomy,2521180
,Seduction of Beauty,2733530
,SENTRY,1252680
,Arma 3 Creator DLC: Reaction Forces,2647760
,Forza Horizon 5 Acceleration Car Pack,2868420
,Outpost: Infinity Siege,1566690
,SOUTH PARK: SNOW DAY!,1214650
,The Settlers: New Allies,2750080
,Casual Mahjong,2829320
,Necrosmith 2,2277320
,To Be In Love With Girls Group,2817530
,Maniac,1482380
,Myth of Empires - Royal Carriages Pack,2893560
,Voice Love on Air,2321120
,Beltmatic,2674590
,"Knowledge, or know Lady",2786680
,Cats of the Qing Dynasty,2887320
,Nightmare: The Lunatic,1842730
,Firestone: Online Idle RPG,1013320
,ARK: Bob's Tall Tales,2881150
,ASTRA: Knights of Veda,2484250
,Holy Maid Academy,2680250
,Pixel Gun 3D - Dark Fire Set,2869460
,Pixel Gun 3D - RGB Hero Set DLC,2856270
,Pixel Gun 3D: PC Edition,2524890
,Seifuku Kanojo,2673490
,Twilight Survivors,2788310
,Anonymous Hacker Simulator,2487060
,Kitchen Crisis,2118250
,Pathless Woods,1726130
,QUIT TODAY,1858450
,Touhou¬†Hero¬†of¬†Ice¬†Fairy,1955830
,Buckshot Roulette,2835570
,Bug Heroes: Tower Defense,2563690
,Knock'Em Out,2192900
,Sinister Night 2,2761670
,SteamWorld Build Mechanized DLC,2744630
,SILENT BREATH,2796180
,Sons of Valhalla,1409830
,Spirit City: Lofi Sessions,2113850
,The Lost Village,1963040
,Gigantic: Rampage Edition,1924490
,Incursion Red River,2116120
,Laysara: Summit Kingdom,1823950
,The Planet Crafter,1284190
,Infection Free Zone,1465460
,Let's School - Water Towns Furniture Pack,2802470
,RimWorld - Anomaly,2380740
,Aiyana,1182860
,Dusk Pub,1974520
,Dusk Pub - OST,2880100
,HAELE 3D - Feet Poses Pro - Drawing References,2327780
,The Game of Sisyphus,2904890
,Island of Penance,1287130
,LipTrip ~My Boss Is My Heat Suppressant?!~,2793290
,POWERNAUT DECAY,2650320
,Survisland / ÂÆûÂ¢ÉÊ±ÇÁîü,839630
,Kill It With Fire 2,2357000
,Cats in the Ancient City of Gu Su,2896980
,No Rest for the Wicked,1371980
,Sker Ritual,1492070
,Sker Ritual - Headless Wanderer,2695180
,Sker Ritual - Murder Express,2702210
,‰∏ã‰∏ÄÁ´ôÊ±üÊπñ‚Ö°,1606180
,‰∏ã‰∏ÄÁ´ôÊ±üÊπñ‚Ö°-DLC„ÄäÊ±üÊπñÂ¶ÇÊ¢¶„Äã,2905470
,Internet Cafe Evolution,2600600
,The Shell Part II: Purgatorio,2712550
,Sheryl ~The Alchemist of the Island Ruins~,2787300
,SimRail - The Railway Simulator: Cargo Pack,2868050
,Swarm Grinder,1375900
,Sweet Transit,1612770
,Banana,2923300
,Bellwright,1812450
,Eiyuden Chronicle: Hundred Heroes,1658280
,Fatermyth,2530420
,Forza Horizon 5 Apex Allstars Car Pack,2894270
,Remnant II¬Æ - The Forgotten Kingdom,2384074
,The Hungry Lamb: Traveling in the Late Ming Dynasty,2593370
,April 24th,2907190
,MEGATON MUSASHI W: WIRED,2450450
,Oddsparks: An Automation Adventure,1817800
,Rotwood,2015270
,The Last Spell - Dwarves of Runenberg,2795980
,Urbek City Builder - Trains,2696580
,ÈïúËä±È•¥ÊÉÖ Mirage Sugar Acacia,2404110
,Absolute Fear -AOONI- / ÊúÄÊÅê -ÈùíÈ¨º-,2889120
,Another Crab's Treasure,1887840
,Meta-Ghost: The Breaking Show,2507980
,Starward,2764370
,Virtua Unlimited Project,1934030
,Wishful Journey:Love Across Time,2867510
,Cats Hidden in China,2608040
,Manor Lords,1363080
,Nordic Ashes: Survivors of Ragnarok,2068280
,Ocean Punk,1883840
,Rusty's Retirement,2666510
,Rusty's Retirement - Supporter Pack,2943560
,Staffer Reborn,2658920
,TopSpin 2K25,1785650
,ÂÆöÂà∂Â•≥Âèã,2791020
,Echoes of the Plum Grove,1536090
,Creator of Another World,2761610
,Firefighter Connor,2384920
,FRONT MISSION 2: Remake,2865440
,Gray Zone Warfare,2479810
,PARA‚ô∞BELLUM ~ È≠îÂºπÂ∏ïËèà,1153150
,Planet Zoo: Barnyard Animal Pack,2837730
,Stronghold: Definitive Edition - Valley of the Wolf Campaign,2728000
,Taimanin Yukikaze,2739700
,Total War: WARHAMMER III - Elspeth ‚Äì Thrones of Decay,2325832
,Total War: WARHAMMER III - Malakai ‚Äì Thrones of Decay,2891710
,Total War: WARHAMMER III - Tamurkhan ‚Äì Thrones of Decay,2891700
,XiuzhenWorld / ‰øÆÁúü‰∏ñÁïå,2868430
,My Island,1004270
,Hexguardian,2381740
,Mashiroiro Symphony HD -Sana Edition-,2737980
,MotoGP‚Ñ¢24 - Nolan Helmet Liveries,2788970
,MotoGP‚Ñ¢24 - Test Suits,2788980
,Sift Heads Cartels,2910320
,Chill Pulse,2826180
,Chrono Ark,1188930
,Chrono Ark - Summer Twilight,2780000
,Cozy Space Survivors,2657850
,Mareld,2336580
,Call of Duty Endowment (C.O.D.E.) Knight Recon: Tracer Pack,2795080
,Car Mechanic Simulator 2021 - Jeep | RAM Remastered DLC,2889700
,Plushie from the Sky,1679510
,Farm Together 2,2418520
,Path of Achra,2128270
,Stellaris: The Machine Age,2840100
,Call of Duty¬Æ: Modern Warfare¬Æ III - Tracer Pack: Trash Talk 2.0 Ultra Skin Pro Pack,2783780
,Expansion - Europa Universalis IV: Winds of Change,2854750
,V Rising - Legacy of Castlevania Premium Pack,2833600
,1000xRESIST,1675830
,ANIMAL WELL,813230
,"Little Kitty, Big City",1177980
,Rabbit and Steel,2132850
,The Bridge Curse 2: The Extrication,2331330
,Vampire Survivors: Operation Guns,2887680
,Ê∑±Ê∏ä‰∏éÂú∞‰∏ãÂüé,2867410
, Promise with My Sister,2843130
,Cyber Manhunt 2: New World - The Hacking Simulator,2421410
,Sacred XÔºöHeavens Wonderland,2857890
,Enishia and the Binding Brand,2582650
,Real Dive World,2337090
,Fabledom,1651560
,Gatekeeper,2106670
,"Braid, Anniversary Edition",499180
,Dread Delusion,1574240
,ROBOBEAT,1456760
,SAMURAI WARRIORS 4 DX,2719200
,"Across the Obelisk: Nenukil, the Engineer",2879680
,Across the Obelisk: The Obsidian Uprising,2879690
,Men of War II,1128860
,MULLET MADJACK,2111190
,WWE 2K24 ECW Punk Pack,2528460
,Archean,2941660
,Arctic Eggs,2763670
,Ghost of Tsushima DIRECTOR'S CUT,2215430
,Jurassic World Evolution 2: Park Managers' Collection Pack,2897800
,RUNGORE,2113040
,Shoot To Pleasure,2952020
,GigaBash - Godzilla: Nemesis DLC,2920450
,Internet Cafe & Supermarket Simulator 2024,2738380
,Êí©Â¶πÊ®°ÊãüÂô®ÔºöÊ∏£Áî∑ÁöÑÁßòÂØÜ,2719190
,Forsaken Quartet,2377410
,A Tower Full of Cats,2179170
,Astro Miner,2751340
,Coffee Caravan,2649080
,Office Life,1360810
,Songs of Conquest,867210
,Songs of Conquest - Digital Artbook,2977420
,ÂΩ∑Âæ®‰πãË°ó The Street of Adrift,1672670
,Cats,2977660
,Love Chase,2812850
,Paper Trail,1889740
,Senua‚Äôs Saga: Hellblade II,2461850
,Tiny Breakers Camp,2619900
,Viking Rise: Valhalla,2819520
,Euro Truck Simulator 2 - JCB Equipment Pack,2780800
,WARNO,1611600
,Besiege: The Splintered Sea,2165710
,Esports Godfather,1278540
,Idle Fishing,2725560
,Lucky Island,2195650
,Witch's Doll,2892000
,Â•≥Á•û‰øùÂç´Êàò,2933180
,Doki Doki AI Interrogation,2844700
,Cats of the Tang Dynasty,2950100
,Stellar Initiative,2529080
,The Leviathan's FantasyÔºàÊ≠¶Â£´‰∏éÈò¥Èò≥Â∏àÔºâ,2936110
,It Takes Two Friend's Pass,2995920
,Nine Sols,1809540
,Êó∂Á©∫‰º†ËØ¥Ôºö‰Ω£ÂÖµÁéãÊàòËÆ∞,2514680
,Folie Fatale,2734450
,Sakura Hime 4,2070850
,Sift Heads Legendary Pack,2962620
,Trans-Siberian Railway Simulator,998400
,Â§¢ÂπªÂõõÈ©ÖËªä,2631170
,ContractVille,2698780
,F1¬Æ 24,2488620
,Night of the Dead,1377380
,PILGRIM,2965660
,Platform 8,2903560
,Soulmask,2646460
,Fallen Saint Yhoundeh,2864860
,Mirror of Heaven,2180340
,Sisters: Last Day of Summer,2781750
,‰∏âÂõΩÂæàÂøô-0.1Áâà,2814650
,Destiny 2: Echoes Silver Bundle,2218003
,Destiny 2: The Final Shape,2336880
,Need for Speed‚Ñ¢ Unbound - Vol.6 Dynamic Catch-Up Pack,2856160
,Songs of Silence,2195410
,ARK Fantastic Tames - Pyromane,2972680
,Fishing Planet: Japan Odyssey Pack,2922540
,Fishing Planet: Ocean Voyager Pack,2922530
,Construction Simulator - Stadium Expansion,2657390
,Bodycam,2406770
,Empires of the Undergrowth,463530
,Miko Sniper,2971440
,Sore wa Maichiru Sakura no You ni -Re:BIRTH-,2754170
,Street Fighter‚Ñ¢ 6 - Year 2 Character Pass,2825190
,Street Fighter‚Ñ¢ 6 - Year 2 Ultimate Pass,2825200
,Alice in the Nightmare Land,2583430
,Doom Sweeper,2162680
,FORGE SIMULATOR,2908490
,Hearts of Iron IV: Content Creator Pack - Soviet Union 2D Art,2981720
,Trap Yuri Garden,2183910
,Bloodstained: Ritual of the Night - Classic II: Dominique's Curse,2380803
,Fork Road,2976400
,Wayfinder,1171690
,ËΩ¨ÁîüÊàê‰∏∫Â∞èËèúÈ∏°,3001050
,Boxing GO,2877470
,Cooking Simulator - Sushi,2655000
,KINGDOM HEARTS -HD 1.5+2.5 ReMIX-,2552430
,KINGDOM HEARTS III + Re Mind (DLC),2552450
,The Last Tower - DLC Pack of Minimalist Tower Defense,2992110
,Charming Hearts,2817140
,Legend of Mortal,1859910
,Shin Megami Tensei V: Vengeance,1875830
,The Heroes Around Me,1768470
,Armored Suit Solgante,2914470
,Cyber Assasin,3015120
,Dungeon Digger,3015140
,Crawling Lab,2637070
,Avatar: Frontiers of Pandora‚Ñ¢,2840770
,Cats and Seek : Kyoto,2845320
,Clothing Store Simulator,2923390
,CRUELTY,3011850
,Kyoto - Extra Level - Jigsaw,3009840
,Way of the Hunter - Remington Firearms Pack,2922220
,Angvik 2,2921600
,Be My Horde,2499520
,Crime Boss: Rockay City,2933080
,Forza Horizon 5 Universal Icons Car Pack,2997790
,Go-Go Town!,2195120
,METAL SLUG ATTACK RELOADED,2322440
,Pax Dei: Artisan to Master Upgrade Pack,2919400
,Starship Troopers: Terran Command - Urban Onslaught,2139991
,theHunter: Call of the Wild‚Ñ¢ - Sundarpatan Nepal Hunting Reserve,2869680
,TRADESMAN: Deal to Dealer,2555430
,Èõ™Âá§Â±± Secret Opera,1888060
,Drag and Drop Medieval,3028280
,Goat Simulator 3 - Multiverse of Nonsense,2809180
,Happy Souls,3028300
,Republic of Pirates,2103470
,È£õÂ§©Ê≠∑Èö™2024(Dream Of Mirror Online),2899890
,13F,3031590
,ASKA,1898300
,Deck of Souls,2088770
,Drug Dealer Simulator 2,1708850
,ELDEN RING Shadow of the Erdtree,2778580
,Fae Farm: Skies of Azoria,2678250
,"Fate/Samurai Remnant - Additional Episode 3 ""Record's Fragment: Bailong and the Crimson Demon""",2494250
,Kanon,2850310
,Mannequin,2409260
,Workers & Resources: Soviet Republic,784150
,Workers & Resources: Soviet Republic - Biomes,2499360
,X4: Timelines,2700340
,Coin Factory,2992500
,Fantasy Village Simulator,2712570
,Pet Shop Simulator,2401680
,Shadow Album,2696120
,The Riftbreaker: Heart of the Swamp,2506610
,Legend of the Master Baiter,2864830
,Let's Go! My Harem Farm,2659960
,F*ck the HELL out,3028290
,Dice & Fold,2693930
,KunKun dream Startles the Soul,2808570
,Kunkun Terror Express-Ultimate Fan Edition(upgrade),2930000
,Sakura And The Airyvixen,2710380
,Victoria 3: Sphere of Influence,2411231
,A Little to the Left: Seeing Stars,2828160
,City Bus Manager,1364210
,Emberward,2459550
,Figure Adventure,2996570
,Hero's Adventure - The Great Conquest,2924120
,NYO-NIN-JIMA -My New Life in Charge of a Tropical Island-,2879090
,Real Anime Situation! 2,2361760
,Â•≥Á•ûË©¶ÁÖâ Quest of Goddess,2701770
,I Am Part-time Worker!!,2985930
,Sarah's Adventure: Time Travel,2994430
,Let's School - Magical Castles Furniture Pack,2901410
,Love Quiz Battle: LoveLove Quiz,3016980
,My Special Summer Vacation 2,2923560
,Myth of Empires - Hellenic Civilization Pack,3042590
,Oh Deer,2708450
,Pizza Hero,2202770
,Wandering Sword - Mount Pack: Majestic Steeds,3027840
,„Éá„É•„Ç®„Éõ„É≠ (DUEHOLO),2996280
,PowerWash Simulator ‚Äì Alice‚Äôs Adventures Special Pack,2736310
,The Leviathan's Fantasy-Mechanical Crisis,3068200
,KunKun dream Startles the Soul-Kunkunzi,3033330
,Scourge Of War - Remastered,2205330
,Happy Sheepies,2860450
,Ark of Charon,2827810
,Princess Maker 2 Regeneration,2311530
,Time Treker,2776500
,Touhou: New World - Gensokyo Dreaming,3010750
,Hamster Playground,1442670
,Way of the Hunter - Kawasaki UTV Pack,2922210
,Eternal Escape: castle of shadows,3016090
,ZOMBIE RAID: No One Survives,688540
,Áõ∏‰∫≤ÊîªÁï•‰πãÂÆùË¥ùÂà´ÂÜçÈÄâÊàë‰∫Ü,2958700
,Drive Me Crazy,2918550
,Super Dark Deception,2193720
,ÂøÉÂä®Êª°Â±ã,3002930
,Galactic Glitch,1536620
,NEKO-NIN exHeart SPIN!,2995390
,Supernatural,2093010
,The Crust,1465470
,Dead by Daylight - Tomb Raider Chapter,3024580
,Enlisted,2051620
,Forza Horizon 5 JDM Jewels Car Pack,3051730
,G WARRIOR,2710290
,Gestalt: Steam & Cinder,1231990
,Magical Delicacy,2231190
,The Dark Cave,2758350
,Yaoling: Mythical Journey,2816950
,ÂãæÂÖ´ÁãÇÊÉ≥Êõ≤,2996200
,B≈ç: Path of the Teal Lotus,1614440
,"YEAH! YOU WANT ""THOSE GAMES,"" RIGHT? SO HERE YOU GO! NOW, LET'S SEE YOU CLEAR THEM! 2",2744230
,Chicken Game,2963360
,In Search Of You,2963510
,Norland,1857090
,Oxygen Not Included: The Frosty Planet Pack,2952300
,Superscout,2862610
,Block Tower TD 2,2837350
,Chinese Online Game,1416920
,Dungeon ‚àû Create,2541050
,Dungeonborne - Mithril Satchel,2897620
,Kunitsu-Gami: Path of the Goddess,2510710
,Parfait Remake,2947220
,The Cake,2994080
,Â≠êÂΩí - Blossom,2579280
,ÊÅãÁà±ÂçïÈÄâÈ¢ò,2865490
,Angel Tear: Goddess Betrayed,2420640
,Azure Orphanage,2398590
,SNK VS. CAPCOM SVC CHAOS,2442380
,‰ªôÈÅìÂ≠§ÊóÖ,2209790
,Artisan TD,2224640
,Cataclismo,1422440
,Euro Truck Simulator 2 - Schmitz Cargobull Trailer Pack,2833100
,Guilty Gear -Strive- Season Pass 4,3060720
,Sker Ritual - Dead by Nightfall,3102160
,The Operator,1771980
,DAISY THE SWIMMER,2888830
,F1¬Æ Manager 2024,2591280
,Forgotten Mines,2238630
,Ready or Not: Home Invasion,3015760
,Shift 87,2981650
,The Star Named EOS,1619230
,Thought Experiment Simulator,2696320
,Age of Goblins,2555570
,Bella Wants Blood,3007660
,Call of Duty¬Æ: Modern Warfare¬Æ III - BlackCell (Season 5),2790720
,Dungeon of Erotic Master Plus,2722210
,Farlands,2252680
,Into the Radius 2,2307350
,Let's Minesweeper - Launch Celebration Skin Pack,3100250
,Let's Minesweeper - Mystic East Skin Pack I,3100260
,Let's Minesweeper - Mystic East Skin Pack II,3100270
,Midnight Ramen,2543030
,THE FINALS - Metro Drifter Set,3080260
,Abathor,2295610
,Aooni,2934190
,Dusk City,2973120
,EARTH DEFENSE FORCE 6,2291060
,EARTH DEFENSE FORCE 6 - Ranger Boarding Weapons: Free Bike No. 6,2378070
,EARTH DEFENSE FORCE 6 - Wing Diver Independently Operated Equipment: Handy Saber Type 0,2378078
,Erannorth Renaissance,2657930
,Kingdom Rush 5: Alliance TD,2849080
,Lilja and Natsuka Painting Lies,2840900
,Lost Castle 2,2445690
,Star Conflict - Unknown horizons. Stage two,2993850
,TEKKEN 8 - Lidia Sobieska,2891170
,The Sims‚Ñ¢ 4 Lovestruck Expansion Pack,2815270
,‰∏ã‰∏ÄÁ´ôÊ±üÊπñ‚Ö°-DLC„ÄäËàûÂºÑÂ§™ÊûÅ„ÄãÔºàÁ∫ØÂ§ñËßÇÔºâ,3099590
,Artifact Seeker - DLC 1: The Legacy of Mortia,3065220
,Artifact Seeker: Resurrection,3054610
,Commando Collection,3059010
,Director Simulator,2803060
,Elder Legacy,2669860
,Frontier Hunter: Erza‚Äôs Wheel of Fortune,1429500
,Maitetsu:Last Run!! - Rail Romanesque origin,2702160
,Old Coin Pusher Friends 3,3040390
,Resist the succubus‚ÄîThe end of the female Knight,1868000
,Suppress Academician,3070750
,The Emperor and State,2716930
,The Emperor and State - Supporter Pack,3060960
,Êó†‰ºë‰ªôÈÄî,2654540
,È£éÊµÅÂÖ¨Â≠êromantic young man,2829600
,It was a human.,2484160
,Lots of Cats in Every Moment,3080240
,Lots of Cats in Every Moment: The Whereabouts of the Photo,3080250
,No Creeps Were Harmed TD,1932260
,Astral Ascent - Yamat the Breach Traveler,3073420
,Cats on Duty,2447260
,Ogu and the Secret Forest,1985960
,Pair Horror,3097320
,Raiders of Valhalla,2298620
,STRETCHER MEN,2884650
,Towerful Defense: A Rogue TD,2453610
,Èô§ÈÇ™(CHUXIE),2969160
,Back,2913040
,Gorgon Shield,2446920
,Railway Empire 2 - High Voltage,2677560
,ÁôΩËçäËø¥Âªä,3048530
,BioGun,1219240
,Gym Manager,2337460
,Minds Beneath Us,1610440
,Mini Airways,2289650
,Sword of Convallaria,2526380
,The Fight Of Escaper,1097050
,Broken War,3095270
,Car Manufacture,983380
,hololive Treasure Mountain,2972990
,JIANGHU CHRONICLES,1909840
,Malware,3019370
,SHARK SIEGE - TOGETHER SURVIVAL,2845080
,Sift Heads - Cartels 4,1931380
,Song Of The Prairie,1350840
,Thank Goodness You're Here!,2366980
,ÂÆ∂Â±ãÊé¢Á¥¢ -Japanese House Exploration-,3053390
,Ai Vpet,3029820
,Call of Duty¬Æ: Modern Warfare¬Æ III - Tracer Pack: Underboss Pro Pack,2790710
,Closer the Distance,1991300
,DEVIATOR,2620730
,Nine Tereasures of Liuyin,2949580
,Pixel With Your Friends,1391200
,REAL WEB LEGENDS: Carter's Quest,2409110
,The Battle of Sacred Heart,1964500
,UBOAT,494840
,ÊµÅ„ÇãÊòü -a wish star-,3034450
,Desert Island in Summer?,2346500
,Himegashima Island,2991400
,No Return,1967220
,Outpost 3,3027480
,Asylum Revenge,3084330
,CYGNI: All Guns Blazing,1248080
,That Time I Got Reincarnated as a Slime ISEKAI Chronicles,2197680
,Cat Quest III,2305840
,Black Myth: Wukong,2358720
,Guild Wars 2: Janthir Wilds‚Ñ¢ Expansion,2982320
,GUNDAM BREAKER 4,1672500
,Visions of Mana,2490990
,The Casting of Frank Stone‚Ñ¢,2223840
,Age of Mythology: Retold,1934680
,Ace Attorney Investigations Collection,2401970
,NBA 2K25,2878980
,"Warhammer 40,000: Space Marine 2",2183900
,Professional Baseball Spirits 2024-2025,2051010
,God of War Ragnar√∂k,2322010
,Frostpunk 2,1601580
,Crusader Kings III: Roads to Power,2671070
,EA SPORTS FC‚Ñ¢ 25,2669320
,DRAGON BALL: Sparking! ZERO,1790600
,Metaphor: ReFantazio,2679460
,Call of Duty¬Æ: Black Ops 6,2933620
,Life is Strange: Double Exposure,1874000
,DRAGON QUEST III HD-2D Remake,2701660
